barrier_id,internal_name,watercourse_name,road_name,structure_type,structure_owner,private_owner_details,structure_list_status,assessment_type_completed,reason_for_exclusion,method_of_exclusion,partial_passability,partial_passability_notes,upstream_habitat_quality,constructability,estimated_cost_$,priority,type_of_rehabilitation,rehabilitated_by,rehabilitated_date,estimated_rehabilitation_cost_$,actual_project_cost_$,next_steps,timeline_for_next_steps,lead_for_next_steps,others_involved_in_next_steps,reason,notes,supporting_links,aggregated_crossings_id,modelled_crossing_id,crossing_source,crossing_feature_type,pscis_status,crossing_type_code,crossing_subtype_code,barrier_status,pscis_road_name,pscis_stream_name,pscis_assessment_comment,pscis_assessment_date,transport_line_structured_name_1,rail_track_name,dam_name,dam_height,dam_owner,dam_use,dam_operating_status,utm_zone,utm_easting,utm_northing,blue_line_key,downstream_route_measure,wscode,localcode,watershed_group_code,gnis_stream_name,barriers_anthropogenic_dnstr,barriers_anthropogenic_dnstr_count,barriers_anthropogenic_habitat_wcrp_upstr,barriers_anthropogenic_habitat_wcrp_upstr_count,barriers_ch_cm_co_pk_sk_dnstr,barriers_st_dnstr,barriers_wct_dnstr,ch_spawning_km,ch_rearing_km,ch_spawning_belowupstrbarriers_km,ch_rearing_belowupstrbarriers_km,cm_spawning_km,cm_spawning_belowupstrbarriers_km,co_spawning_km,co_rearing_km,co_rearing_ha,co_spawning_belowupstrbarriers_km,co_rearing_belowupstrbarriers_km,co_rearing_belowupstrbarriers_ha,pk_spawning_km,pk_spawning_belowupstrbarriers_km,sk_spawning_km,sk_rearing_km,sk_rearing_ha,sk_spawning_belowupstrbarriers_km,sk_rearing_belowupstrbarriers_km,sk_rearing_belowupstrbarriers_ha,st_spawning_km,st_rearing_km,st_spawning_belowupstrbarriers_km,st_rearing_belowupstrbarriers_km,wct_spawning_km,wct_rearing_km,wct_spawning_belowupstrbarriers_km,wct_rearing_belowupstrbarriers_km,all_spawning_km,all_spawning_belowupstrbarriers_km,all_rearing_km,all_rearing_belowupstrbarriers_km,all_spawningrearing_km,all_spawningrearing_belowupstrbarriers_km,set_id,total_hab_gain_set,num_barriers_set,avg_gain_per_barrier,dnstr_set_ids,rank_avg_gain_per_barrier,rank_avg_gain_tiered,rank_total_upstr_hab,rank_combined,tier_combined
"1001800009",,,,,,,,,,,,,,,,,,,,,,,,,,,,,"1001800009","1800009",MODELLED CROSSINGS,"ROAD, DEMOGRAPHIC",,CBS,,POTENTIAL,,,,,Lake Kathlyn Rd,,,,,,,"9","615488","6074944","360804808",35.4474019903085,400.431358.338841.321949,400.431358.338841.321949,BULK,Simpson Creek,"58271;58242","2","203122;203126;58213;58245;58261;58263;58287","7",,,,0.274036659022185,0,0,0,0,0,1.74599940071926,2.33,0,0.08,0.08,0,0,0,0,0,0,0,0,0,1.61199940071933,1.61199940071933,0.08,0.08,0,0,0,0,1.75,0.09,2.33,0.08,2.33,0.08,1287702,1.92,"6",0.32,"[ ""884802"", ""884803"" ]",154,352,79,175,D
"1001800031",,,,,,,,,,,,,,,,,,,,,,,,,,,,,"1001800031","1800031",MODELLED CROSSINGS,"ROAD, DEMOGRAPHIC",,CBS,,POTENTIAL,,,,,Omineca Way,,,,,,,"9","653780","6029829","360758470",1877.83896038703,400.431358.629041,400.431358.629041,BULK,Henry Creek,"1001800032;1001800033;1001800034;1001805558","4","1001802242","1",,,,0,0,0,0,0,0,0,1.63,0,0,0.67,0,0,0,0,0,0,0,0,0,0,4.0788760408717,0,0.67,0,0,0,0,0,0,4.08,0.67,4.08,0.67,233052,5.9,"6",0.983333333333333,,97,80,29,46,D
"1001800032",,,,,,,,,,,,,,,,,,,,,,,,,,,,,"1001800032","1800032",MODELLED CROSSINGS,"ROAD, DEMOGRAPHIC",,CBS,,POTENTIAL,,,,,Omineca Cres,,,,,,,"9","653378","6030414","360758470",814.67677034821,400.431358.629041,400.431358.629041,BULK,Henry Creek,"1001800033;1001800034;1001805558","3","1001800031;1001802242","2",,,,0,0,0,0,0,0,0,2.69,0,0,1.06,0,0,0,0,0,0,0,0,0,0,5.14187604087165,0,1.06,0,0,0,0,0,0,5.14,1.06,5.14,1.06,233052,5.9,"6",0.983333333333333,,97,80,29,46,D
"1001800033",,,,,,,,,,,,,,,,,,,,,,,,,,,,,"1001800033","1800033",MODELLED CROSSINGS,"ROAD, DEMOGRAPHIC",,CBS,,POTENTIAL,,,,,Avalon Ave,,,,,,,"9","653323","6030531","360758470",671.516825640781,400.431358.629041,400.431358.629041,BULK,Henry Creek,"1001800034;1001805558","2","1001800031;1001800032;1001802242","3",,,,0,0,0,0,0,0,0,2.84,0,0,0.15,0,0,0,0,0,0,0,0,0,0,5.28487604087169,0,0.14,0,0,0,0,0,0,5.28,0.14,5.28,0.14,233052,5.9,"6",0.983333333333333,,97,80,29,46,D
"1001800034",,,,,,,,,,,,,,,,,,,,,,,,,,,,,"1001800034","1800034",MODELLED CROSSINGS,"ROAD, DEMOGRAPHIC",,CBS,,POTENTIAL,,,,,E Valley Rd,,,,,,,"9","653197","6030987","360758470",114.660822983446,400.431358.629041,400.431358.629041,BULK,Henry Creek,"1001805558","1","1001800031;1001800032;1001800033;1001802242","4",,,,0,0,0,0,0,0,0,3.39,0,0,0.55,0,0,0,0,0,0,0,0,0,0,5.84187604087175,0,0.56,0,0,0,0,0,0,5.84,0.56,5.84,0.56,233052,5.9,"6",0.983333333333333,,97,80,29,46,D
"1001800041",,,,,,,,,,,,,,,,,,,,,,,,,,,,,"1001800041","1800041",MODELLED CROSSINGS,"ROAD, DEMOGRAPHIC",,CBS,,POTENTIAL,,,,,unsigned,,,,,,,"9","644721","6040576","360887375",7519.22361575915,400.431358.515992,400.431358.515992.357220,BULK,Vallee Creek,"57793","1","57786;57801","2",,,,0,0,0,0,0,0,0,4.49,0,0,2.58,0,0,0,0,0,0,0,0,0,0,1.42815566740006,0,1.03,0,0,0,0,0,0,4.49,2.58,4.49,2.58,1445703,2.58,"1",2.58,"[ ""1445702"" ]",42,122,37,74,D
"1001800057",,,,,,,,,,,,,,,,,,,,,,,,,,,,,"1001800057","1800057",MODELLED CROSSINGS,"ROAD, DEMOGRAPHIC",,CBS,,POTENTIAL,,,,,Howells Rd,,,,,,,"9","677178","6042625","360670506",1238.53729075296,400.431358.804876,400.431358.804876.092727,BULK,,"1001800120;1001805586","2",,,"65828960000758",,,0,0,0,0,0,0,0,0,0,0,0,0,0,0,0,0,0,0,0,0,0,1.9077536193286,0,1.91,0,0,0,0,0,0,1.91,1.91,1.91,1.91,655702,3.07,"3",1.02333333333333,,96,79,55,57,D
"1001800120",,,,,,,,,,,,,,,,,,,,,,,,,,,,,"1001800120","1800120",MODELLED CROSSINGS,"ROAD, DEMOGRAPHIC",,CBS,,POTENTIAL,,,,,Hwy 16 E,,,,,,,"9","676701","6042015","360670506",380.745231828947,400.431358.804876,400.431358.804876.072031,BULK,,"1001805586","1","1001800057","1",,,,0,0,0,0,0,0,0,0,0,0,0,0,0,0,0,0,0,0,0,0,0,2.76575327749377,0,0.86,0,0,0,0,0,0,2.77,0.86,2.77,0.86,655702,3.07,"3",1.02333333333333,,96,79,55,57,D
"1001800126",,,,,,,,,,,,,,,,,,,,,,,,,,,,,"1001800126","1800126",MODELLED CROSSINGS,"ROAD, DEMOGRAPHIC",,CBS,,POTENTIAL,,,,,Hwy 16,,,,,,,"9","606440","6100579","360467487",321.658659236706,400.431358.181726.071469,400.431358.181726.071469,BULK,,"1001800411","1","1001803307;1001803313;1024742362;124164;124165","5",,,,0,0,0,0,0,0,0,2.94,0,0,0.15,0,0,0,0,0,0,0,0,0,0,2.94199999999994,0,0.15,0,0,0,0,0,0,2.94,0.15,2.94,0.15,671502,2.96,"7",0.422857142857143,,146,248,58,145,D
"1001800145",,,,,,,,,,,,,,,,,,,,,,,,,,,,,"1001800145","1800145",MODELLED CROSSINGS,"ROAD, DEMOGRAPHIC",,CBS,,POTENTIAL,,,,,Riverside Dr,,,,,,,"9","619738","6072026","360691354",155.949832618554,400.431358.348838,400.431358.348838,BULK,Dahlie Creek,,"0",,,,,,0,0,0,0,0,0,0,0.4,0,0,0.4,0,0,0,0,0,0,0,0,0,0,0.402999999999883,0,0.4,0,0,0,0,0,0,0.4,0.4,0.4,0.4,11852,0.4,"1",0.4,,147,251,196,180,D
"1001800182",,,,,,,,,,,,,,,,,,,,,,,,,,,,,"1001800182","1800182",MODELLED CROSSINGS,"ROAD, DEMOGRAPHIC",,CBS,,POTENTIAL,,,,,Hwy 16 W,,,,,,,"9","689524","6032379","360881751",305.120704510652,400.431358.954488,400.431358.954488,BULK,,"197967","1",,,,,,0,0,0,0,0,0,0,0.56,0,0,0.56,0,0,0,0,0,0,0,0,0,0,0,0,0,0,0,0,0,0,0,0.56,0.56,0.56,0.56,248852,0.56,"1",0.56,"[ ""1406202"" ]",131,167,169,151,D
"1001800186",,,,,,,,,,,,,,,,,,,,,,,,,,,,,"1001800186","1800186",MODELLED CROSSINGS,"ROAD, DEMOGRAPHIC",,CBS,,POTENTIAL,,,,,Day Lake Rd,,,,,,,"9","677990","6032188","360644208",1916.07482289264,400.431358.820938.600233,400.431358.820938.600233,BULK,,,"0",,,,,,0,0,0,0,0,0,0,0.94,0,0,0.94,0,0,0,0,0,0,0,0,0,0,0,0,0,0,0,0,0,0,0,0.94,0.94,0.94,0.94,252802,0.94,"1",0.94,,101,83,141,114,D
"1001800190",,,,,,,,,,,,,,,,,,,,,,,,,,,,,"1001800190","1800190",MODELLED CROSSINGS,"ROAD, DEMOGRAPHIC",,CBS,,POTENTIAL,,,,,Meanwhile Rd,,,,,,,"9","678583","6041124","360783129",1133.58829103084,400.431358.813490,400.431358.813490,BULK,,,"0","1001800192;1001800358","2",,,,0,0,0,0,0,0,0,2.58,0,0,0.04,0,0,0,0,0,0,0,0,0,0,2.44198817859503,0,0.04,0,0,0,0,0,0,2.58,0.04,2.58,0.04,276502,2.58,"3",0.86,,107,87,68,71,D
"1001800192",,,,,,,,,,,,,,,,,,,,,,,,,,,,,"1001800192","1800192",MODELLED CROSSINGS,"ROAD, DEMOGRAPHIC",,CBS,,POTENTIAL,,,,,Montgomery Rd,,,,,,,"9","679043","6041458","360783129",1784.37663335088,400.431358.813490,400.431358.813490,BULK,,"1001800358;1001800190","2",,,,,,0,0,0,0,0,0,0,1.93,0,0,1.93,0,0,0,0,0,0,0,0,0,0,1.79198817859511,0,1.79,0,0,0,0,0,0,1.93,1.93,1.93,1.93,276502,2.58,"3",0.86,,107,87,68,71,D
"1001800217",,,,,,,,,,,,,,,,,,,,,,,,,,,,,"1001800217","1800217",MODELLED CROSSINGS,"ROAD, DEMOGRAPHIC",,CBS,,POTENTIAL,,,,,North Bulkley Post Office Rd,,,,,,,"9","661604","6039235","360715988",720.050399802754,400.431358.703254,400.431358.703254.048478,BULK,McInnes Creek,"1001805591","1","197655","1",,,,0,0,0,0,0,0,0,0.46,0,0,0.32,0,0,0,0,0,0,0,0,0,0,0.456000000000058,0,0.31,0,0,0,0,0,0,0.46,0.32,0.46,0.32,15802,0.54,"2",0.27,,161,264,159,170,D
"1001800222",,,,,,,,,,,,,,,,,,,,,,,,,,,,,"1001800222","1800222",MODELLED CROSSINGS,"ROAD, DEMOGRAPHIC",,CBS,,POTENTIAL,,,,,Bellicini Rd,,,,,,,"9","658067","6036339","360826607",704.433116594076,400.431358.669545,400.431358.669545,BULK,,"1001800226;1001805563","2","3086","1",,,,0,0,0,0,0,0,0,1.26,0,0,1.26,0,0,0,0,0,0,0,0,0,0,1.69741253117168,0,1.49,0,0,0,0,0,0,1.7,1.5,1.7,1.5,643852,2.05,"3",0.683333333333333,,116,94,80,82,D
"1001800224",,,,,,,,,,,,,,,,,,,,,,,,,,,,,"1001800224","1800224",MODELLED CROSSINGS,"ROAD, DEMOGRAPHIC",,CBS,,POTENTIAL,,,,,Hwy 16 E,,,,,,,"9","656184","6035496","360817924",647.487551783726,400.431358.662827,400.431358.662827,BULK,Raspberry Creek,"1001805561","1","1001800446","1",,,,0,0,0,0,0,0,0,0.24,0,0,0.24,0,0,0,0,0,0,0,0,0,0,0.862000000000003,0,0.24,0,0,0,0,0,0,0.86,0.23,0.86,0.23,23702,0.71,"2",0.355,,152,256,112,159,D
"1001800225",,,,,,,,,,,,,,,,,,,,,,,,,,,,,"1001800225","1800225",MODELLED CROSSINGS,"ROAD, DEMOGRAPHIC",,CBS,,POTENTIAL,,,,,Hwy 16 E,,,,,,,"9","656608","6035822","360648877",173.251339802885,400.431358.664042,400.431358.664042,BULK,,,"0","1001800560;1001801157","2",,,,0,0,0,0,0,0,0,0,0,0,0,0,0,0,0,0,0,0,0,0,0,1.37699999999996,0,0.49,0,0,0,0,0,0,1.38,0.49,1.38,0.49,59252,0.49,"1",0.49,,139,237,110,155,D
"1001800226",,,,,,,,,,,,,,,,,,,,,,,,,,,,,"1001800226","1800226",MODELLED CROSSINGS,"ROAD, DEMOGRAPHIC",,CBS,,POTENTIAL,,,,,Hwy 16 E,,,,,,,"9","658055","6036151","360826607",509.203584266441,400.431358.669545,400.431358.669545,BULK,,"1001805563","1","1001800222;3086","2",,,,0,0,0,0,0,0,0,1.46,0,0,0.2,0,0,0,0,0,0,0,0,0,0,1.89241253117182,0,0.2,0,0,0,0,0,0,1.89,0.19,1.89,0.19,643852,2.05,"3",0.683333333333333,,116,94,80,82,D
"1001800235",,,,,,,,,,,,,,,,,,,,,,,,,,,,,"1001800235","1800235",MODELLED CROSSINGS,"ROAD, DEMOGRAPHIC",,CBS,,POTENTIAL,,,,,Equity Mine Rd,,,,,,,"9","659111","6023721","360760744",751.048828698821,400.431358.623573.083900.336650,400.431358.623573.083900.336650,BULK,,,"0",,,"66732880002994",,,0,0,0,0,0,0,0,0,0,0,0,0,0,0,0,0,0,0,0,0,0,2.43951462093075,0,2.44,0,0,0,0,0,0,2.44,2.44,2.44,2.44,35552,2.44,"1",2.44,,46,38,73,48,D
"1001800248",,,,,,,,,,,,,,,,,,,,,,,,,,,,,"1001800248","1800248",MODELLED CROSSINGS,"ROAD, DEMOGRAPHIC",,CBS,,POTENTIAL,,,,,Equity Mine Rd,,,,,,,"9","667633","6018845","360653550",541.922070657253,400.431358.623573.718570.725699,400.431358.623573.718570.725699,BULK,,"1001801076","1",,,,,,0,0,0,0,0,0,0,0,0,0,0,0,0,0,0,0,0,0,0,0,0,0.304562742117154,0,0.304562742117154,0,0,0,0,0,0,0.3,0.3,0.3,0.3,86902,0.5,"2",0.25,,163,269,179,181,D
"1001800263",,,,,,,,,,,,,,,,,,,,,,,,,,,,,"1001800263","1800263",MODELLED CROSSINGS,"ROAD, DEMOGRAPHIC",,CBS,,POTENTIAL,,,,,Wakefield Rd,,,,,,,"9","639995","6053418","360778428",2358.47818051511,400.431358.478149.059836,400.431358.478149.059836,BULK,,"1001801373;1001802819;123388;123389","4",,,,,,0,0,0,0,0,0,0,0.24,0,0,0.24,0,0,0,0,0,0,0,0,0,0,0.944444004252018,0,0.94,0,0,0,0,0,0,1.18,1.18,1.18,1.18,714952,2.89,"5",0.578,,128,103,60,76,D
"1001800311",,,,,,,,,,,,,,,,,,,,,,,,,,,,,"1001800311","1800311",MODELLED CROSSINGS,"ROAD, DEMOGRAPHIC",,CBS,,POTENTIAL,,,,,Old Babine Lake Rd,,,,,,,"9","631601","6074994","360525889",442.6418332019,400.431358.319200.259997.341415,400.431358.319200.259997.341415,BULK,,,"0",,,,,,0,0,0,0,0,0,0,0.3,0,0,0.3,0,0,0,0,0,0,0,0,0,0,1.35108532482572,0,1.35108532482572,0,0,0,0,0,0,1.65,1.65,1.65,1.65,272552,1.65,"1",1.65,,64,51,100,69,D
"1001800358",,,,,,,,,,,,,,,,,,,,,,,,,,,,,"1001800358","1800358",MODELLED CROSSINGS,"ROAD, DEMOGRAPHIC",,CBS,,POTENTIAL,,,,,Hwy 16 W,,,,,,,"9","678625","6041129","360783129",1175.54324890626,400.431358.813490,400.431358.813490,BULK,,"1001800190","1","1001800192","1",,,,0,0,0,0,0,0,0,2.54,0,0,0.61,0,0,0,0,0,0,0,0,0,0,2.39998817859508,0,0.61,0,0,0,0,0,0,2.54,0.61,2.54,0.61,276502,2.58,"3",0.86,,107,87,68,71,D
"1001800361",,,,,,,,,,,,,,,,,,,,,,,,,,,,,"1001800361","1800361",MODELLED CROSSINGS,"ROAD, DEMOGRAPHIC",,CBS,,POTENTIAL,,,,,Rose Lake Cutoff Rd,,,,,,,"9","684375","6031653","360536365",146.036412261945,400.431358.905716,400.431358.905716,BULK,,,"0",,,,,,0,0,0,0,0,0,0,0.23,0,0,0.23,0,0,0,0,0,0,0,0,0,0,0,0,0,0,0,0,0,0,0,0.23,0.23,0.23,0.23,39502,0.23,"1",0.23,,165,272,221,204,D
"1001800384",,,,,,,,,,,,,,,,,,,,,,,,,,,,,"1001800384","1800384",MODELLED CROSSINGS,"ROAD, DEMOGRAPHIC",,CBS,,POTENTIAL,,,,,Hwy 16,,,,,,,"9","603117","6111341","360868720",1491.69099799268,400.431358.127339,400.431358.127339,BULK,,,"0","1001805506","1",,,,0,0,0,0,0,0,0,1.77,0,0,0.54,0,0,0,0,0,0,0,0,0,0,1.63516016503044,0,0.4,0,0,0,0,0,0,2.15,0.54,2.15,0.54,628052,2.15,"2",1.075,,92,77,85,75,D
"1001800403",,,,,,,,,,,,,,,,,,,,,,,,,,,,,"1001800403","1800403",MODELLED CROSSINGS,"ROAD, DEMOGRAPHIC",,CBS,,POTENTIAL,,,,,Sunset Lake Rd,,,,,,,"9","672031","6040692","360875052",2488.16308073931,400.431358.820938.236730,400.431358.820938.236730.129604,BULK,,,"0",,,,,,0,0,0,0,0,0,0,3.69,0,0,3.69,0,0,0,0,0,0,0,0,0,0,0.125527022962357,0,0.13,0,0,0,0,0,0,3.69,3.69,3.69,3.69,47402,3.69,"1",3.69,,29,25,43,28,C
"1001800411",,,,,,,,,,,,,,,,,,,,,,,,,,,,,"1001800411","1800411",MODELLED CROSSINGS,"ROAD, DEMOGRAPHIC",,CBS,,POTENTIAL,,,,,Campbell Rd,,,,,,,"9","606463","6100580","360467487",298.901366237393,400.431358.181726.071469,400.431358.181726.071469,BULK,,,"0","1001800126;1001803307;1001803313;1024742362;124164;124165","6",,,,0,0,0,0,0,0,0,2.96,0,0,0.02,0,0,0,0,0,0,0,0,0,0,2.96499999999993,0,0.02,0,0,0,0,0,0,2.96,0.02,2.96,0.02,671502,2.96,"7",0.422857142857143,,146,248,58,145,D
"1001800423",,,,,,,,,,,,,,,,,,,,,,,,,,,,,"1001800423","1800423",MODELLED CROSSINGS,"ROAD, RESOURCE/OTHER",,CBS,,POTENTIAL,,,,,,,,,,,,"9","597177","6053250","360352939",1097.0040533417,400.431358.415251.544243,400.431358.415251.544243,BULK,,"1001803054;1001801976","2","1001801982","1",,,,0,0,0,0,0,0,0,0.13,0,0,0.09,0,0,0,0,0,0,0,0,0,0,0.132999999999991,0,0.09,0,0,0,0,0,0,0.13,0.09,0.13,0.09,402902,0.77,"4",0.1925,,171,280,151,174,D
"1001800428",,,,,,,,,,,,,,,,,,,,,,,,,,,,,"1001800428","1800428",MODELLED CROSSINGS,"ROAD, RESOURCE/OTHER",,CBS,,POTENTIAL,,,,,,,,,,,,"9","651161","6012267","360737479",3920.33893972606,400.431358.623573.329057,400.431358.623573.329057.394519,BULK,,"197640","1",,,,,,0,0,0,0,0,0,0,0.45,0,0,0.45,0,0,0,0,0,0,0,0,0,0,0,0,0,0,0,0,0,0,0,0.45,0.45,0.45,0.45,1204753,0.45,"1",0.45,"[ ""1204752"" ]",142,308,188,206,D
"1001800446",,,,,,,,,,,,,,,,,,,,,,,,,,,,,"1001800446","1800446",MODELLED CROSSINGS,"ROAD, RESOURCE/OTHER",,CBS,,POTENTIAL,,,,,,,,,,,,"9","655982","6035607","360817924",883.403794941287,400.431358.662827,400.431358.662827,BULK,Raspberry Creek,"1001800224;1001805561","2",,,,,,0,0,0,0,0,0,0,0,0,0,0,0,0,0,0,0,0,0,0,0,0,0.62599999999987,0,0.63,0,0,0,0,0,0,0.63,0.63,0.63,0.63,23703,0.63,"1",0.63,"[ ""23702"" ]",122,201,164,158,D
"1001800472",,,,,,,,,,,,,,,,,,,,,,,,,,,,,"1001800472","1800472",MODELLED CROSSINGS,"ROAD, RESOURCE/OTHER",,OBS,,PASSABLE,,,,,Parrott FSR,,,,,,,"9","678411","6002821","360818820",216.50066348577,400.431358.623573.882933,400.431358.623573.882933,BULK,,,"0",,,,,,0,0,0,0,0,0,0,1.74,0,0,1.74,0,0,0,0,0,0,0,0,0,0,2.76988536033067,0,2.77,0,0,0,0,0,0,2.77,2.77,2.77,2.77,,,,,,,,,,
"1001800502",,,,,,,,,,,,,,,,,,,,,,,,,,,,,"1001800502","1800502",MODELLED CROSSINGS,"ROAD, RESOURCE/OTHER",,CBS,,POTENTIAL,,,,,,,,,,,,"9","681114","6002214","360709657",628.66288735985,400.431358.623573.928841,400.431358.623573.928841,BULK,,,"0",,,,,,0,0,0,0,0,0,0,0,0,0,0,0,0,0,0,0,0,0,0,0,0,2.01100098694451,0,2.01,0,0,0,0,0,0,2.01,2.01,2.01,2.01,288352,2.01,"1",2.01,,57,46,89,58,D
"1001800560",,,,,,,,,,,,,,,,,,,,,,,,,,,,,"1001800560","1800560",MODELLED CROSSINGS,"ROAD, RESOURCE/OTHER",,CBS,,POTENTIAL,,,,,,,,,,,,"9","656582","6036326","360648877",696.564235948351,400.431358.664042,400.431358.664042,BULK,,"1001801157;1001800225","2",,,,,,0,0,0,0,0,0,0,0,0,0,0,0,0,0,0,0,0,0,0,0,0,0.852999999999996,0,0.85,0,0,0,0,0,0,0.85,0.85,0.85,0.85,59253,0.89,"2",0.445,"[ ""59252"" ]",143,309,145,185,D
"1001800587",,,,,,,,,,,,,,,,,,,,,,,,,,,,,"1001800587","1800587",MODELLED CROSSINGS,"ROAD, RESOURCE/OTHER",,CBS,,POTENTIAL,,,,,,,,,,,,"9","664358","6053499","360810755",1883.61047066987,400.431358.763808.706575,400.431358.763808.706575.186361,BULK,,"3054;197663","2",,,,,,0,0,0,0,0,0,0,2.97,0,0,2.97,0,0,0,0,0,0,0,0,0,0,0.764691605774576,0,0.76,0,0,0,0,0,0,3,3,3,3,1433852,4.04,"2",2.02,"[ ""1232402"" ]",56,127,40,79,D
"1001800589",,,,,,,,,,,,,,,,,,,,,,,,,,,,,"1001800589","1800589",MODELLED CROSSINGS,"ROAD, RESOURCE/OTHER",,CBS,,POTENTIAL,,,,,,,,,,,,"9","644165","6110869","360681005",3018.60781752791,400.431358.079962.441999.600348.103680,400.431358.079962.441999.600348.103680,BULK,,"1001800667","1",,,,,,0,0,0,0,0,0,0,0.62,0,0,0.62,0,0,0,0,0,0,0,0,0,0,0.761465154062881,0,0.76,0,0,0,0,0,0,1.13,1.13,1.13,1.13,300203,1.13,"1",1.13,"[ ""300202"" ]",86,137,128,128,D
"1001800621",,,,,,,,,,,,,,,,,,,,,,,,,,,,,"1001800621","1800621",MODELLED CROSSINGS,"ROAD, RESOURCE/OTHER",,CBS,,POTENTIAL,,,,,,,,,,,,"9","678688","6022774","360834901",489.097555643486,400.431358.912160.733347,400.431358.912160.733347,BULK,,,"0",,,,,,0,0,0,0,0,0,0,0,0,0,0,0,0,0,0,0,0,0,0,0,0,1.09584121343038,0,1.1,0,0,0,0,0,0,1.1,1.1,1.1,1.1,292302,1.1,"1",1.1,,90,75,134,103,D
"1001800635",,,,,,,,,,,,,,,,,,,,,,,,,,,,,"1001800635","1800635",MODELLED CROSSINGS,"ROAD, RESOURCE/OTHER",,CBS,,POTENTIAL,,,,,,,,,,,,"9","651510","6020718","360805697",2213.53898561352,400.431358.623573.199391,400.431358.623573.199391.320928,BULK,,,"0",,,,,,0,0,0,0,0,0,0,0,0,0,0,0,0,0,0,0,0,0,0,0,0,0.509604473040752,0,0.51,0,0,0,0,0,0,0.51,0.51,0.51,0.51,296252,0.51,"1",0.51,,136,110,177,137,D
"1001800667",,,,,,,,,,,,,,,,,,,,,,,,,,,,,"1001800667","1800667",MODELLED CROSSINGS,"ROAD, RESOURCE/OTHER",,CBS,,POTENTIAL,,,,,,,,,,,,"9","643295","6109596","360681005",1179.52700806801,400.431358.079962.441999.600348.103680,400.431358.079962.441999.600348.103680,BULK,,,"0","1001800589","1",,,,0,0,0,0,0,0,0,2.82,0,0,2.2,0,0,0,0,0,0,0,0,0,0,1.89099425721325,0,1.13,0,0,0,0,0,0,3.32,2.19,3.32,2.19,300202,2.19,"1",2.19,,52,43,51,38,D
"1001800670",,,,,,,,,,,,,,,,,,,,,,,,,,,,,"1001800670","1800670",MODELLED CROSSINGS,"ROAD, RESOURCE/OTHER",,CBS,,POTENTIAL,,,,,,,,,,,,"9","636760","6058745","360845740",725.728837713474,400.431358.478149.392435,400.431358.478149.392435,BULK,Vanderven Creek,"1001801328;123426","2","124510;195954","2",,,,0,0,0,0,0,0,0,1.01,0,0,1.01,0,0,0,0,0,0,0,0,0,0,5.19974546160875,0,3.98,0,0,0,0,0,0,5.2,3.98,5.2,3.98,304152,3.98,"1",3.98,"[ ""1200802"" ]",26,171,33,100,D
"1001800674",,,,,,,,,,,,,,,,,,,,,,,,,,,,,"1001800674","1800674",MODELLED CROSSINGS,"ROAD, RESOURCE/OTHER",,CBS,,POTENTIAL,,,,,,,,,,,,"9","640663","6110709","360649155",1425.37902432628,400.431358.079962.441999.534151,400.431358.079962.441999.534151,BULK,,,"0",,,,,,0,0,0,0,0,0,0,0,0,0,0,0,0,0,0,0,0,0,0,0,0,0.325002568098086,0,0.33,0,0,0,0,0,0,0.33,0.33,0.33,0.33,308102,0.33,"1",0.33,,153,259,205,188,D
"1001800752",,Tributary to Elwin Lake,Unnamed,Stream crossing - Ford,Unknown,,Excluded structure,Other,Passable,Imagery review,,,,,,,,,,,,,,,,Ford visible on satellite imagery. Could not be reached in the field. ,,,"1001800752","1800752",MODELLED CROSSINGS,"ROAD, RESOURCE/OTHER",,CBS,,POTENTIAL,,,,,,,,,,,,"9","676767","6031209","360846413",15352.0253018579,400.431358.820938,400.431358.820938.600233,BULK,,,"0",,,,,,0,0,0,0,0,0,0,0,0,0,0,0,0,0,0,0.82,0,0,0.82,0,0,0,0,0,0,0,0,0,0,0,0.54,0.54,0.54,0.54,,,,,,,,,,
"1001800807",,,,,,,,,,,,,,,,,,,,,,,,,,,,,"1001800807","1800807",MODELLED CROSSINGS,"ROAD, RESOURCE/OTHER",,CBS,,POTENTIAL,,,,,,,,,,,,"9","673701","6030231","360834459",2264.35905115946,400.431358.691053.628757,400.431358.691053.628757,BULK,,"1001804075","1",,,,,,0,0,0,0,0,0,0,0.39,0,0,0.39,0,0,0,0,0,0,0,0,0,0,0.205987237042564,0,0.21,0,0,0,0,0,0,0.59,0.59,0.59,0.59,833452,1.24,"2",0.62,,123,99,120,108,D
"1001800853",,,,,,,,,,,,,,,,,,,,,,,,,,,,,"1001800853","1800853",MODELLED CROSSINGS,"ROAD, RESOURCE/OTHER",,CBS,,POTENTIAL,,,,,,,,,,,,"9","607420","6034747","360638393",1050.28791901272,400.431358.415251.382286.565350.154865.970896.158190,400.431358.415251.382286.565350.154865.970896.158190.333352,BULK,,"1001800865","1",,,,,,0,0,0,0,0,0,0,0,0,0,0,0,0,0,0,0,0,0,0,0,0,0.149347741378787,0,0.149347741378787,0,0,0,0,0,0,0.15,0.15,0.15,0.15,312052,0.15,"1",0.15,"[ ""316002"" ]",177,333,240,245,D
"1001800865",,,,,,,,,,,,,,,,,,,,,,,,,,,,,"1001800865","1800865",MODELLED CROSSINGS,"ROAD, RESOURCE/OTHER",,CBS,,POTENTIAL,,,,,,,,,,,,"9","606787","6038690","360788848",195.224194145559,400.431358.415251.382286.565350.154865,400.431358.415251.382286.565350.154865,BULK,,,"0","1001800853","1",,,,0.366535495959881,0.366535495959881,0.37,0.37,0,0,0.366535495959881,11.61,0,0.37,11.61,0,0.366535495959881,0.37,0,0,0,0,0,0,0.366535495959881,7.3921241772996,0.37,7.24,0,0,0,0,0.37,0.37,15.25,15.1,15.25,15.1,316002,15.1,"1",15.1,,6,6,9,7,A
"1001800867",,,,,,,,,,,,,,,,,,,,,,,,,,,,,"1001800867","1800867",MODELLED CROSSINGS,"ROAD, RESOURCE/OTHER",,CBS,,POTENTIAL,,,,,,,,,,,,"9","606419","6039228","360561150",273.101422170805,400.431358.415251.382286.565350.123947,400.431358.415251.382286.565350.123947,BULK,,,"0",,,,,,0,0,0,0,0,0,0,0,0,0,0,0,0,0,0,0,0,0,0,0,0,0.225925476956361,0,0.225925476956361,0,0,0,0,0,0,0.23,0.23,0.23,0.23,319952,0.23,"1",0.23,,165,273,219,203,D
"1001800972",,,,,,,,,,,,,,,,,,,,,,,,,,,,,"1001800972","1800972",MODELLED CROSSINGS,"ROAD, RESOURCE/OTHER",,CBS,,POTENTIAL,,,,,,,,,,,,"9","605620","6064836","360880096",847.573507516841,400.431358.415251.212542.610174,400.431358.415251.212542.610174.070433,BULK,,"1001800973","1",,,,,,0,0,0,0,0,0,0,0,0,0,0,0,0,0,0,0,0,0,0,0,0,0.494999999999927,0,0.494999999999927,0,0,0,0,0,0,0.49,0.49,0.49,0.49,323903,0.49,"1",0.49,"[ ""323902"" ]",139,305,182,200,D
"1001800973",,,,,,,,,,,,,,,,,,,,,,,,,,,,,"1001800973","1800973",MODELLED CROSSINGS,"ROAD, RESOURCE/OTHER",,CBS,,POTENTIAL,,,,,,,,,,,,"9","606213","6064936","360880096",235.555278755715,400.431358.415251.212542.610174,400.431358.415251.212542.610174,BULK,,,"0","1001800972;123571","2",,,,0,0,0,0,0,0,0.0806828719367803,0.08,0,0.08,0.08,0,0,0,0,0,0,0,0,0,0,2.57992655505065,0,1.77,0,0,0,0,0.08,0.08,2.58,1.77,2.58,1.77,323902,1.77,"1",1.77,,61,49,69,49,D
"1001800994",,,,,,,,,,,,,,,,,,,,,,,,,,,,,"1001800994","1800994",MODELLED CROSSINGS,"ROAD, RESOURCE/OTHER",,CBS,,POTENTIAL,,,,,,,,,,,,"9","642251","6032739","360882519",1752.55507007264,400.431358.568193,400.431358.568193.126530,BULK,,"123345","1",,,,,,0,0,0,0,0,0,0,0.16,0,0,0.16,0,0,0,0,0,0,0,0,0,0,0.477460054254838,0,0.48,0,0,0,0,0,0,0.48,0.48,0.48,0.48,331802,1.13,"2",0.565,,130,105,130,117,D
"1001800998",,,,,,,,,,,,,,,,,,,,,,,,,,,,,"1001800998","1800998",MODELLED CROSSINGS,"ROAD, RESOURCE/OTHER",,CBS,,POTENTIAL,,,,,,,,,,,,"9","616047","6128045","360758051",528.299093831405,400.431358.079962.421843,400.431358.079962.421843,BULK,,,"0",,,,,,0,0,0,0,0,0,0,0.22,0,0,0.22,0,0,0,0,0,0,0,0,0,0,0.497947556891438,0,0.5,0,0,0,0,0,0,0.5,0.5,0.5,0.5,75052,0.5,"1",0.5,,138,111,180,140,D
"1001801008",,,,,,,,,,,,,,,,,,,,,,,,,,,,,"1001801008","1801008",MODELLED CROSSINGS,"ROAD, RESOURCE/OTHER",,CBS,,POTENTIAL,,,,,,,,,,,,"9","641353","6108774","360489444",463.922015830802,400.431358.079962.441999.591732,400.431358.079962.441999.591732,BULK,,,"0",,,,,,0,0,0,0,0,0,0,0.11,0,0,0.11,0,0,0,0,0,0,0,0,0,0,0,0,0,0,0,0,0,0,0,0.11,0.11,0.11,0.11,79002,0.11,"1",0.11,,181,293,248,228,D
"1001801020",,,,,,,,,,,,,,,,,,,,,,,,,,,,,"1001801020","1801020",MODELLED CROSSINGS,"ROAD, RESOURCE/OTHER",,CBS,,POTENTIAL,,,,,,,,,,,,"9","635917","6108793","360662018",267.884379319163,400.431358.079962.441999.489656.492583.483253,400.431358.079962.441999.489656.492583.483253,BULK,,"1001804239","1",,,,,,0,0,0,0,0,0,0,0,0,0,0,0,0,0,0,0,0,0,0,0,0,0.13013112675316,0,0.13,0,0,0,0,0,0,0.13,0.13,0.13,0.13,82952,0.13,"1",0.13,,179,335,243,248,D
"1001801039",,,,,,,,,,,,,,,,,,,,,,,,,,,,,"1001801039","1801039",MODELLED CROSSINGS,"ROAD, RESOURCE/OTHER",,CBS,,POTENTIAL,,,,,,,,,,,,"9","640202","6111295","360808793",1112.85552243941,400.431358.079962.441999.517711,400.431358.079962.441999.517711.087885,BULK,,,"0",,,,,,0,0,0,0,0,0,0,1.3,0,0,1.3,0,0,0,0,0,0,0,0,0,0,2.68848171940503,0,2.69,0,0,0,0,0,0,2.69,2.69,2.69,2.69,335752,2.69,"1",2.69,,37,32,64,40,D
"1001801050",,,,,,,,,,,,,,,,,,,,,,,,,,,,,"1001801050","1801050",MODELLED CROSSINGS,"ROAD, RESOURCE/OTHER",,CBS,,POTENTIAL,,,,,,,,,,,,"9","589361","6047829","360447627",362.146333161066,400.431358.415251.700137.059930,400.431358.415251.700137.059930,BULK,,,"0",,,,,,0,0,0,0,0,0,0,0.28,0,0,0.28,0,0,0,0,0,0,0,0,0,0,0,0,0,0,0,0,0,0,0,0.28,0.28,0.28,0.28,339702,0.28,"1",0.28,,160,263,210,191,D
"1001801051",,,,,,,,,,,,,,,,,,,,,,,,,,,,,"1001801051","1801051",MODELLED CROSSINGS,"ROAD, RESOURCE/OTHER",,CBS,,POTENTIAL,,,,,,,,,,,,"9","590157","6048869","360873510",811.191922907193,400.431358.415251.698803,400.431358.415251.698803,BULK,,"1001801256","1",,,,,,0,0,0,0,0,0,0,0,0,0,0,0,0,0,0,0,0,0,0,0,0,0.0439999999998334,0,0.04,0,0,0,0,0,0,0.04,0.04,0.04,0.04,343653,0.04,"1",0.04,"[ ""343652"" ]",188,341,262,260,D
"1001801055",,,,,,,,,,,,,,,,,,,,,,,,,,,,,"1001801055","1801055",MODELLED CROSSINGS,"ROAD, RESOURCE/OTHER",,CBS,,POTENTIAL,,,,,,,,,,,,"9","645945","6035574","360876951",3228.3073308036,400.431358.576280,400.431358.576280.147580,BULK,Stock Creek,"195943","1","195944","1",,,,0,0,0,0,0,0,0,0,0,0,0,0,0,0,0,0,0,0,0,0,0,7.16277466520709,0,0.05,0,0,0,0,0,0,7.16,0.05,7.16,0.05,1188952,7.92,"3",2.64,,39,34,22,26,C
"1001801067",,,,,,,,,,,,,,,,,,,,,,,,,,,,,"1001801067","1801067",MODELLED CROSSINGS,"ROAD, RESOURCE/OTHER",,OBS,,PASSABLE,,,,,,,,,,,,"9","653200","6019772","360886221",16313.240226189,400.431358.623573,400.431358.623573.185401,BULK,Buck Creek,,"0","1001800248;1001800428;1001800502;1001800635;1001801076;1001802519;1001803652;1001803657;1001804112;1001804130;1001804409;1001805032;1001805034;1001806279;1001806282;197640;197646;199448;199450;6f9b07a8-166c-4a7a-aeb6-e676d0dcc5f6","20",,,,64.9284532722373,72.1633668395656,64.93,72.16,0,0,84.0673660696731,164.72,0,82.94,164.72,0,65.4670166269431,65.47,6.60054469486515,13.25,0,6.6,13.25,0,65.4232916122148,157.569179568476,65.42,144.09,0,0,0,0,84.07,84.07,216.95,216.95,216.95,216.95,,,,,,,,,,
"1001801069",,,,,,,,,,,,,,,,,,,,,,,,,,,,,"1001801069","1801069",MODELLED CROSSINGS,"ROAD, RESOURCE/OTHER",,OBS,,PASSABLE,,,,,,,,,,,,"9","660327","6037870","360869846",286.65342963019,400.431358.694148,400.431358.694148,BULK,Barren Creek,"197664","1",,,,,,0,0,0,0,0,0,2.5200012637375,2.46,0,2.52,2.46,0,0,0,0,0,0,0,0,0,0,1.60200000000001,0,1.6,0,0,0,0,2.52,2.52,2.52,2.52,2.52,2.52,,,,,,,,,,
"1001801076",,,,,,,,,,,,,,,,,,,,,,,,,,,,,"1001801076","1801076",MODELLED CROSSINGS,"ROAD, RESOURCE/OTHER",,CBS,,POTENTIAL,,,,,,,,,,,,"9","667790","6018958","360653550",345.457631735139,400.431358.623573.718570.725699,400.431358.623573.718570.725699,BULK,,,"0","1001800248","1",,,,0,0,0,0,0,0,0,0,0,0,0,0,0,0,0,0,0,0,0,0,0,0.501562742117153,0,0.2,0,0,0,0,0,0,0.5,0.2,0.5,0.2,86902,0.5,"2",0.25,,163,269,179,181,D
"1001801082",,,,,,,,,,,,,,,,,,,,,,,,,,,,,"1001801082","1801082",MODELLED CROSSINGS,"ROAD, RESOURCE/OTHER",,CBS,,POTENTIAL,,,,,,,,,,,,"9","668026","6044385","360850324",91.1287229189511,400.431358.750602,400.431358.750602,BULK,,,"0",,,,,,0,0,0,0,0,0,0,0.7,0,0,0.7,0,0,0,0,0,0,0,0,0,0,0.822868966341955,0,0.82,0,0,0,0,0,0,1.52,1.52,1.52,1.52,90852,1.52,"1",1.52,,66,54,104,72,D
"1001801093",,,,,,,,,,,,,,,,,,,,,,,,,,,,,"1001801093","1801093",MODELLED CROSSINGS,"ROAD, RESOURCE/OTHER",,CBS,,POTENTIAL,,,,,,,,,,,,"9","653620","6032800","360711229",1010.52673872366,400.431358.636316,400.431358.636316.155040,BULK,,"1001803408;1001805559","2",,,,,,0,0,0,0,0,0,0,0,0,0,0,0,0,0,0,0,0,0,0,0,0,0.489923950025594,0,0.49,0,0,0,0,0,0,0.49,0.49,0.49,0.49,94802,1.42,"3",0.473333333333333,,140,239,107,154,D
"1001801115",,,,,,,,,,,,,,,,,,,,,,,,,,,,,"1001801115","1801115",MODELLED CROSSINGS,"ROAD, RESOURCE/OTHER",,CBS,,POTENTIAL,,,,,,,,,,,,"9","681900","6042190","360798765",4260.58586404536,400.431358.815756.166390,400.431358.815756.166390.299651,BULK,Watson Creek,"1001801123;198065;197974","3",,,,,,0,0,0,0,0,0,0,6.14,0,0,6.14,0,0,0,0,0,0,0,0,0,0,5.9908968596196,0,5.9908968596196,0,0,0,0,0,0,6.14,6.14,6.14,6.14,1086252,14.08,"4",3.52,,31,27,10,17,B
"1001801123",,,,,,,,,,,,,,,,,,,,,,,,,,,,,"1001801123","1801123",MODELLED CROSSINGS,"ROAD, RESOURCE/OTHER",,CBS,,POTENTIAL,,,,,,,,,,,,"9","681039","6042064","360798765",3338.26743089964,400.431358.815756.166390,400.431358.815756.166390.160692,BULK,Watson Creek,"198065;197974","2","1001801115","1",,,,0,0,0,0,0,0,0,8.31,0,0,2.17,0,0,0,0,0,0,0,0,0,0,10.97589576989,0,4.98,0,0,0,0,0,0,11.13,4.99,11.13,4.99,1086252,14.08,"4",3.52,,31,27,10,17,B
"1001801141",,,,,,,,,,,,,,,,,,,,,,,,,,,,,"1001801141","1801141",MODELLED CROSSINGS,"ROAD, RESOURCE/OTHER",,CBS,,POTENTIAL,,,,,,,,,,,,"9","672549","6039794","360500425",203.181883047178,400.431358.820938.236730.079339,400.431358.820938.236730.079339,BULK,,,"0","1001805190","1",,,,0,0,0,0,0,0,0,0.42,0,0,0,0,0,0,0,0,0,0,0,0,0,1.76842237593772,0,1.3,0,0,0,0,0,0,2.19,1.3,2.19,1.3,861102,1.3,"1",1.3,,78,64,83,64,D
"1001801157",,,,,,,,,,,,,,,,,,,,,,,,,,,,,"1001801157","1801157",MODELLED CROSSINGS,"ROAD, RESOURCE/OTHER",,CBS,,POTENTIAL,,,,,,,,,,,,"9","656589","6036295","360648877",664.550100142361,400.431358.664042,400.431358.664042,BULK,,"1001800225","1","1001800560","1",,,,0,0,0,0,0,0,0,0,0,0,0,0,0,0,0,0,0,0,0,0,0,0.885000000000015,0,0.03,0,0,0,0,0,0,0.89,0.04,0.89,0.04,59253,0.89,"2",0.445,"[ ""59252"" ]",143,309,145,185,D
"1001801185",,,,,,,,,,,,,,,,,,,,,,,,,,,,,"1001801185","1801185",MODELLED CROSSINGS,"ROAD, RESOURCE/OTHER",,CBS,,POTENTIAL,,,,,,,,,,,,"9","684767","6029867","360870605",1685.76371196648,400.431358.904774,400.431358.904774.058528,BULK,Wiggins Creek,"1001805539","1","1001801187;8a5e5281-5b5e-423d-8c66-c1816e9e32b4","2",,,,0,0,0,0,0,0,0,0.87,0,0,0,0,0,0,0,0,0,0,0,0,0,0,0,0,0,0,0,0,0,0,0.87,0,0.87,0,1560252,0.87,"4",0.2175,,167,276,146,169,D
"1001801187",,,,,,,,,,,,,,,,,,,,,,,,,,,,,"1001801187","1801187",MODELLED CROSSINGS,"ROAD, RESOURCE/OTHER",,CBS,,POTENTIAL,,,,,,,,,,,,"9","684253","6029971","360870605",2258.14154637984,400.431358.904774,400.431358.904774.290291,BULK,,"1001801185;1001805539","2",8a5e5281-5b5e-423d-8c66-c1816e9e32b4,"1",,,,0,0,0,0,0,0,0,0.87,0,0,0,0,0,0,0,0,0,0,0,0,0,0,0,0,0,0,0,0,0,0,0.87,0,0.87,0,1560252,0.87,"4",0.2175,,167,276,146,169,D
"1001801208",,,,,,,,,,,,,,,,,,,,,,,,,,,,,"1001801208","1801208",MODELLED CROSSINGS,"ROAD, RESOURCE/OTHER",,OBS,,PASSABLE,,,,,,,,,,,,"9","654765","6026469","360760898",359.753846532665,400.431358.623573.083900,400.431358.623573.083900,BULK,Dungate Creek,,"0","1001800235","1",,,,0,1.94156634423727,0,1.94,0,0,1.94156634423727,1.94,0,1.94,1.94,0,2.63399895498608,2.63,0,0,0,0,0,0,2.61026159145212,15.1619647675215,2.61,12.72,0,0,0,0,2.61,2.61,15.16,15.16,15.16,15.16,,,,,,,,,,
"1001801256",,,,,,,,,,,,,,,,,,,,,,,,,,,,,"1001801256","1801256",MODELLED CROSSINGS,"ROAD, RESOURCE/OTHER",,CBS,,POTENTIAL,,,,,,,,,,,,"9","590199","6048666","360873510",583.369847706547,400.431358.415251.698803,400.431358.415251.698803,BULK,,,"0","1001801051","1",,,,0,0,0,0,0,0,0,0,0,0,0,0,0,0,0,0,0,0,0,0,0,0.271999999999876,0,0.23,0,0,0,0,0,0,0.27,0.23,0.27,0.23,343652,0.23,"1",0.23,,165,271,212,196,D
"1001801265",,,,,,,,,,,,,,,,,,,,,,,,,,,,,"1001801265","1801265",MODELLED CROSSINGS,"ROAD, RESOURCE/OTHER",,CBS,,POTENTIAL,,,,,,,,,,,,"9","617856","6052801","360510534",1627.73671249502,400.431358.415251.107412.392550,400.431358.415251.107412.392550,BULK,,"1001803049","1","195424;195451","2",,,,0,0,0,0,0,0,0,1.23,0,0,0.36,0,0,0,0,0,0,0,0,0,0,1.89865664228661,0,0.36,0,0,0,0,0,0,1.9,0.36,1.9,0.36,1169202,2.37,"4",0.5925,,126,101,75,84,D
"1001801270",,,,,,,,,,,,,,,,,,,,,,,,,,,,,"1001801270","1801270",MODELLED CROSSINGS,"ROAD, RESOURCE/OTHER",,CBS,,POTENTIAL,,,,,,,,,,,,"9","639718","6058442","360841888",2324.04250454645,400.431358.478149.135879.213317,400.431358.478149.135879.213317.177879,BULK,,"123419;123392;123393","3",,,,,,0,0,0,0,0,0,0,0,0,0,0,0,0,0,0,0,0,0,0,0,0,1.41378877283992,0,1.41,0,0,0,0,0,0,1.41,1.41,1.41,1.41,110602,2.12,"2",1.06,,94,187,87,131,D
"1001801323",,,,,,,,,,,,,,,,,,,,,,,,,,,,,"1001801323","1801323",MODELLED CROSSINGS,"ROAD, RESOURCE/OTHER",,CBS,,POTENTIAL,,,,,,,,,,,,"9","639669","6059427","360866761",7461.86513286488,400.431358.478149.135879,400.431358.478149.135879.449993,BULK,Lemieux Creek,"1001801382;1001801380;123418;123416;123392;123393","6",,,,,,0,0,0,0,0,0,0,0,0,0,0,0,0,0,0,0,0,0,0,0,0,1.1217615222372,0,1.12,0,0,0,0,0,0,1.12,1.12,1.12,1.12,955903,2.47,"4",0.6175,"[ ""955902"" ]",124,218,72,139,D
"1001801328",,,,,,,,,,,,,,,,,,,,,,,,,,,,,"1001801328","1801328",MODELLED CROSSINGS,"ROAD, RESOURCE/OTHER",,CBS,,POTENTIAL,,,,,,,,,,,,"9","637036","6057931","360880639",6217.38813564817,400.431358.478149,400.431358.478149.256356,BULK,Robin Creek,"123426","1","1001800670;123429;124510;195954;195956","5",,,,0,0,0,0,0,0,0.161075920269942,4.37,0,0.16,3.2,0,0,0,0,0,0,0,0,0,0,11.6769287483795,0,5.89,0,0,0,0,0.16,0.16,11.83,6.04,11.83,6.04,1200802,6.04,"1",6.04,,15,114,15,55,D
"1001801336",,,,,,,,,,,,,,,,,,,,,,,,,,,,,"1001801336","1801336",MODELLED CROSSINGS,"ROAD, RESOURCE/OTHER",,CBS,,POTENTIAL,,,,,,,,,,,,"9","638446","6054534","360724090",171.545614045379,400.431358.478149.120120,400.431358.478149.120120,BULK,,"1001802816","1","1001802832;123391","2",,,,0,0,0,0,0,0,0,0,0,0,0,0,0,0,0,0,0,0,0,0,0,0.210302805574634,0,0.17,0,0,0,0,0,0,0.21,0.17,0.21,0.17,466102,0.3,"2",0.15,,177,288,201,202,D
"1001801373",,,,,,,,,,,,,,,,,,,,,,,,,,,,,"1001801373","1801373",MODELLED CROSSINGS,"ROAD, RESOURCE/OTHER",,CBS,,POTENTIAL,,,,,,,,,,,,"9","639479","6053192","360778428",1583.62016521565,400.431358.478149.059836,400.431358.478149.059836,BULK,,"1001802819;123388;123389","3","1001800263","1",,,,0,0,0,0,0,0,0,0.6,0,0,0.36,0,0,0,0,0,0,0,0,0,0,1.47962029513911,0,0.54,0,0,0,0,0,0,2.08,0.9,2.08,0.9,714952,2.89,"5",0.578,,128,103,60,76,D
"1001801380",,,,,,,,,,,,,,,,,,,,,,,,,,,,,"1001801380","1801380",MODELLED CROSSINGS,"ROAD, RESOURCE/OTHER",,CBS,,POTENTIAL,,,,,,,,,,,,"9","638915","6058892","360866761",6511.05808875616,400.431358.478149.135879,400.431358.478149.135879.213317,BULK,Lemieux Creek,"123418;123416;123392;123393","4","1001801323;1001801382","2",,,,0,0,0,0,0,0,0,0.4,0,0,0.4,0,0,0,0,0,0,0,0,0,0,2.07276199634773,0,0.4,0,0,0,0,0,0,2.07,0.4,2.07,0.4,955903,2.47,"4",0.6175,"[ ""955902"" ]",124,218,72,139,D
"1001801382",,,,,,,,,,,,,,,,,,,,,,,,,,,,,"1001801382","1801382",MODELLED CROSSINGS,"ROAD, RESOURCE/OTHER",,CBS,,POTENTIAL,,,,,,,,,,,,"9","639245","6059099","360866761",6911.94644298525,400.431358.478149.135879,400.431358.478149.135879.213317,BULK,Lemieux Creek,"1001801380;123418;123416;123392;123393","5","1001801323","1",,,,0,0,0,0,0,0,0,0,0,0,0,0,0,0,0,0,0,0,0,0,0,1.6717619963477,0,0.55,0,0,0,0,0,0,1.67,0.55,1.67,0.55,955903,2.47,"4",0.6175,"[ ""955902"" ]",124,218,72,139,D
"1001801385",,,,,,,,,,,,,,,,,,,,,,,,,,,,,"1001801385","1801385",MODELLED CROSSINGS,"ROAD, RESOURCE/OTHER",,CBS,,POTENTIAL,,,,,,,,,,,,"9","631297","6062258","360685108",5025.48528038271,400.431358.427289,400.431358.427289.358562,BULK,McDowell Creek,"1001802776;58151;123544;58158","4",,,,,,0,0,0,0,0,0,0,0,0,0,0,0,0,0,0,0,0,0,0,0,0,0.170999999999906,0,0.17,0,0,0,0,0,0,0.17,0.17,0.17,0.17,209354,0.17,"1",0.17,"[ ""209353"" ]",175,385,237,266,D
"1001801403",,,,,,,,,,,,,,,,,,,,,,,,,,,,,"1001801403","1801403",MODELLED CROSSINGS,"ROAD, RESOURCE/OTHER",,CBS,,POTENTIAL,,,,,,,,,,,,"9","641118","6053342","360661407",855.706460454204,400.431358.485911.155397,400.431358.485911.155397,BULK,,,"0",,,,,,0,0,0,0,0,0,0,0.66,0,0,0.66,0,0,0,0,0,0,0,0,0,0,0.659474890111302,0,0.66,0,0,0,0,0,0,0.66,0.66,0.66,0.66,383152,0.66,"1",0.66,,118,95,160,124,D
"1001801532",,,,,,,,,,,,,,,,,,,,,,,,,,,,,"1001801532","1801532",MODELLED CROSSINGS,"ROAD, RESOURCE/OTHER",,OBS,,PASSABLE,,,,,,,,,,,,"9","629753","6083979","360880695",20955.9282638333,400.431358.307489,400.431358.307489.655758,BULK,Driftwood Creek,,"0",,,,,,2.06105386204263,3.69963981230315,2.06,3.7,0,0,4.22291263086342,4.28,0,4.22,4.28,0,4.59742988041541,4.6,0,0,0,0,0,0,3.16439889239715,6.54968626725396,3.16,6.55,0,0,0,0,4.22,4.22,6.55,6.55,6.55,6.55,,,,,,,,,,
"1001801548",,,,,,,,,,,,,,,,,,,,,,,,,,,,,"1001801548","1801548",MODELLED CROSSINGS,"ROAD, RESOURCE/OTHER",,CBS,,POTENTIAL,,,,,,,,,,,,"9","641637","6075219","360873164",42567.6097183667,400.431358.319200,400.431358.319200.851953,BULK,Canyon Creek,"124221","1",,,,,,0,0,0,0,0,0,0,0.19,0,0,0.19,0,0,0,0,0,0,0,0,0,0,0.191999999999919,0,0.19,0,0,0,0,0,0,0.19,0.19,0.19,0.19,1027002,2.23,"2",1.115,,88,73,81,70,D
"1001801738",,,,,,,,,,,,,,,,,,,,,,,,,,,,,"1001801738","1801738",MODELLED CROSSINGS,"ROAD, RESOURCE/OTHER",,CBS,,POTENTIAL,,,,,,,,,,,,"9","628947","6110571","360831362",2255.68400881893,400.431358.079962.441999.443832.315284,400.431358.079962.441999.443832.315284.345673,BULK,,,"0",,,,,,0,0,0,0,0,0,0,0.3,0,0,0.3,0,0,0,0,0,0,0,0,0,0,0.295000000000021,0,0.3,0,0,0,0,0,0,0.3,0.3,0.3,0.3,134302,0.3,"1",0.3,,157,261,207,189,D
"1001801759",,,,,,,,,,,,,,,,,,,,,,,,,,,,,"1001801759","1801759",MODELLED CROSSINGS,"ROAD, RESOURCE/OTHER",,CBS,,POTENTIAL,,,,,,,,,,,,"9","638772","6112546","360870739",707.273838104617,400.431358.079962.441999.478654,400.431358.079962.441999.478654,BULK,,,"0","1001801774;1001805094","2",,,,0,0,0,0,0,0,0,1.54,0,0,0.53,0,0,0,0,0,0,0,0,0,0,1.53520487913188,0,0.52,0,0,0,0,0,0,1.54,0.53,1.54,0.53,580652,0.53,"1",0.53,,134,108,103,104,D
"1001801774",,,,,,,,,,,,,,,,,,,,,,,,,,,,,"1001801774","1801774",MODELLED CROSSINGS,"ROAD, RESOURCE/OTHER",,CBS,,POTENTIAL,,,,,,,,,,,,"9","638811","6112970","360870739",1230.70065842532,400.431358.079962.441999.478654,400.431358.079962.441999.478654,BULK,,"1001801759","1","1001805094","1",,,,0,0,0,0,0,0,0,1.01,0,0,0.43,0,0,0,0,0,0,0,0,0,0,1.01120487913202,0,0.43,0,0,0,0,0,0,1.01,0.43,1.01,0.43,580653,1.01,"2",0.505,"[ ""580652"" ]",137,169,139,146,D
"1001801829",,,,,,,,,,,,,,,,,,,,,,,,,,,,,"1001801829","1801829",MODELLED CROSSINGS,"ROAD, RESOURCE/OTHER",,CBS,,POTENTIAL,,,,,,,,,,,,"9","641828","6109297","360732358",286.483156457074,400.431358.079962.441999.592800,400.431358.079962.441999.592800,BULK,,,"0",,,,,,0,0,0,0,0,0,0,0,0,0,0,0,0,0,0,0,0,0,0,0,0,2.84900000000012,0,2.85,0,0,0,0,0,0,2.85,2.85,2.85,2.85,391052,2.85,"1",2.85,,36,31,61,37,D
"1001801846",,,,,,,,,,,,,,,,,,,,,,,,,,,,,"1001801846","1801846",MODELLED CROSSINGS,"ROAD, RESOURCE/OTHER",,CBS,,POTENTIAL,,,,,,,,,,,,"9","625802","6086674","360718049",61.1420609254842,400.431358.273988.491460,400.431358.273988.491460,BULK,,,"0",,,,,,0,0,0,0,0,0,0,0,0,0,0,0,0,0,0,0,0,0,0,0,0,0.179999999999992,0,0.179999999999992,0,0,0,0,0,0,0.18,0.18,0.18,0.18,142202,0.18,"1",0.18,,174,283,233,214,D
"1001801890",,,,,,,,,,,,,,,,,,,,,,,,,,,,,"1001801890","1801890",MODELLED CROSSINGS,"ROAD, RESOURCE/OTHER",,CBS,,POTENTIAL,,,,,Blunt Creek FSR,,,,,,,"9","620562","6107103","360796584",997.647320285176,400.431358.079962.441999.443832.616361,400.431358.079962.441999.443832.616361.212828,BULK,,,"0",,,,,,0,0,0,0,0,0,0,0,0,0,0,0,0,0,0,0,0,0,0,0,0,0.0320000000000559,0,0.0320000000000559,0,0,0,0,0,0,0.03,0.03,0.03,0.03,395002,0.03,"1",0.03,,189,301,266,242,D
"1001801906",,,,,,,,,,,,,,,,,,,,,,,,,,,,,"1001801906","1801906",MODELLED CROSSINGS,"ROAD, RESOURCE/OTHER",,CBS,,POTENTIAL,,,,,,,,,,,,"9","679381","6036932","360873568",425.91450213228,400.431358.837840,400.431358.837840,BULK,,,"0","1001802639;1001802655","2",,,,0,0,0,0,0,0,0,0.18,0,0,0,0,0,0,0,0,0,0,0,0,0,0.112116899671741,0,0.11,0,0,0,0,0,0,0.29,0.11,0.29,0.11,201452,0.11,"1",0.11,,181,292,209,208,D
"1001801912",,,,,,,,,,,,,,,,,,,,,,,,,,,,,"1001801912","1801912",MODELLED CROSSINGS,"ROAD, RESOURCE/OTHER",,CBS,,POTENTIAL,,,,,,,,,,,,"9","590548","6049237","360751948",741.959391146385,400.431358.415251.682494,400.431358.415251.682494,BULK,,"1001805706","1",,,,,,0,0,0,0,0,0,0,0,0,0,0,0,0,0,0,0,0,0,0,0,0,0.263000000000058,0,0.26,0,0,0,0,0,0,0.26,0.26,0.26,0.26,146153,0.26,"1",0.26,"[ ""146152"" ]",162,324,215,225,D
"1001801913",,,,,,,,,,,,,,,,,,,,,,,,,,,,,"1001801913","1801913",MODELLED CROSSINGS,"ROAD, RESOURCE/OTHER",,CBS,,POTENTIAL,,,,,,,,,,,,"9","637046","6105179","360294762",1583.13338573934,400.431358.079962.441999.683895,400.431358.079962.441999.683895,BULK,,"1001802387","1","1001802383","1",,,,0,0,0,0,0,0,0,0,0,0,0,0,0,0,0,0,0,0,0,0,0,2.22570815640475,0,0.76,0,0,0,0,0,0,2.23,0.77,2.23,0.77,177752,2.93,"3",0.976666666666667,,98,81,59,61,D
"1001801950",,,,,,,,,,,,,,,,,,,,,,,,,,,,,"1001801950","1801950",MODELLED CROSSINGS,"ROAD, RESOURCE/OTHER",,CBS,,POTENTIAL,,,,,,,,,,,,"9","662768","6036393","360602589",2936.20157469982,400.431358.705756,400.431358.705756.269247,BULK,,"1001802007","1",,,,,,0,0,0,0,0,0,0,0,0,0,0,0,0,0,0,0,0,0,0,0,0,0.295476209072053,0,0.3,0,0,0,0,0,0,0.3,0.3,0.3,0.3,154053,0.3,"1",0.3,"[ ""154052"" ]",157,318,208,220,D
"1001801963",,,,,,,,,,,,,,,,,,,,,,,,,,,,,"1001801963","1801963",MODELLED CROSSINGS,"ROAD, RESOURCE/OTHER",,CBS,,POTENTIAL,,,,,,,,,,,,"9","593097","6050754","360736973",849.318232724196,400.431358.415251.626305,400.431358.415251.626305,BULK,,,"0",,,,,,0,0,0,0,0,0,0,0.39,0,0,0.39,0,0,0,0,0,0,0,0,0,0,0.39000000000002,0,0.39,0,0,0,0,0,0,0.39,0.39,0.39,0.39,158002,0.39,"1",0.39,,148,252,197,182,D
"1001801976",,,,,,,,,,,,,,,,,,,,,,,,,,,,,"1001801976","1801976",MODELLED CROSSINGS,"ROAD, RESOURCE/OTHER",,CBS,,POTENTIAL,,,,,,,,,,,,"9","597118","6052653","360352939",460.283677538568,400.431358.415251.544243,400.431358.415251.544243,BULK,,,"0","1001800423;1001801982;1001803054","3",,,,0,0,0,0,0,0,0,0.77,0,0,0.24,0,0,0,0,0,0,0,0,0,0,0.770000000000001,0,0.24,0,0,0,0,0,0,0.77,0.24,0.77,0.24,402902,0.77,"4",0.1925,,171,280,151,174,D
"1001801982",,,,,,,,,,,,,,,,,,,,,,,,,,,,,"1001801982","1801982",MODELLED CROSSINGS,"ROAD, RESOURCE/OTHER",,CBS,,POTENTIAL,,,,,,,,,,,,"9","597215","6053332","360352939",1188.91451567333,400.431358.415251.544243,400.431358.415251.544243,BULK,,"1001800423;1001803054;1001801976","3",,,,,,0,0,0,0,0,0,0,0.04,0,0,0.04,0,0,0,0,0,0,0,0,0,0,0.0409999999999043,0,0.04,0,0,0,0,0,0,0.04,0.04,0.04,0.04,402902,0.77,"4",0.1925,,171,280,151,174,D
"1001802001",,,,,,,,,,,,,,,,,,,,,,,,,,,,,"1001802001","1802001",MODELLED CROSSINGS,"ROAD, RESOURCE/OTHER",,CBS,,POTENTIAL,,,,,,,,,,,,"9","664981","6034059","360686597",192.057372669075,400.431358.691053.272962.272932,400.431358.691053.272962.272932,BULK,,,"0",,,,,,0,0,0,0,0,0,0,0.25,0,0,0.25,0,0,0,0,0,0,0,0,0,0,0,0,0,0,0,0,0,0,0,0.25,0.25,0.25,0.25,410802,0.25,"1",0.25,,163,268,216,198,D
"1001802007",,,,,,,,,,,,,,,,,,,,,,,,,,,,,"1001802007","1802007",MODELLED CROSSINGS,"ROAD, RESOURCE/OTHER",,CBS,,POTENTIAL,,,,,,,,,,,,"9","662565","6037110","360602589",2033.92050397844,400.431358.705756,400.431358.705756.269247,BULK,,,"0","1001801950","1",,,,0,0,0,0,0,0,0,0,0,0,0,0,0,0,0,0,0,0,0,0,0,1.19747620907206,0,0.9,0,0,0,0,0,0,1.2,0.9,1.2,0.9,154052,0.9,"1",0.9,,104,85,123,102,D
"1001802013",,,,,,,,,,,,,,,,,,,,,,,,,,,,,"1001802013","1802013",MODELLED CROSSINGS,"ROAD, RESOURCE/OTHER",,CBS,,POTENTIAL,,,,,,,,,,,,"9","686799","6029046","360828489",826.823905187175,400.431358.919970,400.431358.919970,BULK,,,"0","1001804955","1",,,,0,0,0,0,0,0,0,0,0,0,0,0,0,0,0,0,0,0,0,0,0,1.95115516693509,0,1.84,0,0,0,0,0,0,1.95,1.84,1.95,1.84,165902,1.84,"1",1.84,,59,47,90,60,D
"1001802016",,,,,,,,,,,,,,,,,,,,,,,,,,,,,"1001802016","1802016",MODELLED CROSSINGS,"ROAD, RESOURCE/OTHER",,CBS,,POTENTIAL,,,,,,,,,,,,"9","683561","6025419","360505571",383.274492107255,400.431358.918528.185657,400.431358.918528.185657,BULK,,,"0",,,,,,0,0,0,0,0,0,0,0.17,0,0,0.17,0,0,0,0,0,0,0,0,0,0,0.173433853326576,0,0.17,0,0,0,0,0,0,0.17,0.17,0.17,0.17,169852,0.17,"1",0.17,,175,285,238,219,D
"1001802029",,,,,,,,,,,,,,,,,,,,,,,,,,,,,"1001802029","1802029",MODELLED CROSSINGS,"ROAD, RESOURCE/OTHER",,CBS,,POTENTIAL,,,,,,,,,,,,"9","687289","6040251","360716851",656.091816637822,400.431358.815756.496779.362846,400.431358.815756.496779.362846,BULK,,"197975;197976","2","1001802031;1001802032","2",,,,0,0,0,0,0,0,0,0.76,0,0,0.28,0,0,0,0,0,0,0,0,0,0,0.510426499931762,0,0.03,0,0,0,0,0,0,0.76,0.28,0.76,0.28,418702,0.28,"1",0.28,"[ ""1256102"" ]",160,356,153,211,D
"1001802030",,,,,,,,,,,,,,,,,,,,,,,,,,,,,"1001802030","1802030",MODELLED CROSSINGS,"ROAD, RESOURCE/OTHER",,CBS,,POTENTIAL,,,,,,,,,,,,"9","685484","6041265","360878058",12083.7678159228,400.431358.815756,400.431358.815756.496779,BULK,Ailport Creek,"197975;197976","2",,,,,,0,0,0,0,0,0,0.39060586698341,0.67,0,0.39,0.67,0,0,0,0,0,0,0,0,0,0,1.45060601910935,0,1.45,0,0,0,0,0.39,0.39,1.73,1.73,1.73,1.73,1256103,1.73,"1",1.73,"[ ""1256102"" ]",62,178,95,130,D
"1001802031",,,,,,,,,,,,,,,,,,,,,,,,,,,,,"1001802031","1802031",MODELLED CROSSINGS,"ROAD, RESOURCE/OTHER",,CBS,,POTENTIAL,,,,,,,,,,,,"9","687234","6040489","360716851",955.518344309777,400.431358.815756.496779.362846,400.431358.815756.496779.362846,BULK,,"1001802032;1001802029;197975;197976","4",,,,,,0,0,0,0,0,0,0,0.38,0,0,0.38,0,0,0,0,0,0,0,0,0,0,0.37899999999982,0,0.38,0,0,0,0,0,0,0.38,0.38,0.38,0.38,418703,0.48,"2",0.24,"[ ""418702"", ""1256102"" ]",164,371,185,237,D
"1001802032",,,,,,,,,,,,,,,,,,,,,,,,,,,,,"1001802032","1802032",MODELLED CROSSINGS,"ROAD, RESOURCE/OTHER",,CBS,,POTENTIAL,,,,,,,,,,,,"9","687318","6040439","360716851",855.24564550753,400.431358.815756.496779.362846,400.431358.815756.496779.362846,BULK,,"1001802029;197975;197976","3","1001802031","1",,,,0,0,0,0,0,0,0,0.48,0,0,0.1,0,0,0,0,0,0,0,0,0,0,0.479999999999919,0,0.1,0,0,0,0,0,0,0.48,0.1,0.48,0.1,418703,0.48,"2",0.24,"[ ""418702"", ""1256102"" ]",164,371,185,237,D
"1001802038",,,,,,,,,,,,,,,,,,,,,,,,,,,,,"1001802038","1802038",MODELLED CROSSINGS,"ROAD, RESOURCE/OTHER",,OBS,,PASSABLE,,,,,,,,,,,,"9","686578","6035626","360865721",1284.62027224415,400.431358.972546,400.431358.972546,BULK,,"197967","1","199455","1",,,,0,0,0,0,0,0,0.800867924443825,6.68,0,0.8,6.68,0,0,0,0,0,0,0,0,0,0,0,0,0,0,0,0,0,0.8,0.8,6.68,6.68,6.68,6.68,,,,,,,,,,
"1001802043",,,,,,,,,,,,,,,,,,,,,,,,,,,,,"1001802043","1802043",MODELLED CROSSINGS,"ROAD, RESOURCE/OTHER",,CBS,,POTENTIAL,,,,,,,,,,,,"9","683496","6041423","360789265",53.27203851461,400.431358.815756.389268,400.431358.815756.389268,BULK,,"197975;197976","2",,,,,,0,0,0,0,0,0,0,1.02,0,0,1.02,0,0,0,0,0,0,0,0,0,0,2.40925087366394,0,2.40925087366394,0,0,0,0,0,0,2.52,2.52,2.52,2.52,426602,2.52,"1",2.52,"[ ""1256102"" ]",44,175,71,121,D
"1001802046",,,,,,,,,,,,,,,,,,,,,,,,,,,,,"1001802046","1802046",MODELLED CROSSINGS,"ROAD, RESOURCE/OTHER",,OBS,,PASSABLE,,,,,,,,,,,,"9","692055","6035549","360774530",3812.18470702669,400.431358.946172,400.431358.946172.238844,BULK,Taman Creek,"197967","1","1001802402;199452","2",,,,0,0,0,0,0,0,0,3.11,0,0,3.11,0,0,0,0,0,0,0,0,0,0,3.24599775096221,0,0.7,0,0,0,0,0,0,3.25,3.25,3.25,3.25,,,,,,,,,,
"1001802239",,,,,,,,,,,,,,,,,,,,,,,,,,,,,"1001802239","1802239",MODELLED CROSSINGS,"ROAD, RESOURCE/OTHER",,CBS,,POTENTIAL,,,,,,,,,,,,"9","694514","6003907","360881038",43652.1753255967,400.431358.918528,400.431358.918528.885674,BULK,,,"0",,,,,,0,0,0,0,0,0,0,3.29,0,0,3.29,0,0,0,0,0,0,0,0,0,0,0.346545261311447,0,0.35,0,0,0,0,0,0,3.29,3.29,3.29,3.29,430552,3.29,"1",3.29,,34,29,53,35,D
"1001802242",,,,,,,,,,,,,,,,,,,,,,,,,,,,,"1001802242","1802242",MODELLED CROSSINGS,"ROAD, DEMOGRAPHIC",,CBS,,POTENTIAL,,,,,private driveway,,,,,,,"9","654398","6029941","360758470",2545.00410914232,400.431358.629041,400.431358.629041,BULK,Henry Creek,"1001800031;1001800032;1001800033;1001800034;1001805558","5",,,,,,0,0,0,0,0,0,0,0.96,0,0,0.96,0,0,0,0,0,0,0,0,0,0,3.41187604087169,0,3.41,0,0,0,0,0,0,3.41,3.41,3.41,3.41,233052,5.9,"6",0.983333333333333,,97,80,29,46,D
"1001802264",,,,,,,,,,,,,,,,,,,,,,,,,,,,,"1001802264","1802264",MODELLED CROSSINGS,"ROAD, RESOURCE/OTHER",,CBS,,POTENTIAL,,,,,,,,,,,,"9","690988","6033290","360841042",558.559587533908,400.431358.946172.051776,400.431358.946172.051776,BULK,,"1001803928;197967","2",,,,,,0,0,0,0,0,0,0,0.42,0,0,0.42,0,0,0,0,0,0,0,0,0,0,0,0,0,0,0,0,0,0,0,0.42,0.42,0.42,0.42,438452,0.59,"2",0.295,"[ ""1406202"" ]",158,319,166,199,D
"1001802267",,,,,,,,,,,,,,,,,,,,,,,,,,,,,"1001802267","1802267",MODELLED CROSSINGS,"ROAD, RESOURCE/OTHER",,CBS,,POTENTIAL,,,,,,,,,,,,"9","644009","6047451","360779258",6225.27754130756,400.431358.506488,400.431358.506488.332788,BULK,Thompson Creek,"123380;123375;123377;198066","4","123382","1",,,,0,0,0,0,0,0,4.01617710884167,7.16,0,2.1,2.1,0,0,0,0,0,0,0,0,0,0,0,0,0,0,0,0,0,4.02,2.11,7.16,2.1,7.16,2.1,707053,10.94,"5",2.188,"[ ""707052"" ]",53,126,17,63,D
"1001802383",,,,,,,,,,,,,,,,,,,,,,,,,,,,,"1001802383","1802383",MODELLED CROSSINGS,"ROAD, RESOURCE/OTHER",,CBS,,POTENTIAL,,,,,,,,,,,,"9","636769","6104536","360294762",2345.52891483509,400.431358.079962.441999.683895,400.431358.079962.441999.683895,BULK,,"1001801913;1001802387","2",,,,,,0,0,0,0,0,0,0,0,0,0,0,0,0,0,0,0,0,0,0,0,0,1.46270815640476,0,1.46270815640476,0,0,0,0,0,0,1.46,1.46,1.46,1.46,177752,2.93,"3",0.976666666666667,,98,81,59,61,D
"1001802387",,,,,,,,,,,,,,,,,,,,,,,,,,,,,"1001802387","1802387",MODELLED CROSSINGS,"ROAD, RESOURCE/OTHER",,CBS,,POTENTIAL,,,,,,,,,,,,"9","637343","6105734","360294762",881.621248222396,400.431358.079962.441999.683895,400.431358.079962.441999.683895,BULK,,,"0","1001801913;1001802383","2",,,,0,0,0,0,0,0,0,0,0,0,0,0,0,0,0,0,0,0,0,0,0,2.92670815640482,0,0.7,0,0,0,0,0,0,2.93,0.7,2.93,0.7,177752,2.93,"3",0.976666666666667,,98,81,59,61,D
"1001802402",,,,,,,,,,,,,,,,,,,,,,,,,,,,,"1001802402","1802402",MODELLED CROSSINGS,"ROAD, RESOURCE/OTHER",,CBS,,POTENTIAL,,,,,,,,,,,,"9","691609","6035955","360774530",4506.80657354995,400.431358.946172,400.431358.946172.302086,BULK,Taman Creek,"197967","1","199452","1",,,,0,0,0,0,0,0,0,2.42,0,0,0.37,0,0,0,0,0,0,0,0,0,0,2.55099718395815,0,0.37,0,0,0,0,0,0,2.55,0.37,2.55,0.37,185652,2.55,"2",1.275,"[ ""1406202"" ]",79,135,70,101,D
"1001802416",,,,,,,,,,,,,,,,,,,,,,,,,,,,,"1001802416","1802416",MODELLED CROSSINGS,"ROAD, RESOURCE/OTHER",,CBS,,POTENTIAL,,,,,,,,,,,,"9","636999","6107549","360379518",1237.34824627185,400.431358.079962.441999.489656.655603,400.431358.079962.441999.489656.655603,BULK,,,"0",,,,,,0,0,0,0,0,0,0,1.65,0,0,1.65,0,0,0,0,0,0,0,0,0,0,1.65100221674978,0,1.65100221674978,0,0,0,0,0,0,1.65,1.65,1.65,1.65,189602,1.65,"1",1.65,,64,52,99,68,D
"1001802445",,,,,,,,,,,,,,,,,,,,,,,,,,,,,"1001802445","1802445",MODELLED CROSSINGS,"ROAD, RESOURCE/OTHER",,CBS,,POTENTIAL,,,,,,,,,,,,"9","642533","6050329","360656225",233.180826403785,400.431358.485911.075489.475541,400.431358.485911.075489.475541,BULK,,"195288;195290","2",,,,,,0,0,0,0,0,0,0,0,0,0,0,0,0,0,0,0,0,0,0,0,0,1.20407154774587,0,1.20407154774587,0,0,0,0,0,0,1.2,1.2,1.2,1.2,446352,1.2,"1",1.2,"[ ""1058602"" ]",82,184,122,144,D
"1001802519",,,,,,,,,,,,,,,,,,,,,,,,,,,,,"1001802519","1802519",MODELLED CROSSINGS,"ROAD, RESOURCE/OTHER",,CBS,,POTENTIAL,,,,,,,,,,,,"9","672471","6006739","360722514",462.974168051733,400.431358.623573.777093,400.431358.623573.777093,BULK,,,"0",,,,,,0,0,0,0,0,0,0,0.03,0,0,0.03,0,0,0,0,0,0,0,0,0,0,0.0338563114808596,0,0.03,0,0,0,0,0,0,0.03,0.03,0.03,0.03,193552,0.03,"1",0.03,,189,302,264,241,D
"1001802623",,,,,,,,,,,,,,,,,,,,,,,,,,,,,"1001802623","1802623",MODELLED CROSSINGS,"ROAD, RESOURCE/OTHER",,CBS,,POTENTIAL,,,,,,,,,,,,"9","672762","6029551","360673805",798.390428117427,400.431358.691053.714442,400.431358.691053.714442.114533,BULK,,,"0",,,,,,0,0,0,0,0,0,0,0.52,0,0,0.52,0,0,0,0,0,0,0,0,0,0,0,0,0,0,0,0,0,0,0,0.52,0.52,0.52,0.52,450302,0.52,"1",0.52,,135,109,176,136,D
"1001802639",,,,,,,,,,,,,,,,,,,,,,,,,,,,,"1001802639","1802639",MODELLED CROSSINGS,"ROAD, RESOURCE/OTHER",,CBS,,POTENTIAL,,,,,,,,,,,,"9","679256","6036222","360627640",114.743612742737,400.431358.837840.233666,400.431358.837840.233666,BULK,,"1001802655;1001801906","2",,,,,,0,0,0,0,0,0,0,0.18,0,0,0.18,0,0,0,0,0,0,0,0,0,0,0,0,0,0,0,0,0,0,0,0.18,0.18,0.18,0.18,197502,0.18,"1",0.18,"[ ""201452"", ""201453"" ]",174,361,231,255,D
"1001802642",,,,,,,,,,,,,,,,,,,,,,,,,,,,,"1001802642","1802642",MODELLED CROSSINGS,"ROAD, RESOURCE/OTHER",,OBS,,PASSABLE,,,,,,,,,,,,"9","683986","6041041","360878058",9676.16347060269,400.431358.815756,400.431358.815756.394770,BULK,Ailport Creek,"197975;197976","2","1001802029;1001802030;1001802031;1001802032","4",,,,0.0019888879211643,1.50484029307111,0,1.5,0,0,4.56515318040095,11.07,0,4.17,11.07,0,0.0019888879211643,0,0,0,0,0,0,0,0.0019888879211643,13.1001677402198,0,11.14,0,0,0,0,4.57,4.57,16.19,16.19,16.19,16.19,,,,,,,,,,
"1001802655",,,,,,,,,,,,,,,,,,,,,,,,,,,,,"1001802655","1802655",MODELLED CROSSINGS,"ROAD, RESOURCE/OTHER",,CBS,,POTENTIAL,,,,,,,,,,,,"9","679308","6036735","360873568",641.847194117242,400.431358.837840,400.431358.837840.110557,BULK,,"1001801906","1","1001802639","1",,,,0,0,0,0,0,0,0,0.18,0,0,0,0,0,0,0,0,0,0,0,0,0,0,0,0,0,0,0,0,0,0,0.18,0,0.18,0,201453,0,"1",0,"[ ""201452"" ]",192,344,232,247,D
"1001802657",,,,,,,,,,,,,,,,,,,,,,,,,,,,,"1001802657","1802657",MODELLED CROSSINGS,"ROAD, RESOURCE/OTHER",,CBS,,POTENTIAL,,,,,,,,,,,,"9","678414","6036955","360657780",1076.16176409594,400.431358.837804,400.431358.837804,BULK,,,"0",,,,,,0,0,0,0,0,0,0,0.28,0,0,0.28,0,0,0,0,0,0,0,0,0,0,0.16687373996129,0,0.17,0,0,0,0,0,0,0.45,0.45,0.45,0.45,205402,0.45,"1",0.45,,142,242,187,171,D
"1001802690",,,,,,,,,,,,,,,,,,,,,,,,,,,,,"1001802690","1802690",MODELLED CROSSINGS,"ROAD, RESOURCE/OTHER",,CBS,,POTENTIAL,,,,,,,,,,,,"9","663410","6037801","360635596",1621.17909079304,400.431358.709770,400.431358.709770,BULK,,,"0",,,,,,0,0,0,0,0,0,0,0.01,0,0,0.01,0,0,0,0,0,0,0,0,0,0,0.0578188482048137,0,0.06,0,0,0,0,0,0,0.06,0.06,0.06,0.06,454252,0.06,"1",0.06,,186,297,259,238,D
"1001802732",,,,,,,,,,,,,,,,,,,,,,,,,,,,,"1001802732","1802732",MODELLED CROSSINGS,"ROAD, RESOURCE/OTHER",,OBS,,PASSABLE,,,,,,,,,,,,"9","619874","6067596","360787101",3975.74790494014,400.431358.359172,400.431358.359172.142317,BULK,Seymour Creek,"123488;123491;123492;123498;123495;123496;123499;58162","8","123501;7feee1fe-ac20-4584-a6ae-7e9e41a97b16","2",,,,0,0,0,0,0,0,0,2.67,0,0,2.67,0,0,0,0,0,0,0,0,0,0,1.98502172025122,0,0.69,0,0,0,0,0,0,2.67,2.67,2.67,2.67,,,,,,,,,,
"1001802776",,,,,,,,,,,,,,,,,,,,,,,,,,,,,"1001802776","1802776",MODELLED CROSSINGS,"ROAD, RESOURCE/OTHER",,CBS,,POTENTIAL,,,,,,,,,,,,"9","630322","6061166","360685108",3265.51695452607,400.431358.427289,400.431358.427289.232969,BULK,McDowell Creek,"58151;123544;58158","3","1001801385","1",,,,0,0,0,0,0,0,0,0,0,0,0,0,0,0,0,0,0,0,0,0,0,1.93000125725393,0,1.76,0,0,0,0,0,0,1.93,1.76,1.93,1.76,209353,4.44,"4",1.11,,89,74,36,47,D
"1001802816",,,,,,,,,,,,,,,,,,,,,,,,,,,,,"1001802816","1802816",MODELLED CROSSINGS,"ROAD, RESOURCE/OTHER",,CBS,,POTENTIAL,,,,,,,,,,,,"9","638326","6054495","360724090",45.3542647062227,400.431358.478149.120120,400.431358.478149.120120,BULK,,,"0","1001801336;1001802832;123391","3",,,,0,0,0,0,0,0,0,0,0,0,0,0,0,0,0,0,0,0,0,0,0,0.337302805574558,0,0.13,0,0,0,0,0,0,0.34,0.13,0.34,0.13,466102,0.3,"2",0.15,,177,288,201,202,D
"1001802819",,,,,,,,,,,,,,,,,,,,,,,,,,,,,"1001802819","1802819",MODELLED CROSSINGS,"ROAD, DEMOGRAPHIC",,CBS,,POTENTIAL,,,,,Wakefield Rd,,,,,,,"9","639397","6053401","360778428",1356.13112318788,400.431358.478149.059836,400.431358.478149.059836,BULK,,"123388;123389","2","1001800263;1001801373","2",,,,0,0,0,0,0,0,0,0.6,0,0,0,0,0,0,0,0,0,0,0,0,0,1.70762029513921,0,0.23,0,0,0,0,0,0,2.3,0.22,2.3,0.22,714952,2.89,"5",0.578,,128,103,60,76,D
"1001802832",,,,,,,,,,,,,,,,,,,,,,,,,,,,,"1001802832","1802832",MODELLED CROSSINGS,"ROAD, DEMOGRAPHIC",,CBS,,POTENTIAL,,,,,Larch Rd,,,,,,,"9","638610","6054588","360724090",344.569456490338,400.431358.478149.120120,400.431358.478149.120120,BULK,,"1001801336;1001802816","2","123391","1",,,,0,0,0,0,0,0,0,0,0,0,0,0,0,0,0,0,0,0,0,0,0,0.0373028055746236,0,0.03,0,0,0,0,0,0,0.04,0.03,0.04,0.03,466103,0.03,"1",0.03,"[ ""466102"" ]",189,365,261,268,D
"1001802859",,Trib to Howal Creek,Unnamed,None,,,Excluded structure,Barrier assessment,No structure,Field assessment,,,,,,,,,,,,,,,,,Field crew saw no sign of crossing. Mapped location was in middle of forst not near a road.,,"1001802859","1802859",MODELLED CROSSINGS,"ROAD, RESOURCE/OTHER",,CBS,,POTENTIAL,,,,,,,,,,,,"9","638197","6109268","360578661",406.701135016906,400.431358.079962.441999.489656.450914,400.431358.079962.441999.489656.450914,BULK,,,"0",,,,,,0,0,0,0,0,0,0,0,0,0,0,0,0,0,0,0,0,0,0,0,0,2.52925838148356,0,2.52925838148356,0,0,0,0,0,0,2.53,2.53,2.53,2.53,,,,,,,,,,
"1001802899",,,,,,,,,,,,,,,,,,,,,,,,,,,,,"1001802899","1802899",MODELLED CROSSINGS,"ROAD, DEMOGRAPHIC",,CBS,,POTENTIAL,,,,,Telkwa High Rd,,,,,,,"9","623305","6077553","360642329",260.799352543327,400.431358.307489.221395,400.431358.307489.221395,BULK,,,"0","123713","1",,,,0,0,0,0,0,0,0,0,0,0,0,0,0,0,0,0,0,0,0,0,0,0.862513414123309,0,0.01,0,0,0,0,0,0,0.86,0.01,0.86,0.01,213302,0.86,"2",0.43,,145,247,147,163,D
"1001802931",,,,,,,,,,,,,,,,,,,,,,,,,,,,,"1001802931","1802931",MODELLED CROSSINGS,"ROAD, DEMOGRAPHIC",,OBS,,PASSABLE,,,,,Hwy 16 W,,,,,,,"9","616221","6074096","360715518",3121.79878212609,400.431358.338841,400.431358.338841.174463,BULK,Kathlyn Creek,"58242","1","1001800009;1001805550;203122;203126;58213;58245;58257;58261;58263;58271;58287","11",,,,0.274036659022185,0.626999924087853,0,0.63,0,0,6.56699883775927,8.6,0,0.82,8.6,0,0.469307767905161,0.47,0,0,0,0,0,0,3.10799947511191,6.20267265155552,0.82,0.81,0,0,0,0,6.6,6.6,9.54,9.54,11.21,11.21,,,,,,,,,,
"1001802982",,,,,,,,,,,,,,,,,,,,,,,,,,,,,"1001802982","1802982",MODELLED CROSSINGS,"ROAD, RESOURCE/OTHER",,CBS,,POTENTIAL,,,,,,,,,,,,"9","602370","6052404","360879209",573.070370179022,400.431358.415251.449382,400.431358.415251.449382,BULK,Jonas Creek,,"0",,,,,,0,0,0,0,0,0,0.376806738978644,0.38,0,0.38,0.38,0,0,0,0,0,0,0,0,0,0,0.473001545793478,0,0.47,0,0,0,0,0.38,0.38,0.49,0.49,0.49,0.49,470052,0.49,"1",0.49,,139,238,184,168,D
"1001802993",,,,,,,,,,,,,,,,,,,,,,,,,,,,,"1001802993","1802993",MODELLED CROSSINGS,"ROAD, RESOURCE/OTHER",,CBS,,POTENTIAL,,,,,,,,,,,,"9","602663","6051028","360750000",1005.17746397313,400.431358.415251.431313,400.431358.415251.431313,BULK,,"1001803025;1001803005;1001805718","3","1001802994","1",,,,0,0,0,0,0,0,0,0,0,0,0,0,0,0,0,0,0,0,0,0,0,1.44499999999986,0,0.12,0,0,0,0,0,0,1.44,0.12,1.44,0.12,474002,1.55,"5",0.31,,155,260,101,156,D
"1001802994",,,,,,,,,,,,,,,,,,,,,,,,,,,,,"1001802994","1802994",MODELLED CROSSINGS,"ROAD, RESOURCE/OTHER",,CBS,,POTENTIAL,,,,,,,,,,,,"9","602779","6050984","360750000",1130.05906227719,400.431358.415251.431313,400.431358.415251.431313,BULK,,"1001802993;1001803025;1001803005;1001805718","4",,,,,,0,0,0,0,0,0,0,0,0,0,0,0,0,0,0,0,0,0,0,0,0,1.31999999999993,0,1.31999999999993,0,0,0,0,0,0,1.32,1.32,1.32,1.32,474002,1.55,"5",0.31,,155,260,101,156,D
"1001803005",,,,,,,,,,,,,,,,,,,,,,,,,,,,,"1001803005","1803005",MODELLED CROSSINGS,"ROAD, RESOURCE/OTHER",,CBS,,POTENTIAL,,,,,,,,,,,,"9","602587","6050999","360750000",920.976648213273,400.431358.415251.431313,400.431358.415251.431313,BULK,,"1001805718","1","1001802993;1001802994;1001803025","3",,,,0,0,0,0,0,0,0,0,0,0,0,0,0,0,0,0,0,0,0,0,0,1.52899999999991,0,0.07,0,0,0,0,0,0,1.53,0.07,1.53,0.07,474002,1.55,"5",0.31,,155,260,101,156,D
"1001803012",,,,,,,,,,,,,,,,,,,,,,,,,,,,,"1001803012","1803012",MODELLED CROSSINGS,"ROAD, RESOURCE/OTHER",,OBS,,PASSABLE,,,,,,,,,,,,"9","620606","6058404","360859802",707.737224649199,400.431358.415251.107412,400.431358.415251.107412,BULK,Tenas Creek,,"0","1001801265;1001803049;195424;195451","4",,,,24.8204577841215,35.5745802748225,24.82,35.57,0,0,41.0899371121442,44.05,0,41.09,44.05,0,35.5107214318424,35.51,0,0,0,0,0,0,34.2188390872438,50.2088657677775,34.22,47.84,0,0,0,0,41.1,41.1,51.48,51.48,51.48,51.48,,,,,,,,,,
"1001803025",,,,,,,,,,,,,,,,,,,,,,,,,,,,,"1001803025","1803025",MODELLED CROSSINGS,"ROAD, RESOURCE/OTHER",,CBS,,POTENTIAL,,,,,,,,,,,,"9","602648","6051026","360750000",989.95121397973,400.431358.415251.431313,400.431358.415251.431313,BULK,,"1001803005;1001805718","2","1001802993;1001802994","2",,,,0,0,0,0,0,0,0,0,0,0,0,0,0,0,0,0,0,0,0,0,0,1.45999999999988,0,0.02,0,0,0,0,0,0,1.46,0.02,1.46,0.02,474002,1.55,"5",0.31,,155,260,101,156,D
"1001803036",,,,,,,,,,,,,,,,,,,,,,,,,,,,,"1001803036","1803036",MODELLED CROSSINGS,"ROAD, RESOURCE/OTHER",,CBS,,POTENTIAL,,,,,,,,,,,,"9","613287","6055648","360870288",263.623067499512,400.431358.415251.243514,400.431358.415251.243514,BULK,,,"0","1001803040","1",,,,0,0,0,0,0,0,0,0,0,0,0,0,0,0,0,0,0,0,0,0,0,0.574000963588397,0,0.07,0,0,0,0,0,0,0.57,0.07,0.57,0.07,477952,0.57,"2",0.285,,159,262,167,172,D
"1001803040",,,,,,,,,,,,,,,,,,,,,,,,,,,,,"1001803040","1803040",MODELLED CROSSINGS,"ROAD, RESOURCE/OTHER",,CBS,,POTENTIAL,,,,,,,,,,,,"9","613293","6055583","360870288",337.454877811676,400.431358.415251.243514,400.431358.415251.243514,BULK,,"1001803036","1",,,,,,0,0,0,0,0,0,0,0,0,0,0,0,0,0,0,0,0,0,0,0,0,0.501000963588411,0,0.5,0,0,0,0,0,0,0.5,0.5,0.5,0.5,477952,0.57,"2",0.285,,159,262,167,172,D
"1001803041",,,,,,,,,,,,,,,,,,,,,,,,,,,,,"1001803041","1803041",MODELLED CROSSINGS,"ROAD, RESOURCE/OTHER",,CBS,,POTENTIAL,,,,,,,,,,,,"9","613099","6055740","360887206",151.259786058648,400.431358.415251.246615,400.431358.415251.246615,BULK,,,"0",,,,,,0,0,0,0,0,0,0,0.33,0,0,0.33,0,0,0,0,0,0,0,0,0,0,0,0,0,0,0,0,0,0,0,0.33,0.33,0.33,0.33,485852,0.33,"1",0.33,,153,257,202,186,D
"1001803049",,,,,,,,,,,,,,,,,,,,,,,,,,,,,"1001803049","1803049",MODELLED CROSSINGS,"ROAD, RESOURCE/OTHER",,CBS,,POTENTIAL,,,,,,,,,,,,"9","617602","6052977","360510534",1159.34547167587,400.431358.415251.107412.392550,400.431358.415251.107412.392550,BULK,,,"0","1001801265;195424;195451","3",,,,0,0,0,0,0,0,0,1.7,0,0,0.47,0,0,0,0,0,0,0,0,0,0,2.36765664228661,0,0.47,0,0,0,0,0,0,2.37,0.47,2.37,0.47,1169202,2.37,"4",0.5925,,126,101,75,84,D
"1001803054",,,,,,,,,,,,,,,,,,,,,,,,,,,,,"1001803054","1803054",MODELLED CROSSINGS,"ROAD, RESOURCE/OTHER",,CBS,,POTENTIAL,,,,,Telkwa River FSR,,,,,,,"9","597082","6052876","360352939",703.50627797803,400.431358.415251.544243,400.431358.415251.544243,BULK,,"1001801976","1","1001800423;1001801982","2",,,,0,0,0,0,0,0,0,0.53,0,0,0.4,0,0,0,0,0,0,0,0,0,0,0.525999999999884,0,0.39,0,0,0,0,0,0,0.53,0.4,0.53,0.4,402902,0.77,"4",0.1925,,171,280,151,174,D
"1001803099",,,,,,,,,,,,,,,,,,,,,,,,,,,,,"1001803099","1803099",MODELLED CROSSINGS,"ROAD, RESOURCE/OTHER",,CBS,,POTENTIAL,,,,,,,,,,,,"9","612104","6066218","360871054",1416.43431606626,400.431358.415251.212542.340915,400.431358.415251.212542.340915.106878,BULK,,,"0",,,,,,0,0,0,0,0,0,0,0,0,0,0,0,0,0,0,0,0,0,0,0,0,1.23702199805926,0,1.24,0,0,0,0,0,0,1.24,1.24,1.24,1.24,778152,1.24,"1",1.24,,80,65,118,86,D
"1001803123",,,,,,,,,,,,,,,,,,,,,,,,,,,,,"1001803123","1803123",MODELLED CROSSINGS,"ROAD, RESOURCE/OTHER",,CBS,,POTENTIAL,,,,,,,,,,,,"9","608238","6086468","360868653",2017.28175944053,400.431358.237852.158972,400.431358.237852.158972,BULK,Owens Creek,"57944","1",,,,,,0,0,0,0,0,0,0.880337313667961,0.88,0,0.88,0.88,0,0,0,0,0,0,0,0,0,0,2.33759630825057,0,2.34,0,0,0,0,0.88,0.88,2.34,2.34,2.34,2.34,782102,2.34,"1",2.34,"[ ""1331152"" ]",49,124,77,98,D
"1001803127",,,,,,,,,,,,,,,,,,,,,,,,,,,,,"1001803127","1803127",MODELLED CROSSINGS,"ROAD, RESOURCE/OTHER",,CBS,,POTENTIAL,,,,,,,,,,,,"9","609635","6089503","360884593",1468.92188226875,400.431358.240890,400.431358.240890,BULK,,"1001803189","1","1001803188;123744","2",,,,0,0,0,0,0,0,0,0,0,0,0,0,0,0,0,0,0,0,0,0,0,1.28577124693972,0,0.72,0,0,0,0,0,0,1.29,0.73,1.29,0.73,497702,1.15,"2",0.575,,129,104,96,95,D
"1001803133",,,,,,,,,,,,,,,,,,,,,,,,,,,,,"1001803133","1803133",MODELLED CROSSINGS,"ROAD, RESOURCE/OTHER",,CBS,,POTENTIAL,,,,,,,,,,,,"9","598086","6086793","360816018",2226.27576297053,400.431358.236625.555248,400.431358.236625.555248.146873,BULK,,,"0","1001803134;1001805272;58059","3",,,,0,0,0,0,0,0,0,1.28,0,0,1.27,0,0,0,0,0,0,0,0,0,0,3.48199937000959,0,1.33,0,0,0,0,0,0,3.48,1.33,3.48,1.33,588552,1.33,"1",1.33,,75,61,47,45,D
"1001803134",,,,,,,,,,,,,,,,,,,,,,,,,,,,,"1001803134","1803134",MODELLED CROSSINGS,"ROAD, RESOURCE/OTHER",,CBS,,POTENTIAL,,,,,,,,,,,,"9","597983","6086394","360573383",66.8479938198962,400.431358.236625.555248.293932,400.431358.236625.555248.293932,BULK,,"1001803133","1","58059","1",,,,0,0,0,0,0,0,0,0,0,0,0,0,0,0,0,0,0,0,0,0,0,1.31999965278699,0,0.77,0,0,0,0,0,0,1.32,0.77,1.32,0.77,793952,0.77,"1",0.77,"[ ""588552"" ]",113,150,113,127,D
"1001803142",,,,,,,,,,,,,,,,,,,,,,,,,,,,,"1001803142","1803142",MODELLED CROSSINGS,"ROAD, RESOURCE/OTHER",,OBS,,PASSABLE,,,,,,,,,,,,"9","610850","6084648","360863724",7686.99596706481,400.431358.237852,400.431358.237852.349713,BULK,Toboggan Creek,"57944","1","1001805547;1001805548;199457;199458;57912;57914;58345","7",,,,1.56861725325554,3.27243144121985,1.57,2.46,0,0,10.9303325135338,18.12,0,8.8,18.12,0,4.31383711314741,2.21,0,0,0,0,0,0,3.81800077105116,11.7127327796448,3.44,8.32,0,0,0,0,10.93,10.93,20.5,20.5,21.39,21.39,,,,,,,,,,
"1001803188",,,,,,,,,,,,,,,,,,,,,,,,,,,,,"1001803188","1803188",MODELLED CROSSINGS,"ROAD, RESOURCE/OTHER",,CBS,,POTENTIAL,,,,,,,,,,,,"9","610078","6088948","360884593",2192.97728841506,400.431358.240890,400.431358.240890,BULK,,"1001803127;1001803189","2","123744","1",,,,0,0,0,0,0,0,0,0,0,0,0,0,0,0,0,0,0,0,0,0,0,0.56177124693963,0,0.37,0,0,0,0,0,0,0.56,0.37,0.56,0.37,497703,0.37,"1",0.37,"[ ""497702"" ]",150,350,168,215,D
"1001803189",,,,,,,,,,,,,,,,,,,,,,,,,,,,,"1001803189","1803189",MODELLED CROSSINGS,"ROAD, RESOURCE/OTHER",,CBS,,POTENTIAL,,,,,,,,,,,,"9","609286","6089678","360884593",1041.37474100745,400.431358.240890,400.431358.240890,BULK,,,"0","1001803127;1001803188;123744","3",,,,0,0,0,0,0,0,0,0,0,0,0,0,0,0,0,0,0,0,0,0,0,1.71377124693973,0,0.43,0,0,0,0,0,0,1.71,0.42,1.71,0.42,497702,1.15,"2",0.575,,129,104,96,95,D
"1001803263",,,,,,,,,,,,,,,,,,,,,,,,,,,,,"1001803263","1803263",MODELLED CROSSINGS,"ROAD, RESOURCE/OTHER",,CBS,,POTENTIAL,,,,,,,,,,,,"9","637994","6070018","360640854",3884.93153183258,400.431358.319200.552528,400.431358.319200.552528.137043,BULK,,"57876","1",,,,,,0,0,0,0,0,0,0,0,0,0,0,0,0,0,0,0,0,0,0,0,0,0.0317606676993669,0,0.03,0,0,0,0,0,0,0.03,0.03,0.03,0.03,797903,0.03,"1",0.03,"[ ""797902"" ]",189,342,267,263,D
"1001803306",,,,,,,,,,,,,,,,,,,,,,,,,,,,,"1001803306","1803306",MODELLED CROSSINGS,"ROAD, RESOURCE/OTHER",,OBS,,PASSABLE,,,,,,,,,,,,"9","606419","6100145","360884284",2025.33963769889,400.431358.181726,400.431358.181726.099887,BULK,Corya Creek,,"0","197960","1",,,,3.44633353783382,7.6198641255492,0.8,0.82,0,0,9.89042908086331,9.89,0,0.82,9.89,0,10.7532132237161,0.82,0,0,0,0,0,0,6.22732137163116,12.2809264332568,0.82,0.82,0,0,0,0,9.89,9.89,13.16,13.16,13.16,13.16,,,,,,,,,,
"1001803307",,,,,,,,,,,,,,,,,,,,,,,,,,,,,"1001803307","1803307",MODELLED CROSSINGS,"ROAD, RESOURCE/OTHER",,CBS,,POTENTIAL,,,,,,,,,,,,"9","606138","6100560","360467487",663.383655393598,400.431358.181726.071469,400.431358.181726.071469,BULK,,"1001803313;1001800126;1001800411","3","1024742362;124164;124165","3",,,,0,0,0,0,0,0,0,2.6,0,0,0.01,0,0,0,0,0,0,0,0,0,0,2.601,0,0.01,0,0,0,0,0,0,2.6,0.01,2.6,0.01,671502,2.96,"7",0.422857142857143,,146,248,58,145,D
"1001803313",,,,,,,,,,,,,,,,,,,,,,,,,,,,,"1001803313","1803313",MODELLED CROSSINGS,"ROAD, DEMOGRAPHIC",,CBS,,POTENTIAL,,,,,Station Rd,,,,,,,"9","606313","6100505","360467487",471.715064614508,400.431358.181726.071469,400.431358.181726.071469,BULK,,"1001800126;1001800411","2","1001803307;1024742362;124164;124165","4",,,,0,0,0,0,0,0,0,2.79,0,0,0.19,0,0,0,0,0,0,0,0,0,0,2.79199999999993,0,0.19,0,0,0,0,0,0,2.79,0.19,2.79,0.19,671502,2.96,"7",0.422857142857143,,146,248,58,145,D
"1001803380",,,,,,,,,,,,,,,,,,,,,,,,,,,,,"1001803380","1803380",MODELLED CROSSINGS,"ROAD, RESOURCE/OTHER",,CBS,,POTENTIAL,,,,,,,,,,,,"9","586380","6047615","360764725",2223.35208774164,400.431358.415251.700137.157278,400.431358.415251.700137.157278.408636,BULK,Clear Creek,,"0","1001803387","1",,,,0,0,0,0,0,0,0,0.91,0,0,0.23,0,0,0,0,0,0,0,0,0,0,0.928042324023808,0,0.23,0,0,0,0,0,0,0.93,0.23,0.93,0.23,801852,0.93,"2",0.465,,141,240,142,161,D
"1001803387",,,,,,,,,,,,,,,,,,,,,,,,,,,,,"1001803387","1803387",MODELLED CROSSINGS,"ROAD, RESOURCE/OTHER",,CBS,,POTENTIAL,,,,,,,,,,,,"9","586156","6047639","360764725",2454.70592033518,400.431358.415251.700137.157278,400.431358.415251.700137.157278.408636,BULK,Clear Creek,"1001803380","1",,,,,,0,0,0,0,0,0,0,0.68,0,0,0.68,0,0,0,0,0,0,0,0,0,0,0.696042324023768,0,0.7,0,0,0,0,0,0,0.7,0.7,0.7,0.7,801852,0.93,"2",0.465,,141,240,142,161,D
"1001803408",,,,,,,,,,,,,,,,,,,,,,,,,,,,,"1001803408","1803408",MODELLED CROSSINGS,"ROAD, DEMOGRAPHIC",,CBS,,POTENTIAL,,,,,Hwy 16,,,,,,,"9","653604","6032640","360711229",839.069994392716,400.431358.636316,400.431358.636316,BULK,,"1001805559","1","1001801093","1",,,,0,0,0,0,0,0,0,0,0,0,0,0,0,0,0,0,0,0,0,0,0,0.661924411510409,0,0.17,0,0,0,0,0,0,0.66,0.17,0.66,0.17,94802,1.42,"3",0.473333333333333,,140,239,107,154,D
"1001803588",,,,,,,,,,,,,,,,,,,,,,,,,,,,,"1001803588","1803588",MODELLED CROSSINGS,"ROAD, RESOURCE/OTHER",,OBS,,PASSABLE,,,,,,,,,,,,"9","692508","6010640","360882583",427.901536414194,400.431358.918528.706774,400.431358.918528.706774,BULK,,,"0",,,,,,0,0,0,0,0,0,2.68954895262215,2.69,0,2.69,2.69,0,0,0,0,0,0,0,0,0,0,3.60200220557829,0,3.6,0,0,0,0,2.69,2.69,3.6,3.6,3.6,3.6,,,,,,,,,,
"1001803606",,,,,,,,,,,,,,,,,,,,,,,,,,,,,"1001803606","1803606",MODELLED CROSSINGS,"ROAD, RESOURCE/OTHER",,CBS,,POTENTIAL,,,,,,,,,,,,"9","647777","6108546","360865493",668.543959765777,400.431358.079962.441999.600348.634667,400.431358.079962.441999.600348.634667,BULK,,,"0",,,,,,0,0,0,0,0,0,0,0.13,0,0,0.13,0,0,0,0,0,0,0,0,0,0,0,0,0,0,0,0,0,0,0,0.13,0.13,0.13,0.13,509552,0.13,"1",0.13,,179,290,245,223,D
"1001803607",,,,,,,,,,,,,,,,,,,,,,,,,,,,,"1001803607","1803607",MODELLED CROSSINGS,"ROAD, RESOURCE/OTHER",,CBS,,POTENTIAL,,,,,,,,,,,,"9","647362","6109046","360872895",10439.0632032589,400.431358.079962.441999.600348,400.431358.079962.441999.600348.638445,BULK,,,"0","1001803952","1",,,,0,0,0,0,0,0,0,3.46,0,0,2.92,0,0,0,0,0,0,0,0,0,0,0,0,0,0,0,0,0,0,0,3.46,2.92,3.46,2.92,513502,2.92,"1",2.92,,35,30,48,33,D
"1001803628",,,,,,,,,,,,,,,,,,,,,,,,,,,,,"1001803628","1803628",MODELLED CROSSINGS,"ROAD, RESOURCE/OTHER",,CBS,,POTENTIAL,,,,,,,,,,,,"9","665236","6031999","360840071",352.44613891727,400.431358.691053.297803,400.431358.691053.297803,BULK,,,"0",,,,,,0,0,0,0,0,0,0,1.41,0,0,1.41,0,0,0,0,0,0,0,0,0,0,0.948910404583966,0,0.95,0,0,0,0,0,0,1.41,1.41,1.41,1.41,813702,1.41,"1",1.41,,69,56,108,77,D
"1001803651",,,,,,,,,,,,,,,,,,,,,,,,,,,,,"1001803651","1803651",MODELLED CROSSINGS,"ROAD, RESOURCE/OTHER",,OBS,,PASSABLE,,,,,,,,,,,,"9","675489","6004502","360886221",68429.6176323236,400.431358.623573,400.431358.623573.829593,BULK,Buck Creek,,"0","1001800502","1",,,,0,3.86588524878909,0,3.87,0,0,6.66740098709261,17.53,0,6.67,17.53,0,0,0,0,0,0,0,0,0,0,14.3905779883676,0,12.38,0,0,0,0,6.67,6.67,22.22,22.22,22.22,22.22,,,,,,,,,,
"1001803652",,,,,,,,,,,,,,,,,,,,,,,,,,,,,"1001803652","1803652",MODELLED CROSSINGS,"ROAD, RESOURCE/OTHER",,CBS,,POTENTIAL,,,,,,,,,,,,"9","675565","6004725","360844271",374.584684469508,400.431358.623573.825054,400.431358.623573.825054,BULK,Bessemer Creek,,"0",6f9b07a8-166c-4a7a-aeb6-e676d0dcc5f6,"1",,,,0,0,0,0,0,0,0,0.87,0,0,0.87,0,0,0,0,0,0,0,0,0,0,3.07927831327098,0,0.87,0,0,0,0,0,0,3.08,0.87,3.08,0.87,817652,3.08,"2",1.54,,65,53,54,44,D
"1001803657",,,,,,,,,,,,,,,,,,,,,,,,,,,,,"1001803657","1803657",MODELLED CROSSINGS,"ROAD, RESOURCE/OTHER",,CBS,,POTENTIAL,,,,,,,,,,,,"9","670088","6007910","360860917",1994.45351864308,400.431358.623573.735016,400.431358.623573.735016.234383,BULK,,,"0",,,,,,0,0,0,0,0,0,0,0.55,0,0,0.55,0,0,0,0,0,0,0,0,0,0,0.0804324511347953,0,0.08,0,0,0,0,0,0,0.55,0.55,0.55,0.55,517452,0.55,"1",0.55,,132,106,171,133,D
"1001803694",,,,,,,,,,,,,,,,,,,,,,,,,,,,,"1001803694","1803694",MODELLED CROSSINGS,"ROAD, RESOURCE/OTHER",,CBS,,POTENTIAL,,,,,Maxan Creek FSR,,,,,,,"9","682157","6028409","360640412",109.944279121107,400.431358.912160.241831,400.431358.912160.241831.010726,BULK,,,"0",,,,,,0,0,0,0,0,0,0,1.8,0,0,1.8,0,0,0,0,0,0,0,0,0,0,1.54701848860544,0,1.55,0,0,0,0,0,0,1.8,1.8,1.8,1.8,521402,1.8,"1",1.8,,60,48,94,62,D
"1001803709",,,,,,,,,,,,,,,,,,,,,,,,,,,,,"1001803709","1803709",MODELLED CROSSINGS,"ROAD, RESOURCE/OTHER",,OBS,,PASSABLE,,,,,Maxan Creek FSR,,,,,,,"9","686897","6022211","360877225",1314.26214920555,400.431358.918528.313709,400.431358.918528.313709,BULK,Foxy Creek,,"0",,,,,,12.7950696639401,14.3313523070461,12.8,14.33,0,0,14.3313523070461,14.33,0,14.33,14.33,0,14.417975143663,14.42,2.94818927659643,0,0,2.95,0,0,13.4243390082566,14.417975143663,13.42,14.42,0,0,0,0,14.33,14.33,15.89,15.89,15.89,15.89,,,,,,,,,,
"1001803834",,Trib to Howal Creek,Upper Fulton FSR,None,,,Excluded structure,Barrier assessment,No structure,Field assessment,,,,,,,,,,,,,,,,,Deactivated (crossing removed),,"1001803834","1803834",MODELLED CROSSINGS,"ROAD, RESOURCE/OTHER",,OBS,,PASSABLE,,,,,,,,,,,,"9","637904","6109001","360495461",635.422668573908,400.431358.079962.441999.489656.492583,400.431358.079962.441999.489656.492583,BULK,,"1001804239","1","1001801020","1",,,,0,0,0,0,0,0,0,1.97,0,0,1.97,0,0,0,0,0,0,0,0,0,0,2.37046829110511,0,2.24,0,0,0,0,0,0,2.37,2.37,2.37,2.37,,,,,,,,,,
"1001803835",,Trib to Howal Creek,Upper Fulton FSR,None,,,Excluded structure,Barrier assessment,No structure,Field assessment,,,,,,,,,,,,,,,,,Deactivated (crossing removed),,"1001803835","1803835",MODELLED CROSSINGS,"ROAD, RESOURCE/OTHER",,OBS,,PASSABLE,,,,,,,,,,,,"9","637925","6109249","360578661",708.071849545161,400.431358.079962.441999.489656.450914,400.431358.079962.441999.489656.450914,BULK,,"1001802859","1",,,,,,0,0,0,0,0,0,0,0,0,0,0,0,0,0,0,0,0,0,0,0,0,2.22825838148348,0,2.22825838148348,0,0,0,0,0,0,2.23,2.23,2.23,2.23,,,,,,,,,,
"1001803895",,,,,,,,,,,,,,,,,,,,,,,,,,,,,"1001803895","1803895",MODELLED CROSSINGS,"ROAD, RESOURCE/OTHER",,CBS,,POTENTIAL,,,,,,,,,,,,"9","673199","6029245","360862508",21869.6489201526,400.431358.691053,400.431358.691053.714944,BULK,,,"0","1001804120","1",,,,0,0,0,0,0,0,0,0,0,0,0,0,0,0,0,0,0,0,0,0,0,4.47646637308754,0,2.59,0,0,0,0,0,0,4.48,2.59,4.48,2.59,525352,2.59,"1",2.59,,41,35,38,31,D
"1001803928",,,,,,,,,,,,,,,,,,,,,,,,,,,,,"1001803928","1803928",MODELLED CROSSINGS,"ROAD, RESOURCE/OTHER",,CBS,,POTENTIAL,,,,,,,,,,,,"9","691148","6033245","360841042",391.561251195761,400.431358.946172.051776,400.431358.946172.051776,BULK,,"197967","1","1001802264","1",,,,0,0,0,0,0,0,0,0.59,0,0,0.17,0,0,0,0,0,0,0,0,0,0,0,0,0,0,0,0,0,0,0,0.59,0.17,0.59,0.17,438452,0.59,"2",0.295,"[ ""1406202"" ]",158,319,166,199,D
"1001803952",,,,,,,,,,,,,,,,,,,,,,,,,,,,,"1001803952","1803952",MODELLED CROSSINGS,"ROAD, RESOURCE/OTHER",,CBS,,POTENTIAL,,,,,,,,,,,,"9","647670","6109763","360872895",11387.1563163833,400.431358.079962.441999.600348,400.431358.079962.441999.600348.722250,BULK,,"1001803607","1",,,,,,0,0,0,0,0,0,0,0.54,0,0,0.54,0,0,0,0,0,0,0,0,0,0,0,0,0,0,0,0,0,0,0,0.54,0.54,0.54,0.54,513503,0.54,"1",0.54,"[ ""513502"" ]",133,168,172,152,D
"1001803970",,,,,,,,,,,,,,,,,,,,,,,,,,,,,"1001803970","1803970",MODELLED CROSSINGS,"ROAD, RESOURCE/OTHER",,OBS,,PASSABLE,,,,,,,,,,,,"9","593201","6051570","360867350",1473.99054742786,400.431358.415251.593369,400.431358.415251.593369,BULK,Tsai Creek,,"0",,,,,,0,0,0,0,0,0,0.543999999999971,0.54,0,0.543999999999971,0.54,0,0.543999999999971,0.543999999999971,0,0,0,0,0,0,0.543999999999971,0.585999999999943,0.543999999999971,0.585999999999943,0,0,0,0,0.54,0.54,0.59,0.59,0.59,0.59,,,,,,,,,,
"1001803987",,,,,,,,,,,,,,,,,,,,,,,,,,,,,"1001803987","1803987",MODELLED CROSSINGS,"ROAD, RESOURCE/OTHER",,CBS,,POTENTIAL,,,,,,,,,,,,"9","587656","6048409","360584104",536.491946667721,400.431358.415251.700137.157278.215065.189883,400.431358.415251.700137.157278.215065.189883,BULK,,,"0",,,,,,0,0,0,0,0,0,0,0.4,0,0,0.4,0,0,0,0,0,0,0,0,0,0,0,0,0,0,0,0,0,0,0,0.4,0.4,0.4,0.4,829502,0.4,"1",0.4,,147,250,193,179,D
"1001804057",,,,,,,,,,,,,,,,,,,,,,,,,,,,,"1001804057","1804057",MODELLED CROSSINGS,"ROAD, RESOURCE/OTHER",,OBS,,PASSABLE,,,,,,,,,,,,"9","640898","6113192","360770549",1087.11984397779,400.431358.079962.441999.517711.372055,400.431358.079962.441999.517711.372055,BULK,,"1001801039","1",,,,,,0,0,0,0,0,0,0,0,0,0,0,0,0,0,0,0,0,0,0,0,0,0.30394786583089,0,0.30394786583089,0,0,0,0,0,0,0.3,0.3,0.3,0.3,,,,,,,,,,
"1001804075",,,,,,,,,,,,,,,,,,,,,,,,,,,,,"1001804075","1804075",MODELLED CROSSINGS,"ROAD, RESOURCE/OTHER",,CBS,,POTENTIAL,,,,,,,,,,,,"9","673481","6030793","360834459",1618.33613312876,400.431358.691053.628757,400.431358.691053.628757,BULK,,,"0","1001800807","1",,,,0,0,0,0,0,0,0,0.39,0,0,0,0,0,0,0,0,0,0,0,0,0,0.851987237042573,0,0.65,0,0,0,0,0,0,1.24,0.65,1.24,0.65,833452,1.24,"2",0.62,,123,99,120,108,D
"1001804112",,,,,,,,,,,,,,,,,,,,,,,,,,,,,"1001804112","1804112",MODELLED CROSSINGS,"ROAD, RESOURCE/OTHER",,CBS,,POTENTIAL,,,,,,,,,,,,"9","666226","6008953","360822796",3111.81146007632,400.431358.623573.686399,400.431358.623573.686399.287401,BULK,,,"0",,,,,,0,0,0,0,0,0,0,0,0,0,0,0,0,0,0,0,0,0,0,0,0,0.0869531146253788,0,0.0869531146253788,0,0,0,0,0,0,0.09,0.09,0.09,0.09,529302,0.09,"1",0.09,,183,295,253,230,D
"1001804114",,,,,,,,,,,,,,,,,,,,,,,,,,,,,"1001804114","1804114",MODELLED CROSSINGS,"ROAD, RESOURCE/OTHER",,OBS,,PASSABLE,,,,,,,,,,,,"9","664065","6008504","360869671",1906.36795713716,400.431358.623573.582634,400.431358.623573.582634,BULK,,,"0",,,,,,0,0,0,0,0,0,0,0,0,0,0,0,0,0,0,0,0,0,0,0,0,2.08562059730815,0,2.09,0,0,0,0,0,0,2.09,2.09,2.09,2.09,,,,,,,,,,
"1001804120",,,,,,,,,,,,,,,,,,,,,,,,,,,,,"1001804120","1804120",MODELLED CROSSINGS,"ROAD, RESOURCE/OTHER",,CBS,,POTENTIAL,,,,,,,,,,,,"9","674097","6027140","360858297",1515.35093652612,400.431358.691053.765424,400.431358.691053.765424.179823,BULK,,"1001803895","1",,,,,,0,0,0,0,0,0,0,0,0,0,0,0,0,0,0,0,0,0,0,0,0,1.88899995034722,0,1.89,0,0,0,0,0,0,1.89,1.89,1.89,1.89,533252,1.89,"1",1.89,"[ ""525352"" ]",58,128,92,110,D
"1001804130",,,,,,,,,,,,,,,,,,,,,,,,,,,,,"1001804130","1804130",MODELLED CROSSINGS,"ROAD, RESOURCE/OTHER",,CBS,,POTENTIAL,,,,,,,,,,,,"9","656148","6011829","360672505",1002.01213647883,400.431358.623573.375538,400.431358.623573.375538,BULK,,,"0",,,,,,0,0,0,0,0,0,0,0,0,0,0,0,0,0,0,0,0,0,0,0,0,1.31300000000005,0,1.31,0,0,0,0,0,0,1.31,1.31,1.31,1.31,537202,1.31,"1",1.31,,76,63,114,85,D
"1001804145",,,,,,,,,,,,,,,,,,,,,,,,,,,,,"1001804145","1804145",MODELLED CROSSINGS,"ROAD, RESOURCE/OTHER",,OBS,,PASSABLE,,,,,,,,,,,,"9","686579","6023775","360881038",14607.7867929287,400.431358.918528,400.431358.918528.276454,BULK,Maxan Creek,,"0","1001802239;1024748044;1024748047;197909","4",,,,16.9120936443462,18.4483762874522,16.91,18.45,0,0,24.5291576427255,66.7,0,23.94,66.7,0,18.5349991240691,18.53,6.5479320242975,20.93,0,6.55,20.93,0,17.5413629886626,45.3702941911174,17.54,41.34,0,0,0,0,24.93,24.93,96.21,96.21,96.21,96.21,,,,,,,,,,
"1001804174",,,,,,,,,,,,,,,,,,,,,,,,,,,,,"1001804174","1804174",MODELLED CROSSINGS,"ROAD, RESOURCE/OTHER",,OBS,,PASSABLE,,,,,,,,,,,,"9","659609","6020791","360760898",10393.6233265505,400.431358.623573.083900,400.431358.623573.083900.530586,BULK,Dungate Creek,,"0",,,"66732880002994",,,0,0,0,0,0,0,0,0,0,0,0,0,0,0,0,0,0,0,0,0,0,2.39059377886827,0,2.39,0,0,0,0,0,0,2.39,2.39,2.39,2.39,,,,,,,,,,
"1001804210",,,,,,,,,,,,,,,,,,,,,,,,,,,,,"1001804210","1804210",MODELLED CROSSINGS,"ROAD, RESOURCE/OTHER",,CBS,,POTENTIAL,,,,,Telkwa River Road FSR,,,,,,,"9","603173","6051879","360865476",306.374563546806,400.431358.415251.428709,400.431358.415251.428709.104481,BULK,,,"0",,,,,,0,0,0,0,0,0,0,0.75,0,0,0.75,0,0,0,0,0,0,0,0,0,0,0.75412014319761,0,0.75,0,0,0,0,0,0,0.75,0.75,0.75,0.75,837402,0.75,"1",0.75,,114,92,154,122,D
"1001804239",,Trib to Howal Creek,Unnamed,None,,,Excluded structure,Barrier assessment,No structure,Field assessment,,,,,,,,,,,,,,,,,Deactivated (crossing removed),,"1001804239","1804239",MODELLED CROSSINGS,"ROAD, RESOURCE/OTHER",,CBS,,POTENTIAL,,,,,,,,,,,,"9","638376","6109095","360495461",104.321272841374,400.431358.079962.441999.489656.492583,400.431358.079962.441999.489656.492583,BULK,,,"0","1001801020","1",,,,0,0,0,0,0,0,0,2.5,0,0,2.5,0,0,0,0,0,0,0,0,0,0,2.90146829110515,0,2.77,0,0,0,0,0,0,2.9,2.77,2.9,2.77,,,,,,,,,,
"1001804282",,,,,,,,,,,,,,,,,,,,,,,,,,,,,"1001804282","1804282",MODELLED CROSSINGS,"ROAD, RESOURCE/OTHER",,CBS,,POTENTIAL,,,,,Heading Creek FSR,,,,,,,"9","663324","6032748","360747634",618.54744692066,400.431358.691053.231112,400.431358.691053.231112,BULK,,,"0",,,,,,0,0,0,0,0,0,0,0.24,0,0,0.24,0,0,0,0,0,0,0,0,0,0,0,0,0,0,0,0,0,0,0,0.24,0.24,0.24,0.24,541152,0.24,"1",0.24,,164,270,217,201,D
"1001804289",,,,,,,,,,,,,,,,,,,,,,,,,,,,,"1001804289","1804289",MODELLED CROSSINGS,"ROAD, RESOURCE/OTHER",,CBS,,POTENTIAL,,,,,Heading Creek FSR,,,,,,,"9","666431","6029999","360798531",927.613005066058,400.431358.691053.404010.335290,400.431358.691053.404010.335290,BULK,,"1001804863","1",,,,,,0,0,0,0,0,0,0,0,0,0,0,0,0,0,0,0,0,0,0,0,0,0.886360029694895,0,0.89,0,0,0,0,0,0,0.89,0.89,0.89,0.89,545102,1.18,"2",0.59,,127,102,126,116,D
"1001804364",,,,,,,,,,,,,,,,,,,,,,,,,,,,,"1001804364","1804364",MODELLED CROSSINGS,"ROAD, RESOURCE/OTHER",,CBS,,POTENTIAL,,,,,,,,,,,,"9","667128","6029974","360740449",3490.25125847989,400.431358.691053.404010,400.431358.691053.404010.353150,BULK,,,"0",,,,,,0,0,0,0,0,0,0,0,0,0,0,0,0,0,0,0,0,0,0,0,0,0.449999999999992,0,0.45,0,0,0,0,0,0,0.45,0.45,0.45,0.45,841352,0.45,"1",0.45,,142,243,186,173,D
"1001804409",,,,,,,,,,,,,,,,,,,,,,,,,,,,,"1001804409","1804409",MODELLED CROSSINGS,"ROAD, RESOURCE/OTHER",,CBS,,POTENTIAL,,,,,,,,,,,,"9","676800","6014898","360776023",4416.40460501591,400.431358.623573.718570.532035.218291,400.431358.623573.718570.532035.218291.257770,BULK,,,"0",,,,,,0,0,0,0,0,0,0,1.19,0,0,1.19,0,0,0,0,0,0,0,0,0,0,0.725667649760647,0,0.73,0,0,0,0,0,0,1.68,1.68,1.68,1.68,845302,1.68,"1",1.68,,63,50,98,67,D
"1001804543",,,,,,,,,,,,,,,,,,,,,,,,,,,,,"1001804543","1804543",MODELLED CROSSINGS,"ROAD, RESOURCE/OTHER",,OBS,,PASSABLE,,,,,,,,,,,,"9","665174","6012041","360871386",815.179812897444,400.431358.623573.718570.268941,400.431358.623573.718570.268941.080321,BULK,,,"0",,,,,,0,0,0,0,0,0,0,3.58,0,0,3.58,0,0,0,0,0,0,0,0,0,0,3.58198005474706,0,3.58198005474706,0,0,0,0,0,0,3.58,3.58,3.58,3.58,,,,,,,,,,
"1001804698",,,,,,,,,,,,,,,,,,,,,,,,,,,,,"1001804698","1804698",MODELLED CROSSINGS,"ROAD, RESOURCE/OTHER",,OBS,,PASSABLE,,,,,,,,,,,,"9","689921","6014799","360871884",1134.90216723171,400.431358.918528.567352,400.431358.918528.567352.043152,BULK,,,"0",,,,,,0,0,0,0,0,0,0,3.67,0,0,3.67,0,0,0,0,0,0,0,0,0,0,3.5961760369037,0,3.6,0,0,0,0,0,0,3.67,3.67,3.67,3.67,,,,,,,,,,
"1001804808",,,,,,,,,,,,,,,,,,,,,,,,,,,,,"1001804808","1804808",MODELLED CROSSINGS,"ROAD, RESOURCE/OTHER",,OBS,,PASSABLE,,,,,,,,,,,,"9","630621","6122165","360826302",357.198463874948,400.431358.079962.441999.336998.437215,400.431358.079962.441999.336998.437215.050417,BULK,,,"0",,,,,,0,0,0,0,0,0,0,2.78,0,0,2.78,0,0,0,0,0,0,0,0,0,0,1.21824842633679,0,1.21824842633679,0,0,0,0,0,0,2.99,2.99,2.99,2.99,,,,,,,,,,
"1001804811",,,,,,,,,,,,,,,,,,,,,,,,,,,,,"1001804811","1804811",MODELLED CROSSINGS,"ROAD, RESOURCE/OTHER",,OBS,,PASSABLE,,,,,,,,,,,,"9","636474","6115508","360850350",1050.4407072685,400.431358.079962.441999.401837,400.431358.079962.441999.401837,BULK,,,"0",,,,,,0,0,0,0,0,0,0,0.86,0,0,0.86,0,0,0,0,0,0,0,0,0,0,0.863999999999988,0,0.86,0,0,0,0,0,0,0.86,0.86,0.86,0.86,,,,,,,,,,
"1001804816",,,,,,,,,,,,,,,,,,,,,,,,,,,,,"1001804816","1804816",MODELLED CROSSINGS,"ROAD, RESOURCE/OTHER",,CBS,,POTENTIAL,,,,,,,,,,,,"9","631226","6121851","360777237",68.0012348185683,400.431358.079962.441999.336998.396762,400.431358.079962.441999.336998.396762,BULK,,,"0",,,,,,0,0,0,0,0,0,0,0,0,0,0,0,0,0,0,0,0,0,0,0,0,0.208028737633052,0,0.208028737633052,0,0,0,0,0,0,0.21,0.21,0.21,0.21,549052,0.21,"1",0.21,,168,277,224,209,D
"1001804817",,,,,,,,,,,,,,,,,,,,,,,,,,,,,"1001804817","1804817",MODELLED CROSSINGS,"ROAD, RESOURCE/OTHER",,CBS,,POTENTIAL,,,,,,,,,,,,"9","631102","6121923","360368679",57.6614859201553,400.431358.079962.441999.336998.408545,400.431358.079962.441999.336998.408545,BULK,,,"0",,,,,,0,0,0,0,0,0,0,0,0,0,0,0,0,0,0,0,0,0,0,0,0,1.18199999999992,0,1.18199999999992,0,0,0,0,0,0,1.18,1.18,1.18,1.18,553002,1.18,"1",1.18,,83,67,125,89,D
"1001804818",,,,,,,,,,,,,,,,,,,,,,,,,,,,,"1001804818","1804818",MODELLED CROSSINGS,"ROAD, RESOURCE/OTHER",,OBS,,PASSABLE,,,,,,,,,,,,"9","637449","6113925","360670949",86.0888896001196,400.431358.079962.441999.449955,400.431358.079962.441999.449955,BULK,Moan Creek,,"0","1001804897","1",,,,0,0,0,0,0,0,0,1.54,0,0,1.54,0,0,0,0,0,0,0,0,0,0,2.20514084696506,0,0.81,0,0,0,0,0,0,2.21,2.21,2.21,2.21,,,,,,,,,,
"1001804825",,,,,,,,,,,,,,,,,,,,,,,,,,,,,"1001804825","1804825",MODELLED CROSSINGS,"ROAD, RESOURCE/OTHER",,OBS,,PASSABLE,,,,,,,,,,,,"9","632543","6121469","360791369",805.161550758952,400.431358.079962.441999.336998.266305,400.431358.079962.441999.336998.266305.044143,BULK,,,"0",,,,,,0,0,0,0,0,0,0.0559999999999979,0.06,0,0.0559999999999979,0.06,0,0,0,0,0,0,0,0,0,0,0.0559999999999979,0,0.0559999999999979,0,0,0,0,0.06,0.06,0.06,0.06,0.06,0.06,,,,,,,,,,
"1001804861",,,,,,,,,,,,,,,,,,,,,,,,,,,,,"1001804861","1804861",MODELLED CROSSINGS,"ROAD, RESOURCE/OTHER",,OBS,,PASSABLE,,,,,,,,,,,,"9","680219","6039517","360833834",186.694511049669,400.431358.815756.156687,400.431358.815756.156687,BULK,,,"0",,,,,,0,0,0,0,0,0,0,0,0,0,0,0,0,0,0,0,0,0,0,0,0,0.269201672851506,0,0.27,0,0,0,0,0,0,0.27,0.27,0.27,0.27,,,,,,,,,,
"1001804863",,,,,,,,,,,,,,,,,,,,,,,,,,,,,"1001804863","1804863",MODELLED CROSSINGS,"ROAD, RESOURCE/OTHER",,CBS,,POTENTIAL,,,,,,,,,,,,"9","666696","6030104","360798531",633.471263656634,400.431358.691053.404010.335290,400.431358.691053.404010.335290,BULK,,,"0","1001804289","1",,,,0,0,0,0,0,0,0,0,0,0,0,0,0,0,0,0,0,0,0,0,0,1.18136002969493,0,0.3,0,0,0,0,0,0,1.18,0.29,1.18,0.29,545102,1.18,"2",0.59,,127,102,126,116,D
"1001804884",,,,,,,,,,,,,,,,,,,,,,,,,,,,,"1001804884","1804884",MODELLED CROSSINGS,"ROAD, RESOURCE/OTHER",,OBS,,PASSABLE,,,,,,,,,,,,"9","694322","6004508","360881038",42987.4999420967,400.431358.918528,400.431358.918528.869333,BULK,Maxan Creek,,"0","1001802239","1",,,,0,0,0,0,0,0,0,3.95,0,0,3.95,0,0,0,0,0,0,0,0,0,0,2.14054602641203,0,1.79,0,0,0,0,0,0,5.08,5.08,5.08,5.08,,,,,,,,,,
"1001804897",,,,,,,,,,,,,,,,,,,,,,,,,,,,,"1001804897","1804897",MODELLED CROSSINGS,"ROAD, RESOURCE/OTHER",,CBS,,POTENTIAL,,,,,,,,,,,,"9","638010","6114314","360670949",897.645652216647,400.431358.079962.441999.449955,400.431358.079962.441999.449955.053970,BULK,Moan Creek,,"0",,,,,,0,0,0,0,0,0,0,0.73,0,0,0.73,0,0,0,0,0,0,0,0,0,0,1.39314034612509,0,1.39,0,0,0,0,0,0,1.39,1.39,1.39,1.39,556952,1.39,"1",1.39,,70,57,109,78,D
"1001804905",,,,,,,,,,,,,,,,,,,,,,,,,,,,,"1001804905","1804905",MODELLED CROSSINGS,"ROAD, RESOURCE/OTHER",,CBS,,POTENTIAL,,,,,Caribou 46 FSR,,,,,,,"9","600288","6051285","360818323",708.73968647053,400.431358.415251.474948,400.431358.415251.474948.060637,BULK,,,"0","1001806073","1",,,,0,0,0,0,0,0,0,0.4,0,0,0.03,0,0,0,0,0,0,0,0,0,0,0.40100000000011,0,0.03,0,0,0,0,0,0,0.4,0.03,0.4,0.03,560902,0.4,"2",0.2,,170,279,195,192,D
"1001804950",,,,,,,,,,,,,,,,,,,,,,,,,,,,,"1001804950","1804950",MODELLED CROSSINGS,"ROAD, RESOURCE/OTHER",,OBS,,PASSABLE,,,,,Klocreek FSR,,,,,,,"9","668925","6018667","360880905",24930.7889787572,400.431358.623573.718570,400.431358.623573.718570.688162,BULK,Klo Creek,,"0","1001800248;1001801076;1001805032;1001806279;1001806282;199448;199450","7",,,,0,2.25565132307061,0,2.26,0,0,2.68982187429669,17.58,0,2.69,17.58,0,0,0,0,0,0,0,0,0,0,10.2819798223094,0,7.35,0,0,0,0,2.69,2.69,19.58,19.58,19.58,19.58,,,,,,,,,,
"1001804955",,,,,,,,,,,,,,,,,,,,,,,,,,,,,"1001804955","1804955",MODELLED CROSSINGS,"ROAD, RESOURCE/OTHER",,CBS,,POTENTIAL,,,,,,,,,,,,"9","686338","6028277","360711651",651.232804370043,400.431358.919970.200270,400.431358.919970.200270,BULK,,"1001802013","1",,,,,,0,0,0,0,0,0,0,0,0,0,0,0,0,0,0,0,0,0,0,0,0,0.114742463010923,0,0.11,0,0,0,0,0,0,0.11,0.11,0.11,0.11,853202,0.11,"1",0.11,"[ ""165902"" ]",181,338,251,253,D
"1001804956",,,,,,,,,,,,,,,,,,,,,,,,,,,,,"1001804956","1804956",MODELLED CROSSINGS,"ROAD, RESOURCE/OTHER",,OBS,,PASSABLE,,,,,,,,,,,,"9","687157","6028376","360828489",1753.16611964755,400.431358.919970,400.431358.919970.267827,BULK,,"1001802013","1",,,,,,0,0,0,0,0,0,0,0,0,0,0,0,0,0,0,0,0,0,0,0,0,0.259412483678418,0,0.26,0,0,0,0,0,0,0.26,0.26,0.26,0.26,,,,,,,,,,
"1001804994",,,,,,,,,,,,,,,,,,,,,,,,,,,,,"1001804994","1804994",MODELLED CROSSINGS,"ROAD, RESOURCE/OTHER",,CBS,,POTENTIAL,,,,,,,,,,,,"9","616915","6113263","360780136",338.024061168852,400.431358.079962.441999.443832.870232,400.431358.079962.441999.443832.870232.109989,BULK,,,"0",,,,,,0,0,0,0,0,0,0,0,0,0,0,0,0,0,0,0,0,0,0,0,0,0.188999680711544,0,0.19,0,0,0,0,0,0,0.19,0.19,0.19,0.19,564852,0.19,"1",0.19,,172,281,227,210,D
"1001805004",,,,,,,,,,,,,,,,,,,,,,,,,,,,,"1001805004","1805004",MODELLED CROSSINGS,"ROAD, RESOURCE/OTHER",,OBS,,PASSABLE,,,,,,,,,,,,"9","604257","6135640","360864278",7944.85483072193,400.431358.079962.274790.133604,400.431358.079962.274790.133604.576477,BULK,Iltzul Creek,,"0",,,,,,0,0,0,0,0,0,0.0995127561844258,0.1,0,0.1,0.1,0,0,0,0,0,0,0,0,0,0,0,0,0,0,0,0,0,0.1,0.1,0.1,0.1,0.1,0.1,,,,,,,,,,
"1001805011",,,,,,,,,,,,,,,,,,,,,,,,,,,,,"1001805011","1805011",MODELLED CROSSINGS,"ROAD, RESOURCE/OTHER",,CBS,,POTENTIAL,,,,,Nilkitkwa FSR,,,,,,,"9","648305","6107453","360749642",1246.26637600371,400.431358.079962.441999.600348.573283,400.431358.079962.441999.600348.573283,BULK,,,"0",,,,,,0,0,0,0,0,0,0,0,0,0,0,0,0,0,0,0,0,0,0,0,0,0.0748788195954103,0,0.07,0,0,0,0,0,0,0.07,0.07,0.07,0.07,568802,0.07,"1",0.07,,185,296,257,234,D
"1001805032",,Trib to Klo Creek,Unnamed,None,,,Excluded structure,Barrier assessment,No key upstream habitat,Field assessment,,,,,,,,,,,,,,,,Stream does not exist,,,"1001805032","1805032",MODELLED CROSSINGS,"ROAD, RESOURCE/OTHER",,CBS,,POTENTIAL,,,,,,,,,,,,"9","669330","6019804","360829165",1669.20780308144,400.431358.623573.718570.715781,400.431358.623573.718570.715781,BULK,,"1001806282","1",,,,,,0,0,0,0,0,0,0,0.77,0,0,0.77,0,0,0,0,0,0,0,0,0,0,0.767576422568248,0,0.767576422568248,0,0,0,0,0,0,0.77,0.77,0.77,0.77,,,,,,,,,,
"1001805034",,,,,,,,,,,,,,,,,,,,,,,,,,,,,"1001805034","1805034",MODELLED CROSSINGS,"ROAD, RESOURCE/OTHER",,CBS,,POTENTIAL,,,,,,,,,,,,"9","670812","6004522","360854760",3237.19156333482,400.431358.623573.788386,400.431358.623573.788386.411337,BULK,,"197646","1",,,,,,0,0,0,0,0,0,0,0.12,0,0,0.12,0,0,0,0,0,0,0,0,0,0,0,0,0,0,0,0,0,0,0,0.12,0.12,0.12,0.12,1208703,0.12,"1",0.12,"[ ""1208702"" ]",180,336,247,251,D
"1001805036",,,,,,,,,,,,,,,,,,,,,,,,,,,,,"1001805036","1805036",MODELLED CROSSINGS,"ROAD, RESOURCE/OTHER",,OBS,,PASSABLE,,,,,Taman FSR,,,,,,,"9","686082","6041309","360878058",12756.0378010635,400.431358.815756,400.431358.815756.544149,BULK,Ailport Creek,"1001802030;197975;197976","3",,,,,,0,0,0,0,0,0,0,0,0,0,0,0,0,0,0,0,0,0,0,0,0,0.347999999999942,0,0.347999999999942,0,0,0,0,0,0,0.35,0.35,0.35,0.35,,,,,,,,,,
"1001805079",,,,,,,,,,,,,,,,,,,,,,,,,,,,,"1001805079","1805079",MODELLED CROSSINGS,"ROAD, RESOURCE/OTHER",,CBS,,POTENTIAL,,,,,,,,,,,,"9","600762","6051028","360579735",441.382590788947,400.431358.415251.474948.060637,400.431358.415251.474948.060637,BULK,,,"0","195541","1",,,,0,0,0,0,0,0,0,0.07,0,0,0.04,0,0,0,0,0,0,0,0,0,0,0.0747153210283699,0,0.05,0,0,0,0,0,0,0.07,0.04,0.07,0.04,572752,0.04,"1",0.04,,188,299,256,236,D
"1001805088",,,,,,,,,,,,,,,,,,,,,,,,,,,,,"1001805088","1805088",MODELLED CROSSINGS,"ROAD, RESOURCE/OTHER",,CBS,,POTENTIAL,,,,,,,,,,,,"9","609494","6063169","360780327",3175.25438597638,400.431358.415251.212542.259463,400.431358.415251.212542.259463.534890,BULK,,,"0","195380","1",,,,0,0,0,0,0,0,0,0,0,0,0,0,0,0,0,0,0,0,0,0,0,1.55073021138876,0,0.58,0,0,0,0,0,0,1.55,0.58,1.55,0.58,576702,1.55,"2",0.775,,112,90,102,90,D
"1001805094",,,,,,,,,,,,,,,,,,,,,,,,,,,,,"1001805094","1805094",MODELLED CROSSINGS,"ROAD, RESOURCE/OTHER",,CBS,,POTENTIAL,,,,,,,,,,,,"9","639061","6113270","360870739",1658.80278095084,400.431358.079962.441999.478654,400.431358.079962.441999.478654,BULK,,"1001801774;1001801759","2",,,,,,0,0,0,0,0,0,0,0.58,0,0,0.58,0,0,0,0,0,0,0,0,0,0,0.583204879132002,0,0.58,0,0,0,0,0,0,0.58,0.58,0.58,0.58,580653,1.01,"2",0.505,"[ ""580652"" ]",137,169,139,146,D
"1001805101",,,,,,,,,,,,,,,,,,,,,,,,,,,,,"1001805101","1805101",MODELLED CROSSINGS,"ROAD, RESOURCE/OTHER",,CBS,,POTENTIAL,,,,,,,,,,,,"9","598815","6052853","360697903",1206.70451578607,400.431358.415251.494289,400.431358.415251.494289.044347,BULK,,"123527","1",,,,,,0,0,0,0,0,0,0,0,0,0,0,0,0,0,0,0,0,0,0,0,0,0.45399999999996,0,0.45,0,0,0,0,0,0,0.45,0.45,0.45,0.45,987502,0.52,"2",0.26,,162,266,175,178,D
"1001805158",,,,,,,,,,,,,,,,,,,,,,,,,,,,,"1001805158","1805158",MODELLED CROSSINGS,"ROAD, RESOURCE/OTHER",,OBS,,PASSABLE,,,,,Hankin-Evelyn FSR,,,,,,,"9","599299","6088221","360816018",86.2312527693894,400.431358.236625.555248,400.431358.236625.555248,BULK,,,"0","1001803133;1001803134;1001805272;58059","4",,,,0,0,0,0,0,0,1.21819847731694,4.87,0,1.22,4.87,0,0,0,0,0,0,0,0,0,0,7.07899888502542,0,3.6,0,0,0,0,1.22,1.22,7.08,7.08,7.08,7.08,,,,,,,,,,
"1001805190",,,,,,,,,,,,,,,,,,,,,,,,,,,,,"1001805190","1805190",MODELLED CROSSINGS,"ROAD, RESOURCE/OTHER",,CBS,,POTENTIAL,,,,,Sunset FSR,,,,,,,"9","671353","6039676","360500425",1502.14772060977,400.431358.820938.236730.079339,400.431358.820938.236730.079339,BULK,,"1001801141","1",,,,,,0,0,0,0,0,0,0,0.42,0,0,0.42,0,0,0,0,0,0,0,0,0,0,0.469422375937766,0,0.47,0,0,0,0,0,0,0.89,0.89,0.89,0.89,861103,0.89,"1",0.89,"[ ""861102"" ]",105,145,144,138,D
"1001805272",,,,,,,,,,,,,,,,,,,,,,,,,,,,,"1001805272","1805272",MODELLED CROSSINGS,"ROAD, RESOURCE/OTHER",,CBS,,POTENTIAL,,,,,Hankin-Evelyn FSR,,,,,,,"9","597745","6085617","360816018",3490.76349641746,400.431358.236625.555248,400.431358.236625.555248.293932,BULK,,"1001803133","1",,,,,,0,0,0,0,0,0,0,0.01,0,0,0.01,0,0,0,0,0,0,0,0,0,0,0.829999120240247,0,0.829999120240247,0,0,0,0,0,0,0.83,0.83,0.83,0.83,588553,0.83,"1",0.83,"[ ""588552"" ]",109,148,148,142,D
"1001805421",,,,,,,,,,,,,,,,,,,,,,,,,,,,,"1001805421","1805421",MODELLED CROSSINGS,"ROAD, RESOURCE/OTHER",,CBS,,POTENTIAL,,,,,,,,,,,,"9","669344","6028773","360837964",4909.9686424592,400.431358.691053.441061,400.431358.691053.441061.333427,BULK,Heading Creek,,"0",,,,,,0,0,0,0,0,0,1.0484401418671,1.05,0,1.05,1.05,0,0,0,0,0,0,0,0,0,0,0.195847877696184,0,0.2,0,0,0,0,1.05,1.05,1.05,1.05,1.05,1.05,592502,1.05,"1",1.05,,95,78,138,106,D
"1001805474",,,,,,,,,,,,,,,,,,,,,,,,,,,,,"1001805474","1805474",MODELLED CROSSINGS,RAIL,,CBS,,POTENTIAL,,,,,,None,,,,,,"9","639591","6046910","360818290",809.136370952381,400.431358.504785,400.431358.504785,BULK,,,"0",,,,,,0,0,0,0,0,0,0,0.56,0,0,0.56,0,0,0,0,0,0,0,0,0,0,2.17513281576804,0,2.18,0,0,0,0,0,0,2.18,2.18,2.18,2.18,596452,2.18,"1",2.18,,54,44,84,54,D
"1001805480",,,,,,,,,,,,,,,,,,,,,,,,,,,,,"1001805480","1805480",MODELLED CROSSINGS,RAIL,,CBS,,POTENTIAL,,,,,,None,,,,,,"9","640467","6040107","360859515",332.576131392658,400.431358.535541,400.431358.535541,BULK,,,"0",,,,,,0,0,0,0,0,0,0,0.64,0,0,0.64,0,0,0,0,0,0,0,0,0,0,0,0,0,0,0,0,0,0,0,0.64,0.64,0.64,0.64,600402,0.64,"1",0.64,,121,97,162,125,D
"1001805481",,,,,,,,,,,,,,,,,,,,,,,,,,,,,"1001805481","1805481",MODELLED CROSSINGS,RAIL,,CBS,,POTENTIAL,,,,,,None,,,,,,"9","639403","6043978","360658282",81.891309528363,400.431358.520929,400.431358.520929,BULK,,,"0","124178","1",,,,0,0,0,0,0,0,0,1.22,0,0,1.13,0,0,0,0,0,0,0,0,0,0,1.50122608208148,0,1.13,0,0,0,0,0,0,1.5,1.13,1.5,1.13,604352,1.5,"2",0.75,,114,91,105,92,D
"1001805482",,,,,,,,,,,,,,,,,,,,,,,,,,,,,"1001805482","1805482",MODELLED CROSSINGS,RAIL,,CBS,,POTENTIAL,,,,,,None,,,,,,"9","616514","6072545","360809713",836.215698954437,400.431358.338841.106484,400.431358.338841.106484.102764,BULK,Chicken Lake Creek,"58272;58291;58242","3","1024742364;58290","2",,,,0,0,0,0,0,0,0,0.76,0,0,0.01,0,0,0,0,0,0,0,0,0,0,0.756666153337057,0,0.01,0,0,0,0,0,0,0.76,0.01,0.76,0.01,675452,0.91,"5",0.182,"[ ""884802"" ]",173,331,143,193,D
"1001805484",,,,,,,,,,,,,,,,,,,,,,,,,,,,,"1001805484","1805484",MODELLED CROSSINGS,RAIL,,CBS,,POTENTIAL,,,,,,None,,,,,,"9","605498","6098359","360772470",2418.5420836229,400.431358.181726.099887,400.431358.181726.099887,BULK,,"123775","1","123771;124188","2",,,,0,0,0,0,0,0,0,1.83,0,0,0.59,0,0,0,0,0,0,0,0,0,0,0,0,0,0,0,0,0,0,0,1.83,0.59,1.83,0.59,1129703,1.33,"2",0.665,"[ ""1129702"" ]",117,154,93,123,D
"1001805491",,,,,,,,,,,,,,,,,,,,,,,,,,,,,"1001805491","1805491",MODELLED CROSSINGS,RAIL,,CBS,,POTENTIAL,,,,,,None,,,,,,"9","605828","6091053","360687833",1140.24014091439,400.431358.230637,400.431358.230637.189907,BULK,,"57949;57940","2",,,,,,0,0,0,0,0,0,0,0,0,0,0,0,0,0,0,0,0,0,0,0,0,0.403999999999908,0,0.4,0,0,0,0,0,0,0.4,0.4,0.4,0.4,1339053,0.4,"1",0.4,"[ ""1339052"" ]",147,348,191,226,D
"1001805497",,,,,,,,,,,,,,,,,,,,,,,,,,,,,"1001805497","1805497",MODELLED CROSSINGS,RAIL,,CBS,,POTENTIAL,,,,,,None,,,,,,"9","608536","6087576","360737628",961.737351012175,400.431358.237852.107314,400.431358.237852.107314,BULK,,"57944","1","58043","1",,,,0,0,0,0,0,0,0,2.61,0,0,0.04,0,0,0,0,0,0,0,0,0,0,2.6082852407141,0,0.04,0,0,0,0,0,0,2.61,0.04,2.61,0.04,620152,2.61,"2",1.305,"[ ""1331152"" ]",77,134,67,97,D
"1001805504",,,,,,,,,,,,,,,,,,,,,,,,,,,,,"1001805504","1805504",MODELLED CROSSINGS,RAIL,,CBS,,POTENTIAL,,,,,,None,,,,,,"9","606506","6105347","360822476",1124.98860891542,400.431358.160234,400.431358.160234,BULK,Atrill Creek,,"0",,,,,,0,0,0,0,0,0,0,0,0,0,0,0,0,0,0,0,0,0,0,0,0,0.139928364631704,0,0.14,0,0,0,0,0,0,0.14,0.14,0.14,0.14,624102,0.14,"1",0.14,,178,289,242,222,D
"1001805506",,,,,,,,,,,,,,,,,,,,,,,,,,,,,"1001805506","1805506",MODELLED CROSSINGS,RAIL,,CBS,,POTENTIAL,,,,,,None,,,,,,"9","602732","6111081","360868720",2026.21754828747,400.431358.127339,400.431358.127339,BULK,,"1001800384","1",,,,,,0,0,0,0,0,0,0,1.23,0,0,1.23,0,0,0,0,0,0,0,0,0,0,1.2322730861984,0,1.23,0,0,0,0,0,0,1.61,1.61,1.61,1.61,628052,2.15,"2",1.075,,92,77,85,75,D
"1001805508",,,,,,,,,,,,,,,,,,,,,,,,,,,,,"1001805508","1805508",MODELLED CROSSINGS,RAIL,,CBS,,POTENTIAL,,,,,,None,,,,,,"9","645457","6032957","360782090",764.843703580887,400.431358.578967,400.431358.578967,BULK,Mathews Creek,,"0","57800","1",,,,0,0,0,0,0,0,0,0.87,0,0,0.87,0,0,0,0,0,0,0,0,0,0,0.875731997523777,0,0.63,0,0,0,0,0,0,1.11,0.87,1.11,0.87,632002,0.87,"1",0.87,,106,86,132,107,D
"1001805510",,,,,,,,,,,,,,,,,,,,,,,,,,,,,"1001805510","1805510",MODELLED CROSSINGS,RAIL,,CBS,,POTENTIAL,,,,,,None,,,,,,"9","620172","6064638","360886814",91.0725836156949,400.431358.384842,400.431358.384842,BULK,Powers Creek,,"0","123486","1",,,,0,0,0,0,0,0,0,0.74,0,0,0.72,0,0,0,0,0,0,0,0,0,0,0.774793759096876,0,0.73,0,0,0,0,0,0,0.77,0.72,0.77,0.72,971702,0.72,"1",0.72,,115,93,152,120,D
"1001805530",,,,,,,,,,,,,,,,,,,,,,,,,,,,,"1001805530","1805530",MODELLED CROSSINGS,RAIL,,OBS,,PASSABLE,,,,,,None,,,,,,"9","685981","6030236","360873822",257652.399058339,"400.431358",400.431358.912160,BULK,Bulkley River,,"0","1001800182;1001802013;1001802016;1001802239;1001802264;1001802402;1001803928;1001804955;1024748044;1024748047;197907;197909;197967;199452;199455;199459","16",,,,35.6784259637513,37.4586673086408,32.6,34.13,0,0,47.7667194635074,111.12,0,42.01,111.12,0,37.5452901452578,34.22,10.3996690435386,31.89,0,10.4,31.89,0,36.5516540098513,75.6422691106915,33.23,58.93,0,0,0,0,49.35,49.35,152.65,152.65,153.04,153.04,,,,,,,,,,
"1001805535",,,,,,,,,,,,,,,,,,,,,,,,,,,,,"1001805535","1805535",MODELLED CROSSINGS,RAIL,,CBS,,POTENTIAL,,,,,,None,,,,,,"9","681308","6034663","360541693",897.443388864939,400.431358.858381,400.431358.858381,BULK,,,"0",,,,,,0,0,0,0,0,0,0,0.03,0,0,0.03,0,0,0,0,0,0,0,0,0,0,0,0,0,0,0,0,0,0,0,0.03,0.03,0.03,0.03,865052,0.03,"1",0.03,,189,300,268,243,D
"1001805539",,,,,,,,,,,,,,,,,,,,,,,,,,,,,"1001805539","1805539",MODELLED CROSSINGS,RAIL,,CBS,,POTENTIAL,,,,,,None,,,,,,"9","684453","6031053","360870605",297.231589158068,400.431358.904774,400.431358.904774,BULK,Wiggins Creek,,"0","1001801185;1001801187;8a5e5281-5b5e-423d-8c66-c1816e9e32b4","3",,,,0,0,0,0,0,0,0,0.87,0,0,0,0,0,0,0,0,0,0,0,0,0,0,0,0,0,0,0,0,0,0,0.87,0,0.87,0,1560252,0.87,"4",0.2175,,167,276,146,169,D
"1001805544",,,,,,,,,,,,,,,,,,,,,,,,,,,,,"1001805544","1805544",MODELLED CROSSINGS,RAIL,,CBS,,POTENTIAL,,,,,,None,,,,,,"9","615513","6073616","360816221",814.157187941633,400.431358.338841.174463,400.431358.338841.174463,BULK,,"58242","1","58238","1",,,,0,0,0,0,0,0,0,0.46,0,0,0.46,0,0,0,0,0,0,0,0,0,0,0.978999742702706,0,0.48,0,0,0,0,0,0,1.11,0.61,1.11,0.61,872952,0.61,"1",0.61,"[ ""884802"" ]",125,161,133,141,D
"1001805547",,,,,,,,,,,,,,,,,,,,,,,,,,,,,"1001805547","1805547",MODELLED CROSSINGS,RAIL,,CBS,,POTENTIAL,,,,,,None,,,,,,"9","613850","6079622","360796344",44.3295533882632,400.431358.237852.484634.638019,400.431358.237852.484634.638019,BULK,,"1001805548;199458;199457;57944","4",,,,,,0,0,0,0,0,0,0,0.17,0,0,0.17,0,0,0,0,0,0,0,0,0,0,0,0,0,0,0,0,0,0,0,0.17,0.17,0.17,0.17,876902,0.17,"1",0.17,"[ ""880852"", ""1331152"" ]",175,387,234,265,D
"1001805548",,,,,,,,,,,,,,,,,,,,,,,,,,,,,"1001805548","1805548",MODELLED CROSSINGS,RAIL,,CBS,,POTENTIAL,,,,,,None,,,,,,"9","613517","6079939","360870106",3761.00300457207,400.431358.237852.484634,400.431358.237852.484634.501740,BULK,Glass Creek,"199458;199457;57944","3","1001805547","1",,,,0,0,0,0,0,0,0,2.13,0,0,1.96,0,0,0,0,0,0,0,0,0,0,0.482665260480158,0,0.48,0,0,0,0,0,0,2.62,2.45,2.62,2.45,880852,4.14,"3",1.38,"[ ""1331152"" ]",71,132,27,73,D
"1001805550",,,,,,,,,,,,,,,,,,,,,,,,,,,,,"1001805550","1805550",MODELLED CROSSINGS,RAIL,,CBS,,POTENTIAL,,,,,,None,,,,,,"9","614620","6076051","360715518",7882.16123696841,400.431358.338841,400.431358.338841.502225,BULK,Kathlyn Creek,"58271;58242","2",,,,,,0,0,0,0,0,0,0.0609999999999731,2.4,0,0.06,2.4,0,0,0,0,0,0,0,0,0,0,2.51282983573403,0,2.51,0,0,0,0,0.06,0.06,3.3,3.3,3.3,3.3,884804,3.3,"1",3.3,"[ ""884802"", ""884803"" ]",33,173,52,115,D
"1001805551",,,,,,,,,,,,,,,,,,,,,,,,,,,,,"1001805551","1805551",MODELLED CROSSINGS,RAIL,,OBS,,PASSABLE,,,,,,None,,,,,,"9","611521","6082925","360863724",9805.21849431867,400.431358.237852,400.431358.237852.441643,BULK,Toboggan Creek,"57944","1","1001805547;1001805548;199457;199458;57912;57914;58345","7",,,,0.331635587499625,2.03544977546393,0.33,1.23,0,0,8.46621419494743,14.04,0,6.33,14.04,0,3.07685544739149,0.97,0,0,0,0,0,0,1.69999914469192,8.77975077542625,1.32,5.39,0,0,0,0,8.47,8.47,16.24,16.24,17.14,17.14,,,,,,,,,,
"1001805558",,,,,,,,,,,,,,,,,,,,,,,,,,,,,"1001805558","1805558",MODELLED CROSSINGS,RAIL,,CBS,,POTENTIAL,,,,,,None,,,,,,"9","653182","6031045","360758470",53.9512616656229,400.431358.629041,400.431358.629041,BULK,Henry Creek,,"0","1001800031;1001800032;1001800033;1001800034;1001802242","5",,,,0,0,0,0,0,0,0,3.46,0,0,0.07,0,0,0,0,0,0,0,0,0,0,5.9028760408717,0,0.06,0,0,0,0,0,0,5.9,0.06,5.9,0.06,233052,5.9,"6",0.983333333333333,,97,80,29,46,D
"1001805559",,,,,,,,,,,,,,,,,,,,,,,,,,,,,"1001805559","1805559",MODELLED CROSSINGS,RAIL,,CBS,,POTENTIAL,,,,,,None,,,,,,"9","653923","6032001","360711229",82.0183576013978,400.431358.636316,400.431358.636316,BULK,,,"0","1001801093;1001803408","2",,,,0,0,0,0,0,0,0,0,0,0,0,0,0,0,0,0,0,0,0,0,0,1.41892441151043,0,0.76,0,0,0,0,0,0,1.42,0.76,1.42,0.76,94802,1.42,"3",0.473333333333333,,140,239,107,154,D
"1001805561",,,,,,,,,,,,,,,,,,,,,,,,,,,,,"1001805561","1805561",MODELLED CROSSINGS,RAIL,,CBS,,POTENTIAL,,,,,,None,,,,,,"9","656620","6035345","360817924",166.235690944692,400.431358.662827,400.431358.662827,BULK,Raspberry Creek,,"0","1001800224;1001800446","2",,,,0,0,0,0,0,0,0,0.72,0,0,0.48,0,0,0,0,0,0,0,0,0,0,1.343,0,0.48,0,0,0,0,0,0,1.34,0.48,1.34,0.48,23702,0.71,"2",0.355,,152,256,112,159,D
"1001805562",,,,,,,,,,,,,,,,,,,,,,,,,,,,,"1001805562","1805562",MODELLED CROSSINGS,RAIL,,CBS,,POTENTIAL,,,,,,None,,,,,,"9","655793","6034590","360829235",55.0559336461022,400.431358.655596,400.431358.655596,BULK,,,"0",,,,,,0,0,0,0,0,0,0,0,0,0,0,0,0,0,0,0,0,0,0,0,0,0.627346722800969,0,0.63,0,0,0,0,0,0,0.63,0.63,0.63,0.63,639902,0.63,"1",0.63,,122,98,163,126,D
"1001805563",,,,,,,,,,,,,,,,,,,,,,,,,,,,,"1001805563","1805563",MODELLED CROSSINGS,RAIL,,CBS,,POTENTIAL,,,,,,None,,,,,,"9","657791","6036002","360826607",155.06492712563,400.431358.669545,400.431358.669545,BULK,,,"0","1001800222;1001800226;3086","3",,,,0,0,0,0,0,0,0,1.81,0,0,0.35,0,0,0,0,0,0,0,0,0,0,2.24641253117176,0,0.35,0,0,0,0,0,0,2.25,0.36,2.25,0.36,643852,2.05,"3",0.683333333333333,,116,94,80,82,D
"1001805564",,,,,,,,,,,,,,,,,,,,,,,,,,,,,"1001805564","1805564",MODELLED CROSSINGS,RAIL,,CBS,,POTENTIAL,,,,,,None,,,,,,"9","654660","6033021","360792981",65.8539807656196,400.431358.642966,400.431358.642966,BULK,,,"0",,,,,,0,0,0,0,0,0,0,0.23,0,0,0.23,0,0,0,0,0,0,0,0,0,0,0,0,0,0,0,0,0,0,0,0.23,0.23,0.23,0.23,647802,0.23,"1",0.23,,165,274,220,205,D
"1001805577",,,,,,,,,,,,,,,,,,,,,,,,,,,,,"1001805577","1805577",MODELLED CROSSINGS,RAIL,,CBS,,POTENTIAL,,,,,,None,,,,,,"9","606471","6101236","360870130",1260.04002002278,400.431358.181726.040399,400.431358.181726.040399,BULK,Graphite Creek,"ba985288-8b24-4d3b-8c74-00715c1522ff;123777","2","123778","1",,,,0,0,0,0,0,0,0,3.57,0,0,3.56,0,0,0,0,0,0,0,0,0,0,0.665236069084848,0,0.58,0,0,0,0,0,0,3.64,3.56,3.64,3.56,1398302,4.39,"3",1.46333333333333,,68,55,39,39,D
"1001805586",,,,,,,,,,,,,,,,,,,,,,,,,,,,,"1001805586","1805586",MODELLED CROSSINGS,RAIL,,CBS,,POTENTIAL,,,,,,None,,,,,,"9","676435","6041891","360670506",73.2690022242263,400.431358.804876,400.431358.804876,BULK,,,"0","1001800057;1001800120","2",,,,0,0,0,0,0,0,0,0,0,0,0,0,0,0,0,0,0,0,0,0,0,3.07375343016103,0,0.31,0,0,0,0,0,0,3.07,0.3,3.07,0.3,655702,3.07,"3",1.02333333333333,,96,79,55,57,D
"1001805591",,,,,,,,,,,,,,,,,,,,,,,,,,,,,"1001805591","1805591",MODELLED CROSSINGS,RAIL,,CBS,,POTENTIAL,,,,,,None,,,,,,"9","661501","6039049","360715988",498.811004477917,400.431358.703254,400.431358.703254.048478,BULK,McInnes Creek,,"0","1001800217;197655","2",,,,0,0,0,0,0,0,0,0.68,0,0,0.22,0,0,0,0,0,0,0,0,0,0,0.676999999999975,0,0.22,0,0,0,0,0,0,0.68,0.22,0.68,0.22,15802,0.54,"2",0.27,,161,264,159,170,D
"1001805593",,,,,,,,,,,,,,,,,,,,,,,,,,,,,"1001805593","1805593",MODELLED CROSSINGS,RAIL,,OBS,,PASSABLE,,,,,,None,,,,,,"9","672061","6043456","360788426",336.128807415096,400.431358.773280,400.431358.773280,BULK,Richfield Creek,,"0","197662","1",,,,3.12499896113698,3.12499896113698,0.87,0.87,0,0,8.522342657569,13.12,0,0.87,13.12,0,3.12499896113698,0.87,0,0,0,0,0,0,3.12499896113698,14.7006835099248,0.87,0.87,0,0,0,0,8.52,8.52,14.7,14.7,14.7,14.7,,,,,,,,,,
"1001805596",,,,,,,,,,,,,,,,,,,,,,,,,,,,,"1001805596","1805596",MODELLED CROSSINGS,RAIL,,CBS,,POTENTIAL,,,,,,None,,,,,,"9","663307","6042102","360747751",59.5755697054142,400.431358.725554,400.431358.725554,BULK,,"197656","1",,,,,,0,0,0,0,0,0,0,1.66,0,0,1.66,0,0,0,0,0,0,0,0,0,0,1.65940537954136,0,1.66,0,0,0,0,0,0,1.66,1.66,1.66,1.66,1220552,1.7,"2",0.85,,108,88,97,87,D
"1001805706",,,,,,,,,,,,,,,,,,,,,,,,,,,,,"1001805706","1805706",MODELLED CROSSINGS,"ROAD, RESOURCE/OTHER",,CBS,,POTENTIAL,,,,,,,,,,,,"9","590910","6049003","360751948",296.160726755524,400.431358.415251.682494,400.431358.415251.682494,BULK,,,"0","1001801912","1",,,,0,0,0,0,0,0,0,0,0,0,0,0,0,0,0,0,0,0,0,0,0,0.709000000000041,0,0.45,0,0,0,0,0,0,0.71,0.45,0.71,0.45,146152,0.45,"1",0.45,,142,241,157,164,D
"1001805718",,,,,,,,,,,,,,,,,,,,,,,,,,,,,"1001805718","1805718",MODELLED CROSSINGS,"ROAD, RESOURCE/OTHER",,CBS,,POTENTIAL,,,,,,,,,,,,"9","602565","6051001","360750000",898.392687607359,400.431358.415251.431313,400.431358.415251.431313,BULK,,,"0","1001802993;1001802994;1001803005;1001803025","4",,,,0,0,0,0,0,0,0,0,0,0,0,0,0,0,0,0,0,0,0,0,0,1.55199999999988,0,0.02,0,0,0,0,0,0,1.55,0.02,1.55,0.02,474002,1.55,"5",0.31,,155,260,101,156,D
"1001805751",,,,,,,,,,,,,,,,,,,,,,,,,,,,,"1001805751","1805751",MODELLED CROSSINGS,"ROAD, RESOURCE/OTHER",,CBS,,POTENTIAL,,,,,,,,,,,,"9","619289","6108428","360826388",976.347707011761,400.431358.079962.441999.443832.674540,400.431358.079962.441999.443832.674540,BULK,,,"0",,,,,,0,0,0,0,0,0,0,0,0,0,0,0,0,0,0,0,0,0,0,0,0,1.18491097976551,0,1.18491097976551,0,0,0,0,0,0,1.18,1.18,1.18,1.18,908502,1.18,"1",1.18,,83,68,124,91,D
"1001805785",,,,,,,,,,,,,,,,,,,,,,,,,,,,,"1001805785","1805785",MODELLED CROSSINGS,"ROAD, RESOURCE/OTHER",,CBS,,POTENTIAL,,,,,Hankin-Evelyn FSR,,,,,,,"9","599312","6087316","360494149",567.380015978704,400.431358.236625.524806.084132,400.431358.236625.524806.084132,BULK,,"58210","1","58056","1",,,,0,0,0,0,0,0,0,0.62,0,0,0.62,0,0,0,0,0,0,0,0,0,0,1.30100018307765,0,1.06,0,0,0,0,0,0,1.3,1.06,1.3,1.06,1493102,1.3,"2",0.65,"[ ""1520752"" ]",119,155,115,129,D
"1001805794",,,,,,,,,,,,,,,,,,,,,,,,,,,,,"1001805794","1805794",MODELLED CROSSINGS,"ROAD, RESOURCE/OTHER",,CBS,,POTENTIAL,,,,,Maxan Paul Fire FSR,,,,,,,"9","677046","6022094","360529784",1501.62357323564,400.431358.912160.724777,400.431358.912160.724777.131223,BULK,,,"0",,,,,,0,0,0,0,0,0,0,0,0,0,0,0,0,0,0,0,0,0,0,0,0,0.403000000000031,0,0.403000000000031,0,0,0,0,0,0,0.4,0.4,0.4,0.4,916402,0.4,"1",0.4,,147,249,192,177,D
"1001805991",,,,,,,,,,,,,,,,,,,,,,,,,,,,,"1001805991","1805991",MODELLED CROSSINGS,"ROAD, RESOURCE/OTHER",,OBS,,PASSABLE,,,,,,,,,,,,"9","588104","6049156","360854447",4565.66684194815,400.431358.415251.700137,400.431358.415251.700137.157278,BULK,Milk Creek,,"0",,,,,,5.59202770017192,6.66250408196225,5.59202770017192,6.66250408196225,0,0,7.13791872000231,9.43,0,7.13791872000231,9.43,0,7.31960190231653,7.31960190231653,0,0,0,0,0,0,6.65241082559982,11.7326201198442,6.65241082559982,11.7326201198442,0,0,0,0,7.14,7.14,12.43,12.43,12.43,12.43,,,,,,,,,,
"1001806012",,,,,,,,,,,,,,,,,,,,,,,,,,,,,"1001806012","1806012",MODELLED CROSSINGS,"ROAD, RESOURCE/OTHER",,CBS,,POTENTIAL,,,,,,,,,,,,"9","589382","6048645","360775271",980.415340971711,400.431358.415251.700137.019960,400.431358.415251.700137.019960,BULK,,,"0",,,,,,0,0,0,0,0,0,0,0.53,0,0,0.53,0,0,0,0,0,0,0,0,0,0,0.534380525880574,0,0.53,0,0,0,0,0,0,0.53,0.53,0.53,0.53,920352,0.53,"1",0.53,,134,107,174,134,D
"1001806033",,,,,,,,,,,,,,,,,,,,,,,,,,,,,"1001806033","1806033",MODELLED CROSSINGS,"ROAD, RESOURCE/OTHER",,CBS,,POTENTIAL,,,,,,,,,,,,"9","586769","6048017","360602877",125.224664190996,400.431358.415251.700137.157278.316094,400.431358.415251.700137.157278.316094.036984,BULK,,,"0",,,,,,0,0,0,0,0,0,0,0,0,0,0,0,0,0,0,0,0,0,0,0,0,0.0569999999999135,0,0.06,0,0,0,0,0,0,0.06,0.06,0.06,0.06,924302,0.06,"1",0.06,,186,298,258,239,D
"1001806073",,,,,,,,,,,,,,,,,,,,,,,,,,,,,"1001806073","1806073",MODELLED CROSSINGS,"ROAD, RESOURCE/OTHER",,CBS,,POTENTIAL,,,,,Caribou 46 FSR,,,,,,,"9","600272","6051306","360818323",736.510294852803,400.431358.415251.474948,400.431358.415251.474948.060637,BULK,,"1001804905","1",,,,,,0,0,0,0,0,0,0,0.37,0,0,0.37,0,0,0,0,0,0,0,0,0,0,0.37300000000002,0,0.37,0,0,0,0,0,0,0.37,0.37,0.37,0.37,560902,0.4,"2",0.2,,170,279,195,192,D
"1001806279",,,,,,,,,,,,,,,,,,,,,,,,,,,,,"1001806279","1806279",MODELLED CROSSINGS,"ROAD, RESOURCE/OTHER",,CBS,,POTENTIAL,,,,,,,,,,,,"9","669463","6021669","360426895",308.376639096263,400.431358.623573.718570.812228.412854,400.431358.623573.718570.812228.412854,BULK,,"199448","1",,,,,,0,0,0,0,0,0,0,0,0,0,0,0,0,0,0,0,0,0,0,0,0,0.118998676682039,0,0.12,0,0,0,0,0,0,0.12,0.12,0.12,0.12,928252,0.12,"1",0.12,"[ ""1418052"" ]",180,337,246,250,D
"1001806282",,,,,,,,,,,,,,,,,,,,,,,,,,,,,"1001806282","1806282",MODELLED CROSSINGS,"ROAD, RESOURCE/OTHER",,CBS,,POTENTIAL,,,,,,,,,,,,"9","668588","6019377","360829165",571.113251163733,400.431358.623573.718570.715781,400.431358.623573.718570.715781,BULK,,,"0","1001805032","1",,,,0,0,0,0,0,0,0,2.12,0,0,1.35,0,0,0,0,0,0,0,0,0,0,1.35922404740099,0,0.59,0,0,0,0,0,0,2.12,1.35,2.12,1.35,932202,1.35,"1",1.35,,73,59,88,65,D
"1001806316",,,,,,,,,,,,,,,,,,,,,,,,,,,,,"1001806316","1806316",MODELLED CROSSINGS,"ROAD, RESOURCE/OTHER",,OBS,,PASSABLE,,,,,,,,,,,,"9","656120","6047788","360644078",378.751608545307,400.431358.732614.423963,400.431358.732614.423963.101350,BULK,,"3138","1",,,59203f50-5ba0-44e8-bf61-410023249dd7,,,0,0,0,0,0,0,0,0,0,0,0,0,0,0,0,0,0,0,0,0,0,0.19199339258361,0,0.19,0,0,0,0,0,0,0.19,0.19,0.19,0.19,,,,,,,,,,
"1024700231",,,,,,,,,,,,,,,,,,,,,,,,,,,,,"1024700231","24700231",MODELLED CROSSINGS,"ROAD, RESOURCE/OTHER",,OBS,,PASSABLE,,,,,,,,,,,,"9","662914","6007380","360886221",46737.6812128133,400.431358.623573,400.431358.623573.546806,BULK,Buck Creek,,"0","1001800248;1001800502;1001801076;1001802519;1001803652;1001803657;1001804112;1001804409;1001805032;1001805034;1001806279;1001806282;197646;199448;199450;6f9b07a8-166c-4a7a-aeb6-e676d0dcc5f6","16",,,,34.5241790446021,41.738367597202,34.52,41.74,0,0,49.8637848150152,123.33,0,49.86,123.33,0,35.0420173845795,35.04,6.60054469486515,13.25,0,6.6,13.25,0,35.0190173845796,106.075672284465,35.02,96.74,0,0,0,0,49.86,49.86,159.71,159.71,159.71,159.71,,,,,,,,,,
"1024700298",,,,,,,,,,,,,,,,,,,,,,,,,,,,,"1024700298","24700298",MODELLED CROSSINGS,"ROAD, DEMOGRAPHIC",,OBS,,PASSABLE,,,,,Equity Mine Rd,,,,,,,"9","671169","6016047","360880905",18763.2438850632,400.431358.623573.718570,400.431358.623573.718570.486034,BULK,Klo Creek,,"0","1001800248;1001801076;1001804409;1001805032;1001806279;1001806282;199448;199450","8",,,,0.0491719079489132,2.72500522461063,0.05,2.73,0,0,4.94975630388167,44.52,0,4.95,44.52,0,0.412490558408658,0.41,0,0,0,0,0,0,0.412490558408658,23.2249883231536,0.41,19.57,0,0,0,0,4.95,4.95,48.48,48.48,48.48,48.48,,,,,,,,,,
"1024700312",,,,,,,,,,,,,,,,,,,,,,,,,,,,,"1024700312","24700312",MODELLED CROSSINGS,"ROAD, RESOURCE/OTHER",,OBS,,PASSABLE,,,,,North Road FSR,,,,,,,"9","648118","6030322","360873822",168869.056131443,"400.431358",400.431358.585806,BULK,Bulkley River,,"0","1001800031;1001800032;1001800033;1001800034;1001800057;1001800120;1001800182;1001800186;1001800190;1001800192;1001800217;1001800222;1001800224;1001800225;1001800226;1001800235;1001800248;1001800358;1001800361;1001800403;1001800428;1001800446;1001800502;1001800560;1001800587;1001800621;1001800635;1001800752;1001800807;1001801076;1001801082;1001801093;1001801115;1001801123;1001801141;1001801157;1001801185;1001801187;1001801906;1001801950;1001802001;1001802007;1001802013;1001802016;1001802029;1001802030;1001802031;1001802032;1001802043;1001802239;1001802242;1001802264;1001802402;1001802519;1001802623;1001802639;1001802655;1001802657;1001802690;1001803408;1001803628;1001803652;1001803657;1001803694;1001803895;1001803928;1001804075;1001804112;1001804120;1001804130;1001804282;1001804289;1001804364;1001804409;1001804863;1001804955;1001805032;1001805034;1001805190;1001805421;1001805535;1001805539;1001805558;1001805559;1001805561;1001805562;1001805563;1001805564;1001805586;1001805591;1001805596;1001805794;1001806279;1001806282;1024748044;1024748047;1024752831;197640;197646;197653;197655;197656;197658;197662;197663;197664;197907;197909;197967;197974;197975;197976;198048;198049;198065;199448;199450;199452;199455;199459;3054;3066;3086;3091;3138;3139;6f9b07a8-166c-4a7a-aeb6-e676d0dcc5f6;8a5e5281-5b5e-423d-8c66-c1816e9e32b4","128",,,,247.743359461862,281.215711913951,231.93,259.15,0,0,347.503602369588,580.9,0,300.27,580.9,0,262.417633898507,246.36,27.3965807912161,61.07,0,27.4,61.07,0,263.105371646238,606.595797108189,245.91,430.57,0,0,0,0,358.33,358.33,798.35,798.35,798.74,798.74,,,,,,,,,,
"1024703639",,,,,,,,,,,,,,,,,,,,,,,,,,,,,"1024703639","24703639",MODELLED CROSSINGS,"ROAD, DEMOGRAPHIC",,OBS,,PASSABLE,,,,,unsigned,,,,,,,"9","683631","6032046","360873822",253257.12249749,"400.431358",400.431358.898589,BULK,Bulkley River,,"0","1001800182;1001800361;1001800621;1001801185;1001801187;1001802013;1001802016;1001802239;1001802264;1001802402;1001803694;1001803928;1001804955;1001805539;1001805794;1024748044;1024748047;197907;197909;197967;199452;199455;199459;8a5e5281-5b5e-423d-8c66-c1816e9e32b4","24",,,,44.9925273446073,53.7833732302434,41.91,50.46,0,0,67.8175610301242,137.97,0,62.06,137.97,0,49.8685808503116,46.54,13.08727638877,31.89,0,13.09,31.89,0,45.8657553907073,105.071665038573,42.54,85.31,0,0,0,0,69.4,69.4,185.22,185.22,185.6,185.6,,,,,,,,,,
"1024703645",,,,,,,,,,,,,,,,,,,,,,,,,,,,,"1024703645","24703645",MODELLED CROSSINGS,"ROAD, DEMOGRAPHIC",,OBS,,PASSABLE,,,,,Bulkey River Bridge,,,,,,,"9","625483","6062623","360873822",116942.176597842,"400.431358",400.431358.415251,BULK,Bulkley River,,"0","1001800031;1001800032;1001800033;1001800034;1001800041;1001800057;1001800120;1001800182;1001800186;1001800190;1001800192;1001800217;1001800222;1001800224;1001800225;1001800226;1001800235;1001800248;1001800263;1001800358;1001800361;1001800403;1001800428;1001800446;1001800502;1001800560;1001800587;1001800621;1001800635;1001800670;1001800752;1001800807;1001800994;1001801055;1001801076;1001801082;1001801093;1001801115;1001801123;1001801141;1001801157;1001801185;1001801187;1001801270;1001801323;1001801328;1001801336;1001801373;1001801380;1001801382;1001801385;1001801403;1001801906;1001801950;1001802001;1001802007;1001802013;1001802016;1001802029;1001802030;1001802031;1001802032;1001802043;1001802239;1001802242;1001802264;1001802267;1001802402;1001802445;1001802519;1001802623;1001802639;1001802655;1001802657;1001802690;1001802776;1001802816;1001802819;1001802832;1001803408;1001803628;1001803652;1001803657;1001803694;1001803895;1001803928;1001804075;1001804112;1001804120;1001804130;1001804282;1001804289;1001804364;1001804409;1001804863;1001804955;1001805032;1001805034;1001805190;1001805421;1001805474;1001805480;1001805481;1001805508;1001805535;1001805539;1001805558;1001805559;1001805561;1001805562;1001805563;1001805564;1001805586;1001805591;1001805596;1001805794;1001806279;1001806282;1014000004;1014000008;1014000009;1014000011;1014000012;1014000015;1014000038;1014000040;1014000053;1014000065;1014000072;1014000073;1014000074;1014000080;1014000081;1014000082;1014000083;1014000084;1014000161;1014000182;1014000191;1014000207;1014000230;1014000236;1014000237;1014000241;1014000249;1014000255;1014000271;1014000284;1014000289;1014000292;1014000293;1014000306;1014000385;1014000397;1014000420;1014000422;1014000479;1014000543;1014000646;1014000649;1014000663;1014000671;1014000717;1014000735;1014000739;1014000768;1014000774;1014000789;1014000813;1014000819;1014000822;1014000864;1014000870;1014000895;1014000910;1014000948;1014001010;1014001025;1014001028;1014001038;1014001088;1014001089;1014001097;1014001098;1014001104;1014001130;1014001132;1014001143;1014001157;1014001160;1014001191;1014001195;1014001198;1014001201;1014001216;1014001218;1014001220;1014001221;1014001228;1014001245;1014001247;1014001260;1014001291;1014001315;1014001345;1014001359;1014001378;1014001395;1014001412;1014001444;1014001474;1014001539;1014001576;1014001652;1014001654;1014001680;1014001700;1014001797;1024748044;1024748047;1024750701;1024752831;123345;123375;123377;123380;123382;123388;123389;123391;123392;123393;123410;123416;123418;123419;123426;123429;123445;123446;123511;123512;123514;123515;123544;123647;124178;124500;124501;124504;124510;195288;195290;195476;195934;195935;195943;195944;195954;195956;195963;197360;197362;197365;197368;197370;197378;197379;197640;197646;197653;197655;197656;197658;197662;197663;197664;197667;197668;197669;197907;197909;197924;197926;197934;197951;197954;197965;197967;197974;197975;197976;197989;198000;198003;198020;198022;198036;198038;198048;198049;198056;198057;198060;198062;198064;198065;198066;198067;198069;198071;198081;198082;198086;198934;198935;198936;198937;198939;198940;198941;198942;199448;199450;199452;199455;199459;1f365462-063c-491e-9fb3-bfac004d9183;3054;3066;3086;3091;3138;3139;57786;57793;57800;57801;58151;58158;6f9b07a8-166c-4a7a-aeb6-e676d0dcc5f6;8a5e5281-5b5e-423d-8c66-c1816e9e32b4","342",,,,896.846677423482,1179.82265193888,870.79,1104.19,0,0,1397.08722189169,2008.86,0,1272.22,2008.86,0,1319.15981706392,1238.69,114.647525545268,735.11,0,113.94,735.11,0,1010.31568132182,1867.41362751757,981.72,1516.84,0,0,0,0,1440.04,1440.04,2931.54,2931.54,2994.5,2994.5,,,,,,,,,,
"1024703650",,,,,,,,,,,,,,,,,,,,,,,,,,,,,"1024703650","24703650",MODELLED CROSSINGS,"ROAD, DEMOGRAPHIC",,OBS,,PASSABLE,,,,,Driftwood Rd,,,,,,,"9","628688","6080272","360880695",16059.822528701,400.431358.307489,400.431358.307489.504688,BULK,Driftwood Creek,,"0","123695","1",,,,3.2213292953626,7.66299902569085,3.22,7.66,0,0,8.18627184425112,8.25,0,8.19,8.25,0,8.56078909380311,8.56,0,0,0,0,0,0,7.12775810578485,11.6956870022636,7.13,11.51,0,0,0,0,8.19,8.19,11.7,11.7,11.7,11.7,,,,,,,,,,
"1024703651",,,,,,,,,,,,,,,,,,,,,,,,,,,,,"1024703651","24703651",MODELLED CROSSINGS,"ROAD, RESOURCE/OTHER",,OBS,,PASSABLE,,,,,,,,,,,,"9","639872","6043260","360873822",147530.703782173,"400.431358",400.431358.520929,BULK,Bulkley River,,"0","1001800031;1001800032;1001800033;1001800034;1001800057;1001800120;1001800182;1001800186;1001800190;1001800192;1001800217;1001800222;1001800224;1001800225;1001800226;1001800235;1001800248;1001800358;1001800361;1001800403;1001800428;1001800446;1001800502;1001800560;1001800587;1001800621;1001800635;1001800752;1001800807;1001800994;1001801055;1001801076;1001801082;1001801093;1001801115;1001801123;1001801141;1001801157;1001801185;1001801187;1001801906;1001801950;1001802001;1001802007;1001802013;1001802016;1001802029;1001802030;1001802031;1001802032;1001802043;1001802239;1001802242;1001802264;1001802402;1001802519;1001802623;1001802639;1001802655;1001802657;1001802690;1001803408;1001803628;1001803652;1001803657;1001803694;1001803895;1001803928;1001804075;1001804112;1001804120;1001804130;1001804282;1001804289;1001804364;1001804409;1001804863;1001804955;1001805032;1001805034;1001805190;1001805421;1001805480;1001805508;1001805535;1001805539;1001805558;1001805559;1001805561;1001805562;1001805563;1001805564;1001805586;1001805591;1001805596;1001805794;1001806279;1001806282;1014000004;1014000008;1014000009;1014000011;1014000012;1014000015;1014000038;1014000040;1014000053;1014000065;1014000072;1014000073;1014000074;1014000080;1014000081;1014000082;1014000083;1014000084;1014000161;1014000182;1014000191;1014000207;1014000230;1014000236;1014000237;1014000241;1014000249;1014000255;1014000271;1014000284;1014000289;1014000292;1014000293;1014000306;1014000385;1014000397;1014000420;1014000422;1014000479;1014000543;1014000646;1014000649;1014000663;1014000671;1014000717;1014000735;1014000739;1014000768;1014000774;1014000789;1014000813;1014000819;1014000822;1014000864;1014000870;1014000895;1014000910;1014000948;1014001010;1014001025;1014001028;1014001038;1014001088;1014001089;1014001097;1014001098;1014001104;1014001130;1014001132;1014001143;1014001157;1014001160;1014001191;1014001195;1014001198;1014001201;1014001216;1014001218;1014001220;1014001221;1014001228;1014001245;1014001247;1014001260;1014001291;1014001315;1014001345;1014001359;1014001378;1014001395;1014001412;1014001444;1014001474;1014001539;1014001576;1014001652;1014001654;1014001680;1014001700;1014001797;1024748044;1024748047;1024750701;1024752831;123345;195934;195935;195943;195944;195963;197360;197362;197365;197368;197370;197378;197379;197640;197646;197653;197655;197656;197658;197662;197663;197664;197669;197907;197909;197924;197926;197934;197951;197954;197965;197967;197974;197975;197976;197989;198000;198003;198020;198022;198036;198038;198048;198049;198056;198057;198060;198062;198064;198065;198067;198069;198071;198081;198082;198086;198934;198935;198936;198937;198939;198940;198941;198942;199448;199450;199452;199455;199459;3054;3066;3086;3091;3138;3139;57800;6f9b07a8-166c-4a7a-aeb6-e676d0dcc5f6;8a5e5281-5b5e-423d-8c66-c1816e9e32b4","280",,,,853.197991049225,1154.3751723729,827.14,1090.54,0,0,1316.11285411281,1908.07,0,1215.29,1908.07,0,1269.75691950282,1189.28,114.647525545268,724.56,0,113.94,724.56,0,964.52514236722,1762.44743168836,935.93,1492.1,0,0,0,0,1359.06,1359.06,2789.43,2789.43,2816.61,2816.61,,,,,,,,,,
"1024703659",,,,,,,,,,,,,,,,,,,,,,,,,,,,,"1024703659","24703659",MODELLED CROSSINGS,"ROAD, DEMOGRAPHIC",,OBS,,PASSABLE,,,,,Houston Bridge,,,,,,,"9","653086","6031103","360873822",177003.965292839,"400.431358",400.431358.626648,BULK,Bulkley River,,"0","1001800031;1001800032;1001800033;1001800034;1001800057;1001800120;1001800182;1001800186;1001800190;1001800192;1001800217;1001800222;1001800224;1001800225;1001800226;1001800358;1001800361;1001800403;1001800446;1001800560;1001800587;1001800621;1001800752;1001800807;1001801082;1001801093;1001801115;1001801123;1001801141;1001801157;1001801185;1001801187;1001801906;1001801950;1001802001;1001802007;1001802013;1001802016;1001802029;1001802030;1001802031;1001802032;1001802043;1001802239;1001802242;1001802264;1001802402;1001802623;1001802639;1001802655;1001802657;1001802690;1001803408;1001803628;1001803694;1001803895;1001803928;1001804075;1001804120;1001804282;1001804289;1001804364;1001804863;1001804955;1001805190;1001805421;1001805535;1001805539;1001805558;1001805559;1001805561;1001805562;1001805563;1001805564;1001805586;1001805591;1001805596;1001805794;1024748044;1024748047;1024752831;197653;197655;197656;197658;197662;197663;197664;197907;197909;197967;197974;197975;197976;198048;198049;198065;199452;199455;199459;3054;3066;3086;3091;3138;3139;8a5e5281-5b5e-423d-8c66-c1816e9e32b4","107",,,,158.666432227151,181.68145340113,142.85,159.62,0,0,234.526343889617,387.26,0,188.42,387.26,0,168.887292987559,152.83,19.2350675929108,47.82,0,19.24,47.82,0,169.64917012104,405.515512177814,152.45,245.41,0,0,0,0,244.68,244.68,537.11,537.11,537.5,537.5,,,,,,,,,,
"1024703706",,,,,,,,,,,,,,,,,,,,,,,,,,,,,"1024703706","24703706",MODELLED CROSSINGS,"ROAD, DEMOGRAPHIC",,OBS,,PASSABLE,,,,,Smithers Bridge,,,,,,,"9","620126","6070752","360873822",101019.55073062,"400.431358",400.431358.348838,BULK,Bulkley River,,"0","1001800031;1001800032;1001800033;1001800034;1001800041;1001800057;1001800120;1001800182;1001800186;1001800190;1001800192;1001800217;1001800222;1001800224;1001800225;1001800226;1001800235;1001800248;1001800263;1001800358;1001800361;1001800403;1001800423;1001800428;1001800446;1001800502;1001800560;1001800587;1001800621;1001800635;1001800670;1001800752;1001800807;1001800853;1001800865;1001800867;1001800972;1001800973;1001800994;1001801050;1001801051;1001801055;1001801076;1001801082;1001801093;1001801115;1001801123;1001801141;1001801157;1001801185;1001801187;1001801256;1001801265;1001801270;1001801323;1001801328;1001801336;1001801373;1001801380;1001801382;1001801385;1001801403;1001801906;1001801912;1001801950;1001801963;1001801976;1001801982;1001802001;1001802007;1001802013;1001802016;1001802029;1001802030;1001802031;1001802032;1001802043;1001802239;1001802242;1001802264;1001802267;1001802402;1001802445;1001802519;1001802623;1001802639;1001802655;1001802657;1001802690;1001802776;1001802816;1001802819;1001802832;1001802982;1001802993;1001802994;1001803005;1001803025;1001803036;1001803040;1001803041;1001803049;1001803054;1001803099;1001803380;1001803387;1001803408;1001803628;1001803652;1001803657;1001803694;1001803895;1001803928;1001803987;1001804075;1001804112;1001804120;1001804130;1001804210;1001804282;1001804289;1001804364;1001804409;1001804863;1001804905;1001804955;1001805032;1001805034;1001805079;1001805088;1001805101;1001805190;1001805421;1001805474;1001805480;1001805481;1001805508;1001805510;1001805535;1001805539;1001805558;1001805559;1001805561;1001805562;1001805563;1001805564;1001805586;1001805591;1001805596;1001805706;1001805718;1001805794;1001806012;1001806033;1001806073;1001806279;1001806282;1014000004;1014000008;1014000009;1014000011;1014000012;1014000015;1014000038;1014000040;1014000053;1014000065;1014000072;1014000073;1014000074;1014000080;1014000081;1014000082;1014000083;1014000084;1014000161;1014000182;1014000191;1014000207;1014000230;1014000236;1014000237;1014000241;1014000249;1014000255;1014000271;1014000284;1014000289;1014000292;1014000293;1014000306;1014000385;1014000397;1014000420;1014000422;1014000479;1014000543;1014000646;1014000649;1014000663;1014000671;1014000717;1014000735;1014000739;1014000768;1014000774;1014000789;1014000813;1014000819;1014000822;1014000864;1014000870;1014000895;1014000910;1014000948;1014001010;1014001025;1014001028;1014001038;1014001088;1014001089;1014001097;1014001098;1014001104;1014001130;1014001132;1014001143;1014001157;1014001160;1014001191;1014001195;1014001198;1014001201;1014001216;1014001218;1014001220;1014001221;1014001228;1014001245;1014001247;1014001260;1014001291;1014001315;1014001345;1014001359;1014001378;1014001395;1014001412;1014001444;1014001474;1014001539;1014001576;1014001652;1014001654;1014001680;1014001700;1014001797;1024748044;1024748047;1024750701;1024752831;1024756616;1024756617;123345;123375;123377;123380;123382;123388;123389;123391;123392;123393;123410;123416;123418;123419;123426;123429;123445;123446;123486;123488;123491;123492;123495;123496;123498;123499;123501;123511;123512;123514;123515;123527;123544;123567;123568;123571;123575;123577;123647;123682;123760;123761;124178;124494;124500;124501;124504;124510;195236;195288;195290;195380;195424;195451;195476;195541;195934;195935;195943;195944;195954;195956;195963;197360;197362;197365;197368;197370;197378;197379;197640;197646;197653;197655;197656;197658;197662;197663;197664;197667;197668;197669;197907;197909;197924;197926;197934;197951;197954;197965;197967;197974;197975;197976;197989;198000;198003;198020;198022;198036;198038;198048;198049;198056;198057;198060;198062;198064;198065;198066;198067;198069;198071;198081;198082;198086;198934;198935;198936;198937;198939;198940;198941;198942;199448;199450;199452;199455;199459;1f365462-063c-491e-9fb3-bfac004d9183;3054;3066;3086;3091;3138;3139;57786;57793;57800;57801;58151;58158;58162;6f9b07a8-166c-4a7a-aeb6-e676d0dcc5f6;7feee1fe-ac20-4584-a6ae-7e9e41a97b16;8a5e5281-5b5e-423d-8c66-c1816e9e32b4;b30647a2-cd3f-4907-8425-e2e04f24661e","410",,,,1091.50775734295,1406.80315437681,1061.63,1319.13,0,0,1666.35187318825,2322.97,0,1528.1,2322.97,0,1579.07908091184,1487.53,114.647525545268,735.11,0,113.94,735.11,0,1234.3024119348,2239.46599696711,1198.07,1837.03,0,0,0,0,1709.31,1709.31,3326.96,3326.96,3408.61,3408.61,,,,,,,,,,
"1024703746",,,,,,,,,,,,,,,,,,,,,,,,,,,,,"1024703746","24703746",MODELLED CROSSINGS,"ROAD, RESOURCE/OTHER",,OBS,,PASSABLE,,,,,,,,,,,,"9","635641","6115973","360860747",31782.3539846942,400.431358.079962.441999,400.431358.079962.441999.393536,BULK,Harold Price Creek,,"0","1001800589;1001800667;1001800674;1001801008;1001801020;1001801039;1001801738;1001801759;1001801774;1001801829;1001801890;1001801913;1001802383;1001802387;1001802416;1001802859;1001803606;1001803607;1001803952;1001804239;1001804897;1001804994;1001805011;1001805094;1001805751;1024743354;1024751689;123785","28",,,,74.7608674447079,91.4789976276557,74.76,91.48,0,0,111.744973064087,207.16,0,111.74,207.16,0,79.6823390561877,79.68,0,0,0,0,0,0,77.4728581314015,194.751821726436,77.47,170.81,0,0,0,0,111.74,111.74,251.59,251.59,251.66,251.66,,,,,,,,,,
"1024703747",,,,,,,,,,,,,,,,,,,,,,,,,,,,,"1024703747","24703747",MODELLED CROSSINGS,"ROAD, RESOURCE/OTHER",,OBS,,PASSABLE,,,,,,,,,,,,"9","621518","6107636","360873617",23806.7506411014,400.431358.079962.441999.443832,400.431358.079962.441999.443832.604750,BULK,Blunt Creek,,"0","1001801890;1001804994;1001805751;123785","4",,,,9.86601206855624,16.9578820960304,9.87,16.96,0,0,20.1218237136869,29.35,0,20.12,29.35,0,13.0557667111308,13.06,0,0,0,0,0,0,12.0798281297665,30.7485147010057,12.08,29.23,0,0,0,0,20.12,20.12,35.2,35.2,35.2,35.2,,,,,,,,,,
"1024703751",,,,,,,,,,,,,,,,,,,,,,,,,,,,,"1024703751","24703751",MODELLED CROSSINGS,"ROAD, RESOURCE/OTHER",,OBS,,PASSABLE,,,,,Morice Telkwa FSR,,,,,,,"9","641752","6035574","360865670",473.5427114399,400.431358.554646,400.431358.554646,BULK,Emerson Creek,,"0",,,,,,8.87802092034883,10.5965300383868,8.88,10.6,0,0,12.3969234255646,13.16,0,12.4,13.16,0,12.1039486094431,12.1,0,0,0,0,0,0,10.4701136129487,14.6173811122949,10.47,14.62,0,0,0,0,12.4,12.4,14.8,14.8,15.09,15.09,,,,,,,,,,
"1024703756",,,,,,,,,,,,,,,,,,,,,,,,,,,,,"1024703756","24703756",MODELLED CROSSINGS,"ROAD, RESOURCE/OTHER",,OBS,,PASSABLE,,,,,,,,,,,,"9","614890","6144063","360854119",22693.0636488041,400.431358.079962.274790,400.431358.079962.274790.692730,BULK,Natlan Creek,,"0",,,,,,2.48130134959764,7.87358530843702,2.48,7.87,0,0,8.89788275214267,8.9,0,8.9,8.9,0,6.91585373219377,6.92,0,0,0,0,0,0,3.97968086503358,11.6470509513374,3.98,11.65,0,0,0,0,8.9,8.9,12.11,12.11,12.11,12.11,,,,,,,,,,
"1024703757",,,,,,,,,,,,,,,,,,,,,,,,,,,,,"1024703757","24703757",MODELLED CROSSINGS,"ROAD, RESOURCE/OTHER",,OBS,,PASSABLE,,,,,,,,,,,,"9","665445","6032292","360862508",9048.41208749179,400.431358.691053,400.431358.691053.297803,BULK,Aitken Creek,,"0","1001800807;1001802623;1001803895;1001804075;1001804120;1001804289;1001804364;1001804863;1001805421","9",,,,1.52999669743313,2.70404032907837,1.53,2.7,0,0,10.1729229623107,20.02,0,9.12,20.02,0,1.52999669743313,1.53,0,0,0,0,0,0,1.52999669743313,22.9530379026495,1.53,15.8,0,0,0,0,10.17,10.17,31.67,31.67,31.67,31.67,,,,,,,,,,
"1024703759",,,,,,,,,,,,,,,,,,,,,,,,,,,,,"1024703759","24703759",MODELLED CROSSINGS,"ROAD, RESOURCE/OTHER",,OBS,,PASSABLE,,,,,,,,,,,,"9","608885","6127166","360880187",201.187195402594,400.431358.079962.275743,400.431358.079962.275743,BULK,Skilokis Creek,,"0",,,,,,0,0,0,0,0,0,0,0,0,0,0,0,0,0,0,0,0,0,0,0,0,0.213000000000059,0,0.21,0,0,0,0,0,0,0.21,0.21,0.21,0.21,,,,,,,,,,
"1024703787",,,,,,,,,,,,,,,,,,,,,,,,,,,,,"1024703787","24703787",MODELLED CROSSINGS,"ROAD, RESOURCE/OTHER",,OBS,,PASSABLE,,,,,Suskwa FSR,,,,,,,"9","615906","6144267","360853914",1065.86841687835,400.431358.079962.274790.696275,400.431358.079962.274790.696275,BULK,,,"0",,,,,,0.268624087525439,3.1401598537474,0.27,3.14,0,0,3.59993145594263,3.6,0,3.6,3.6,0,3.63717647012153,3.64,0,0,0,0,0,0,1.76700360296138,3.83115193025031,1.77,3.83,0,0,0,0,3.6,3.6,4.29,4.29,4.29,4.29,,,,,,,,,,
"1024703791",,,,,,,,,,,,,,,,,,,,,,,,,,,,,"1024703791","24703791",MODELLED CROSSINGS,"ROAD, RESOURCE/OTHER",,OBS,,PASSABLE,,,,,Suskwa FSR,,,,,,,"9","608651","6127351","360886614",14753.3423395108,400.431358.079962,400.431358.079962.246709,BULK,Suskwa River,,"0","1001800589;1001800667;1001800674;1001800998;1001801008;1001801020;1001801039;1001801738;1001801759;1001801774;1001801829;1001801890;1001801913;1001802383;1001802387;1001802416;1001802859;1001803606;1001803607;1001803952;1001804239;1001804816;1001804817;1001804897;1001804994;1001805011;1001805094;1001805751;1024743354;1024751689;123785","31",,,,158.367020744828,201.64202195872,158.37,201.64,0,0,228.039279579205,333.58,0,228.04,333.58,0,193.090943149039,193.09,1.16199967458554,0,0,1.16,0,0,173.300332892955,343.038575269281,173.3,317.21,0,0,0,0,228.04,228.04,406.63,406.63,406.71,406.71,,,,,,,,,,
"1024703806",,,,,,,,,,,,,,,,,,,,,,,,,,,,,"1024703806","24703806",MODELLED CROSSINGS,"ROAD, RESOURCE/OTHER",,OBS,,PASSABLE,,,,,Suskwa FSR,,,,,,,"9","608931","6127522","360854119",247.593074012308,400.431358.079962.274790,400.431358.079962.274790,BULK,Natlan Creek,,"0",,,,,,23.3774086423111,37.1630566452322,23.38,37.16,0,0,41.4985765747697,41.56,0,41.5,41.56,0,41.2287944647929,41.23,0,0,0,0,0,0,31.9887148547874,49.6130029212699,31.99,49.61,0,0,0,0,41.5,41.5,52.14,52.14,52.14,52.14,,,,,,,,,,
"1024703867",,,,,,,,,,,,,,,,,,,,,,,,,,,,,"1024703867","24703867",MODELLED CROSSINGS,"ROAD, RESOURCE/OTHER",,OBS,,PASSABLE,,,,,Suskwa FSR,,,,,,,"9","598775","6120464","360873822",23691.1484097761,"400.431358",400.431358.079962,BULK,Bulkley River,,"0","1001800009;1001800031;1001800032;1001800033;1001800034;1001800041;1001800057;1001800120;1001800126;1001800145;1001800182;1001800186;1001800190;1001800192;1001800217;1001800222;1001800224;1001800225;1001800226;1001800235;1001800248;1001800263;1001800311;1001800358;1001800361;1001800384;1001800403;1001800411;1001800423;1001800428;1001800446;1001800502;1001800560;1001800587;1001800621;1001800635;1001800670;1001800752;1001800807;1001800853;1001800865;1001800867;1001800972;1001800973;1001800994;1001801050;1001801051;1001801055;1001801076;1001801082;1001801093;1001801115;1001801123;1001801141;1001801157;1001801185;1001801187;1001801256;1001801265;1001801270;1001801323;1001801328;1001801336;1001801373;1001801380;1001801382;1001801385;1001801403;1001801548;1001801846;1001801906;1001801912;1001801950;1001801963;1001801976;1001801982;1001802001;1001802007;1001802013;1001802016;1001802029;1001802030;1001802031;1001802032;1001802043;1001802239;1001802242;1001802264;1001802267;1001802402;1001802445;1001802519;1001802623;1001802639;1001802655;1001802657;1001802690;1001802776;1001802816;1001802819;1001802832;1001802899;1001802982;1001802993;1001802994;1001803005;1001803025;1001803036;1001803040;1001803041;1001803049;1001803054;1001803099;1001803123;1001803127;1001803133;1001803134;1001803188;1001803189;1001803263;1001803307;1001803313;1001803380;1001803387;1001803408;1001803628;1001803652;1001803657;1001803694;1001803895;1001803928;1001803987;1001804075;1001804112;1001804120;1001804130;1001804210;1001804282;1001804289;1001804364;1001804409;1001804863;1001804905;1001804955;1001805032;1001805034;1001805079;1001805088;1001805101;1001805190;1001805272;1001805421;1001805474;1001805480;1001805481;1001805482;1001805484;1001805491;1001805497;1001805504;1001805506;1001805508;1001805510;1001805535;1001805539;1001805544;1001805547;1001805548;1001805550;1001805558;1001805559;1001805561;1001805562;1001805563;1001805564;1001805577;1001805586;1001805591;1001805596;1001805706;1001805718;1001805785;1001805794;1001806012;1001806033;1001806073;1001806279;1001806282;1014000004;1014000008;1014000009;1014000011;1014000012;1014000015;1014000038;1014000040;1014000053;1014000065;1014000072;1014000073;1014000074;1014000080;1014000081;1014000082;1014000083;1014000084;1014000161;1014000182;1014000191;1014000207;1014000230;1014000236;1014000237;1014000241;1014000249;1014000255;1014000271;1014000284;1014000289;1014000292;1014000293;1014000306;1014000385;1014000397;1014000420;1014000422;1014000479;1014000543;1014000646;1014000649;1014000663;1014000671;1014000717;1014000735;1014000739;1014000768;1014000774;1014000789;1014000813;1014000819;1014000822;1014000864;1014000870;1014000895;1014000910;1014000948;1014001010;1014001025;1014001028;1014001038;1014001088;1014001089;1014001097;1014001098;1014001104;1014001130;1014001132;1014001143;1014001157;1014001160;1014001191;1014001195;1014001198;1014001201;1014001216;1014001218;1014001220;1014001221;1014001228;1014001245;1014001247;1014001260;1014001291;1014001315;1014001345;1014001359;1014001378;1014001395;1014001412;1014001444;1014001474;1014001539;1014001576;1014001652;1014001654;1014001680;1014001700;1014001797;1024742362;1024742364;1024748044;1024748047;1024750701;1024752831;1024756616;1024756617;123345;123375;123377;123380;123382;123388;123389;123391;123392;123393;123410;123416;123418;123419;123426;123429;123445;123446;123486;123488;123491;123492;123495;123496;123498;123499;123501;123511;123512;123514;123515;123527;123544;123567;123568;123571;123575;123577;123647;123682;123695;123713;123744;123760;123761;123770;123771;123775;123777;123778;124164;124165;124178;124188;124197;124198;124221;124466;124470;124487;124494;124500;124501;124504;124510;195236;195288;195290;195332;195380;195424;195451;195476;195497;195498;195541;195934;195935;195938;195943;195944;195954;195956;195963;197360;197362;197365;197368;197370;197378;197379;197640;197646;197653;197655;197656;197658;197662;197663;197664;197667;197668;197669;197907;197909;197924;197926;197934;197951;197954;197960;197965;197967;197974;197975;197976;197989;198000;198003;198020;198022;198036;198038;198044;198048;198049;198056;198057;198060;198062;198064;198065;198066;198067;198069;198071;198081;198082;198086;198934;198935;198936;198937;198939;198940;198941;198942;199448;199450;199452;199455;199457;199458;199459;1f365462-063c-491e-9fb3-bfac004d9183;203122;203126;3054;3066;3086;3091;3138;3139;57786;57793;57800;57801;57873;57876;57878;57880;57883;57912;57914;57922;57925;57933;57940;57941;57944;57948;57949;57978;57982;58043;58056;58059;58067;58068;58139;58151;58158;58162;58208;58209;58210;58213;58238;58242;58245;58257;58261;58263;58271;58272;58284;58285;58287;58290;58291;58345;6f9b07a8-166c-4a7a-aeb6-e676d0dcc5f6;7feee1fe-ac20-4584-a6ae-7e9e41a97b16;8a5e5281-5b5e-423d-8c66-c1816e9e32b4;b30647a2-cd3f-4907-8425-e2e04f24661e;ba985288-8b24-4d3b-8c74-00715c1522ff","512",,,,1260.24017364276,1555.53413722699,1215.72,1436.46,0.132000731098531,0.13,1942.55667537952,2607.61,0,1739.21,2607.61,0,1822.60258322627,1688.79,114.647525545268,735.11,0,113.94,735.11,0,1451.64512670699,2522.8787414385,1382.8,2016.61,0,0,0,0,1986.52,1986.52,3672.43,3672.43,3835.59,3835.59,,,,,,,,,,
"1024703868",,,,,,,,,,,,,,,,,,,,,,,,,,,,,"1024703868","24703868",MODELLED CROSSINGS,"ROAD, RESOURCE/OTHER",,OBS,,PASSABLE,,,,,Suskwa FSR,,,,,,,"9","611885","6133329","360880195",865.492005881581,400.431358.079962.274790.239363,400.431358.079962.274790.239363,BULK,Denison Creek,,"0",,,,,,0.253238837237261,3.60036751558838,0.25,3.6,0,0,4.53680139402074,4.54,0,4.54,4.54,0,7.19448727649229,7.19,0,0,0,0,0,0,2.30522689657224,7.84483391520929,2.31,7.84,0,0,0,0,4.54,4.54,8.78,8.78,8.78,8.78,,,,,,,,,,
"1024703869",,,,,,,,,,,,,,,,,,,,,,,,,,,,,"1024703869","24703869",MODELLED CROSSINGS,"ROAD, RESOURCE/OTHER",,OBS,,PASSABLE,,,,,Dungate FSR,,,,,,,"9","658698","6023157","360760898",7623.10642723654,400.431358.623573.083900,400.431358.623573.083900.336650,BULK,Dungate Creek,,"0",,,"66732880002994",,,0,0,0,0,0,0,0,0,0,0,0,0,0,0,0,0,0,0,0,0,0,5.16159352331182,0,5.16,0,0,0,0,0,0,5.16,5.16,5.16,5.16,,,,,,,,,,
"1024703947",,,,,,,,,,,,,,,,,,,,,,,,,,,,,"1024703947","24703947",MODELLED CROSSINGS,"ROAD, RESOURCE/OTHER",,OBS,,PASSABLE,,,,,,,,,,,,"9","625538","6134142","360886614",37164.5959761259,400.431358.079962,400.431358.079962.678763,BULK,Suskwa River,,"0",,,,,,3.6203065664725,10.2463748059365,3.62,10.25,0,0,11.2134545347104,13.08,0,11.21,13.08,0,7.62982268128555,7.63,0,0,0,0,0,0,4.45217732035146,18.9072522739147,4.45,18.91,0,0,0,0,11.21,11.21,20.62,20.62,20.62,20.62,,,,,,,,,,
"1024703955",,,,,,,,,,,,,,,,,,,,,,,,,,,,,"1024703955","24703955",MODELLED CROSSINGS,"ROAD, RESOURCE/OTHER",,OBS,,PASSABLE,,,,,,,,,,,,"9","611009","6132841","360854119",7516.70330688564,400.431358.079962.274790,400.431358.079962.274790.224931,BULK,Natlan Creek,,"0",,,,,,15.2790851756503,27.424802441095,15.28,27.42,0,0,29.530533763233,29.59,0,29.53,29.59,0,30.1156928998205,30.12,0,0,0,0,0,0,22.0700989576474,35.8968122922642,22.07,35.9,0,0,0,0,29.53,29.53,37.29,37.29,37.29,37.29,,,,,,,,,,
"1024703957",,,,,,,,,,,,,,,,,,,,,,,,,,,,,"1024703957","24703957",MODELLED CROSSINGS,RAIL,,OBS,,PASSABLE,,,,,,None,,,,,,"9","607118","6089051","360877435",992.472405907186,400.431358.236625,400.431358.236625.037337,BULK,Trout Creek,,"0","1001803133;1001803134;1001805272;1001805785;57978;57982;58056;58059;58208;58209;58210","11",,,,8.39987609948576,10.5321881633679,8.4,10.53,0,0,15.3000560531347,29.48,0,13.73,29.48,0,10.5321881633679,10.53,0,0,0,0,0,0,9.38925964923638,27.9482580981902,9.39,19.85,0,0,0,0,15.3,15.3,35.41,35.41,35.41,35.41,,,,,,,,,,
"1024704259",,,,,,,,,,,,,,,,,,,,,,,,,,,,,"1024704259","24704259",MODELLED CROSSINGS,RAIL,,OBS,,PASSABLE,,,,,,None,,,,,,"9","647968","6030279","360873822",168682.02604901,"400.431358",400.431358.585806,BULK,Bulkley River,,"0","1001800031;1001800032;1001800033;1001800034;1001800057;1001800120;1001800182;1001800186;1001800190;1001800192;1001800217;1001800222;1001800224;1001800225;1001800226;1001800235;1001800248;1001800358;1001800361;1001800403;1001800428;1001800446;1001800502;1001800560;1001800587;1001800621;1001800635;1001800752;1001800807;1001801076;1001801082;1001801093;1001801115;1001801123;1001801141;1001801157;1001801185;1001801187;1001801906;1001801950;1001802001;1001802007;1001802013;1001802016;1001802029;1001802030;1001802031;1001802032;1001802043;1001802239;1001802242;1001802264;1001802402;1001802519;1001802623;1001802639;1001802655;1001802657;1001802690;1001803408;1001803628;1001803652;1001803657;1001803694;1001803895;1001803928;1001804075;1001804112;1001804120;1001804130;1001804282;1001804289;1001804364;1001804409;1001804863;1001804955;1001805032;1001805034;1001805190;1001805421;1001805535;1001805539;1001805558;1001805559;1001805561;1001805562;1001805563;1001805564;1001805586;1001805591;1001805596;1001805794;1001806279;1001806282;1024748044;1024748047;1024752831;197640;197646;197653;197655;197656;197658;197662;197663;197664;197907;197909;197967;197974;197975;197976;198048;198049;198065;199448;199450;199452;199455;199459;3054;3066;3086;3091;3138;3139;6f9b07a8-166c-4a7a-aeb6-e676d0dcc5f6;8a5e5281-5b5e-423d-8c66-c1816e9e32b4","128",,,,247.930359461862,281.402711913951,232.12,259.34,0,0,347.690602369588,581.08,0,300.46,581.08,0,262.604633898507,246.55,27.3965807912161,61.07,0,27.4,61.07,0,263.292371646238,606.782797108189,246.1,430.76,0,0,0,0,358.51,358.51,798.53,798.53,798.92,798.92,,,,,,,,,,
"1024704481",,,,,,,,,,,,,,,,,,,,,,,,,,,,,"1024704481","24704481",MODELLED CROSSINGS,"ROAD, DEMOGRAPHIC",,OBS,,PASSABLE,,,,,Pleasant Valley Bridge,,,,,,,"9","648004","6030322","360873822",168738.783540043,"400.431358",400.431358.585806,BULK,Bulkley River,,"0","1001800031;1001800032;1001800033;1001800034;1001800057;1001800120;1001800182;1001800186;1001800190;1001800192;1001800217;1001800222;1001800224;1001800225;1001800226;1001800235;1001800248;1001800358;1001800361;1001800403;1001800428;1001800446;1001800502;1001800560;1001800587;1001800621;1001800635;1001800752;1001800807;1001801076;1001801082;1001801093;1001801115;1001801123;1001801141;1001801157;1001801185;1001801187;1001801906;1001801950;1001802001;1001802007;1001802013;1001802016;1001802029;1001802030;1001802031;1001802032;1001802043;1001802239;1001802242;1001802264;1001802402;1001802519;1001802623;1001802639;1001802655;1001802657;1001802690;1001803408;1001803628;1001803652;1001803657;1001803694;1001803895;1001803928;1001804075;1001804112;1001804120;1001804130;1001804282;1001804289;1001804364;1001804409;1001804863;1001804955;1001805032;1001805034;1001805190;1001805421;1001805535;1001805539;1001805558;1001805559;1001805561;1001805562;1001805563;1001805564;1001805586;1001805591;1001805596;1001805794;1001806279;1001806282;1024748044;1024748047;1024752831;197640;197646;197653;197655;197656;197658;197662;197663;197664;197907;197909;197967;197974;197975;197976;198048;198049;198065;199448;199450;199452;199455;199459;3054;3066;3086;3091;3138;3139;6f9b07a8-166c-4a7a-aeb6-e676d0dcc5f6;8a5e5281-5b5e-423d-8c66-c1816e9e32b4","128",,,,247.873359461862,281.345711913951,232.06,259.28,0,0,347.633602369588,581.03,0,300.4,581.03,0,262.547633898507,246.49,27.3965807912161,61.07,0,27.4,61.07,0,263.235371646238,606.725797108189,246.04,430.7,0,0,0,0,358.46,358.46,798.48,798.48,798.87,798.87,,,,,,,,,,
"1024704483",,,,,,,,,,,,,,,,,,,,,,,,,,,,,"1024704483","24704483",MODELLED CROSSINGS,"ROAD, DEMOGRAPHIC",,OBS,,PASSABLE,,,,,Buck Creek Bridge,,,,,,,"9","652360","6030403","360886221",981.220780337945,400.431358.623573,400.431358.623573,BULK,Buck Creek,,"0","1001800235;1001800248;1001800428;1001800502;1001800635;1001801076;1001802519;1001803652;1001803657;1001804112;1001804130;1001804409;1001805032;1001805034;1001806279;1001806282;197640;197646;199448;199450;6f9b07a8-166c-4a7a-aeb6-e676d0dcc5f6","21",,,,79.4110214294199,89.8683527075304,79.41,89.87,0,0,103.31135267468,183.96,0,102.19,183.96,0,83.8644351056567,83.86,6.60054469486515,13.25,0,6.6,13.25,0,83.7902957199069,191.239211523255,83.79,175.32,0,0,0,0,103.98,103.98,250.62,250.62,250.62,250.62,,,,,,,,,,
"1024704484",,,,,,,,,,,,,,,,,,,,,,,,,,,,,"1024704484","24704484",MODELLED CROSSINGS,"ROAD, DEMOGRAPHIC",,OBS,,PASSABLE,,,,,Hagwilget Bridge,,,,,,,"9","588700","6124320","360873822",5943.39709278807,"400.431358",400.431358.019534,BULK,Bulkley River,,"0","1001800009;1001800031;1001800032;1001800033;1001800034;1001800041;1001800057;1001800120;1001800126;1001800145;1001800182;1001800186;1001800190;1001800192;1001800217;1001800222;1001800224;1001800225;1001800226;1001800235;1001800248;1001800263;1001800311;1001800358;1001800361;1001800384;1001800403;1001800411;1001800423;1001800428;1001800446;1001800502;1001800560;1001800587;1001800589;1001800621;1001800635;1001800667;1001800670;1001800674;1001800752;1001800807;1001800853;1001800865;1001800867;1001800972;1001800973;1001800994;1001800998;1001801008;1001801020;1001801039;1001801050;1001801051;1001801055;1001801076;1001801082;1001801093;1001801115;1001801123;1001801141;1001801157;1001801185;1001801187;1001801256;1001801265;1001801270;1001801323;1001801328;1001801336;1001801373;1001801380;1001801382;1001801385;1001801403;1001801548;1001801738;1001801759;1001801774;1001801829;1001801846;1001801890;1001801906;1001801912;1001801913;1001801950;1001801963;1001801976;1001801982;1001802001;1001802007;1001802013;1001802016;1001802029;1001802030;1001802031;1001802032;1001802043;1001802239;1001802242;1001802264;1001802267;1001802383;1001802387;1001802402;1001802416;1001802445;1001802519;1001802623;1001802639;1001802655;1001802657;1001802690;1001802776;1001802816;1001802819;1001802832;1001802859;1001802899;1001802982;1001802993;1001802994;1001803005;1001803025;1001803036;1001803040;1001803041;1001803049;1001803054;1001803099;1001803123;1001803127;1001803133;1001803134;1001803188;1001803189;1001803263;1001803307;1001803313;1001803380;1001803387;1001803408;1001803606;1001803607;1001803628;1001803652;1001803657;1001803694;1001803895;1001803928;1001803952;1001803987;1001804075;1001804112;1001804120;1001804130;1001804210;1001804239;1001804282;1001804289;1001804364;1001804409;1001804816;1001804817;1001804863;1001804897;1001804905;1001804955;1001804994;1001805011;1001805032;1001805034;1001805079;1001805088;1001805094;1001805101;1001805190;1001805272;1001805421;1001805474;1001805480;1001805481;1001805482;1001805484;1001805491;1001805497;1001805504;1001805506;1001805508;1001805510;1001805535;1001805539;1001805544;1001805547;1001805548;1001805550;1001805558;1001805559;1001805561;1001805562;1001805563;1001805564;1001805577;1001805586;1001805591;1001805596;1001805706;1001805718;1001805751;1001805785;1001805794;1001806012;1001806033;1001806073;1001806279;1001806282;1014000004;1014000008;1014000009;1014000011;1014000012;1014000015;1014000038;1014000040;1014000053;1014000065;1014000072;1014000073;1014000074;1014000080;1014000081;1014000082;1014000083;1014000084;1014000161;1014000182;1014000191;1014000207;1014000230;1014000236;1014000237;1014000241;1014000249;1014000255;1014000271;1014000284;1014000289;1014000292;1014000293;1014000306;1014000385;1014000397;1014000420;1014000422;1014000479;1014000543;1014000646;1014000649;1014000663;1014000671;1014000717;1014000735;1014000739;1014000768;1014000774;1014000789;1014000813;1014000819;1014000822;1014000864;1014000870;1014000895;1014000910;1014000948;1014001010;1014001025;1014001028;1014001038;1014001088;1014001089;1014001097;1014001098;1014001104;1014001130;1014001132;1014001143;1014001157;1014001160;1014001191;1014001195;1014001198;1014001201;1014001216;1014001218;1014001220;1014001221;1014001228;1014001245;1014001247;1014001260;1014001291;1014001315;1014001345;1014001359;1014001378;1014001395;1014001412;1014001444;1014001474;1014001539;1014001576;1014001652;1014001654;1014001680;1014001700;1014001797;1024742362;1024742364;1024743354;1024748044;1024748047;1024750701;1024751689;1024752831;1024756616;1024756617;123345;123375;123377;123380;123382;123388;123389;123391;123392;123393;123410;123416;123418;123419;123426;123429;123445;123446;123486;123488;123491;123492;123495;123496;123498;123499;123501;123511;123512;123514;123515;123527;123544;123567;123568;123571;123575;123577;123647;123682;123695;123713;123744;123760;123761;123770;123771;123775;123777;123778;123785;124164;124165;124178;124188;124197;124198;124221;124466;124470;124487;124494;124500;124501;124504;124510;195236;195288;195290;195332;195380;195424;195451;195476;195497;195498;195541;195934;195935;195938;195943;195944;195954;195956;195963;197360;197362;197365;197368;197370;197378;197379;197640;197646;197653;197655;197656;197658;197662;197663;197664;197667;197668;197669;197907;197909;197924;197926;197934;197951;197954;197960;197965;197967;197974;197975;197976;197989;198000;198003;198020;198022;198036;198038;198044;198048;198049;198056;198057;198060;198062;198064;198065;198066;198067;198069;198071;198081;198082;198086;198934;198935;198936;198937;198939;198940;198941;198942;199448;199450;199452;199455;199457;199458;199459;1f365462-063c-491e-9fb3-bfac004d9183;203122;203126;3054;3066;3086;3091;3138;3139;57786;57793;57800;57801;57873;57876;57878;57880;57883;57912;57914;57922;57925;57933;57940;57941;57944;57948;57949;57978;57982;58043;58056;58059;58067;58068;58139;58151;58158;58162;58208;58209;58210;58213;58238;58242;58245;58257;58261;58263;58271;58272;58284;58285;58287;58290;58291;58345;6f9b07a8-166c-4a7a-aeb6-e676d0dcc5f6;7feee1fe-ac20-4584-a6ae-7e9e41a97b16;8a5e5281-5b5e-423d-8c66-c1816e9e32b4;b30647a2-cd3f-4907-8425-e2e04f24661e;ba985288-8b24-4d3b-8c74-00715c1522ff","543",,,,1451.3657543809,1772.31103057267,1406.84,1653.24,0.132000731098531,0.13,2205.54214046345,2958.65,0,2002.2,2958.65,0,2048.51455166526,1914.71,115.872583141025,735.11,0,115.17,735.11,0,1657.76648488989,2882.34828683594,1588.92,2350.25,0,0,0,0,2249.51,2249.51,4097.59,4097.59,4278.57,4278.57,,,,,,,,,,
"1024704485",,,,,,,,,,,,,,,,,,,,,,,,,,,,,"1024704485","24704485",MODELLED CROSSINGS,"ROAD, DEMOGRAPHIC",,OBS,,PASSABLE,,,,,Telkwa High Rd,,,,,,,"9","606887","6097700","360873822",55189.2566626411,"400.431358",400.431358.195591,BULK,Bulkley River,,"0","1001800009;1001800031;1001800032;1001800033;1001800034;1001800041;1001800057;1001800120;1001800145;1001800182;1001800186;1001800190;1001800192;1001800217;1001800222;1001800224;1001800225;1001800226;1001800235;1001800248;1001800263;1001800311;1001800358;1001800361;1001800403;1001800423;1001800428;1001800446;1001800502;1001800560;1001800587;1001800621;1001800635;1001800670;1001800752;1001800807;1001800853;1001800865;1001800867;1001800972;1001800973;1001800994;1001801050;1001801051;1001801055;1001801076;1001801082;1001801093;1001801115;1001801123;1001801141;1001801157;1001801185;1001801187;1001801256;1001801265;1001801270;1001801323;1001801328;1001801336;1001801373;1001801380;1001801382;1001801385;1001801403;1001801548;1001801846;1001801906;1001801912;1001801950;1001801963;1001801976;1001801982;1001802001;1001802007;1001802013;1001802016;1001802029;1001802030;1001802031;1001802032;1001802043;1001802239;1001802242;1001802264;1001802267;1001802402;1001802445;1001802519;1001802623;1001802639;1001802655;1001802657;1001802690;1001802776;1001802816;1001802819;1001802832;1001802899;1001802982;1001802993;1001802994;1001803005;1001803025;1001803036;1001803040;1001803041;1001803049;1001803054;1001803099;1001803123;1001803127;1001803133;1001803134;1001803188;1001803189;1001803263;1001803380;1001803387;1001803408;1001803628;1001803652;1001803657;1001803694;1001803895;1001803928;1001803987;1001804075;1001804112;1001804120;1001804130;1001804210;1001804282;1001804289;1001804364;1001804409;1001804863;1001804905;1001804955;1001805032;1001805034;1001805079;1001805088;1001805101;1001805190;1001805272;1001805421;1001805474;1001805480;1001805481;1001805482;1001805491;1001805497;1001805508;1001805510;1001805535;1001805539;1001805544;1001805547;1001805548;1001805550;1001805558;1001805559;1001805561;1001805562;1001805563;1001805564;1001805586;1001805591;1001805596;1001805706;1001805718;1001805785;1001805794;1001806012;1001806033;1001806073;1001806279;1001806282;1014000004;1014000008;1014000009;1014000011;1014000012;1014000015;1014000038;1014000040;1014000053;1014000065;1014000072;1014000073;1014000074;1014000080;1014000081;1014000082;1014000083;1014000084;1014000161;1014000182;1014000191;1014000207;1014000230;1014000236;1014000237;1014000241;1014000249;1014000255;1014000271;1014000284;1014000289;1014000292;1014000293;1014000306;1014000385;1014000397;1014000420;1014000422;1014000479;1014000543;1014000646;1014000649;1014000663;1014000671;1014000717;1014000735;1014000739;1014000768;1014000774;1014000789;1014000813;1014000819;1014000822;1014000864;1014000870;1014000895;1014000910;1014000948;1014001010;1014001025;1014001028;1014001038;1014001088;1014001089;1014001097;1014001098;1014001104;1014001130;1014001132;1014001143;1014001157;1014001160;1014001191;1014001195;1014001198;1014001201;1014001216;1014001218;1014001220;1014001221;1014001228;1014001245;1014001247;1014001260;1014001291;1014001315;1014001345;1014001359;1014001378;1014001395;1014001412;1014001444;1014001474;1014001539;1014001576;1014001652;1014001654;1014001680;1014001700;1014001797;1024742364;1024748044;1024748047;1024750701;1024752831;1024756616;1024756617;123345;123375;123377;123380;123382;123388;123389;123391;123392;123393;123410;123416;123418;123419;123426;123429;123445;123446;123486;123488;123491;123492;123495;123496;123498;123499;123501;123511;123512;123514;123515;123527;123544;123567;123568;123571;123575;123577;123647;123682;123695;123713;123744;123760;123761;123770;124178;124221;124494;124500;124501;124504;124510;195236;195288;195290;195380;195424;195451;195476;195497;195498;195541;195934;195935;195938;195943;195944;195954;195956;195963;197360;197362;197365;197368;197370;197378;197379;197640;197646;197653;197655;197656;197658;197662;197663;197664;197667;197668;197669;197907;197909;197924;197926;197934;197951;197954;197965;197967;197974;197975;197976;197989;198000;198003;198020;198022;198036;198038;198044;198048;198049;198056;198057;198060;198062;198064;198065;198066;198067;198069;198071;198081;198082;198086;198934;198935;198936;198937;198939;198940;198941;198942;199448;199450;199452;199455;199457;199458;199459;1f365462-063c-491e-9fb3-bfac004d9183;203122;203126;3054;3066;3086;3091;3138;3139;57786;57793;57800;57801;57873;57876;57878;57880;57883;57912;57914;57922;57925;57933;57940;57941;57944;57948;57949;57978;57982;58043;58056;58059;58067;58068;58139;58151;58158;58162;58208;58209;58210;58213;58238;58242;58245;58257;58261;58263;58271;58272;58284;58285;58287;58290;58291;58345;6f9b07a8-166c-4a7a-aeb6-e676d0dcc5f6;7feee1fe-ac20-4584-a6ae-7e9e41a97b16;8a5e5281-5b5e-423d-8c66-c1816e9e32b4;b30647a2-cd3f-4907-8425-e2e04f24661e","487",,,,1219.15828431641,1534.53597503446,1177.39,1424.73,0.132000731098531,0.13,1879.10843628711,2551,0,1691.85,2551,0,1760.84224416005,1640.73,114.647525545268,735.11,0,113.94,735.11,0,1404.06373305635,2468.96295832088,1341.24,1984.78,0,0,0,0,1923.07,1923.07,3598.65,3598.65,3729.6,3729.6,,,,,,,,,,
"1024704487",,,,,,,,,,,,,,,,,,,,,,,,,,,,,"1024704487","24704487",MODELLED CROSSINGS,"ROAD, DEMOGRAPHIC",,OBS,,PASSABLE,,,,,Sunset Lake Rd,,,,,,,"9","674402","6042790","360873822",221722.381716976,"400.431358",400.431358.782660,BULK,Bulkley River,,"0","1001800057;1001800120;1001800182;1001800186;1001800190;1001800192;1001800358;1001800361;1001800403;1001800621;1001800752;1001801115;1001801123;1001801141;1001801185;1001801187;1001801906;1001802013;1001802016;1001802029;1001802030;1001802031;1001802032;1001802043;1001802239;1001802264;1001802402;1001802639;1001802655;1001802657;1001803694;1001803928;1001804955;1001805190;1001805535;1001805539;1001805586;1001805794;1024748044;1024748047;1024752831;197907;197909;197967;197974;197975;197976;198048;198049;198065;199452;199455;199459;8a5e5281-5b5e-423d-8c66-c1816e9e32b4","54",,,,89.8337314781879,104.345236631525,81.27,94.03,0,0,129.28696415114,237.31,0,109.83,237.31,0,98.1573362421166,89.35,15.3200672099169,47.82,0,15.32,47.82,0,90.7069595242879,214.440666530432,81.9,140.58,0,0,0,0,131.21,131.21,322.47,322.47,322.86,322.86,,,,,,,,,,
"1024704492",,,,,,,,,,,,,,,,,,,,,,,,,,,,,"1024704492","24704492",MODELLED CROSSINGS,"ROAD, DEMOGRAPHIC",,OBS,,PASSABLE,,,,,McKilligan Rd,,,,,,,"9","658227","6035705","360873822",188578.135933309,"400.431358",400.431358.669545,BULK,Bulkley River,,"0","1001800057;1001800120;1001800182;1001800186;1001800190;1001800192;1001800217;1001800358;1001800361;1001800403;1001800587;1001800621;1001800752;1001800807;1001801082;1001801115;1001801123;1001801141;1001801185;1001801187;1001801906;1001801950;1001802001;1001802007;1001802013;1001802016;1001802029;1001802030;1001802031;1001802032;1001802043;1001802239;1001802264;1001802402;1001802623;1001802639;1001802655;1001802657;1001802690;1001803628;1001803694;1001803895;1001803928;1001804075;1001804120;1001804282;1001804289;1001804364;1001804863;1001804955;1001805190;1001805421;1001805535;1001805539;1001805586;1001805591;1001805596;1001805794;1024748044;1024748047;1024752831;197653;197655;197656;197658;197662;197663;197664;197907;197909;197967;197974;197975;197976;198048;198049;198065;199452;199455;199459;3054;3066;3091;3138;3139;8a5e5281-5b5e-423d-8c66-c1816e9e32b4","86",,,,145.916437547487,168.931458721466,130.1,146.87,0,0,215.327105402969,361.47,0,169.22,361.47,0,156.137298307895,140.08,19.2350675929108,47.82,0,19.24,47.82,0,156.899175441376,370.946624479517,139.7,223.75,0,0,0,0,225.48,225.48,502.31,502.31,502.7,502.7,,,,,,,,,,
"1024704494",,,,,,,,,,,,,,,,,,,,,,,,,,,,,"1024704494","24704494",MODELLED CROSSINGS,"ROAD, DEMOGRAPHIC",,OBS,,PASSABLE,,,,,Buck Flats Rd,,,,,,,"9","653168","6019752","360886221",16351.8533614813,400.431358.623573,400.431358.623573.185401,BULK,Buck Creek,,"0","1001800248;1001800428;1001800502;1001800635;1001801076;1001802519;1001803652;1001803657;1001804112;1001804130;1001804409;1001805032;1001805034;1001806279;1001806282;197640;197646;199448;199450;6f9b07a8-166c-4a7a-aeb6-e676d0dcc5f6","20",,,,64.8894532722373,72.1243668395655,64.89,72.12,0,0,84.0283660696731,164.68,0,82.9,164.68,0,65.428016626943,65.43,6.60054469486515,13.25,0,6.6,13.25,0,65.3842916122147,157.530179568476,65.38,144.05,0,0,0,0,84.03,84.03,216.91,216.91,216.91,216.91,,,,,,,,,,
"1024704495",,,,,,,,,,,,,,,,,,,,,,,,,,,,,"1024704495","24704495",MODELLED CROSSINGS,"ROAD, DEMOGRAPHIC",,OBS,,PASSABLE,,,,,Buck Flats Rd,,,,,,,"9","654122","6015295","360886221",22691.9904303001,400.431358.623573,400.431358.623573.264045,BULK,Buck Creek,,"0","1001800248;1001800428;1001800502;1001801076;1001802519;1001803652;1001803657;1001804112;1001804130;1001804409;1001805032;1001805034;1001806279;1001806282;197640;197646;199448;199450;6f9b07a8-166c-4a7a-aeb6-e676d0dcc5f6","19",,,,58.5494554137429,65.7843689810711,58.55,65.78,0,0,77.6883682111786,156.44,0,76.56,156.44,0,59.0880187684486,59.09,6.60054469486515,13.25,0,6.6,13.25,0,59.0442937537203,138.410813775673,59.04,125.44,0,0,0,0,77.69,77.69,197.79,197.79,197.79,197.79,,,,,,,,,,
"1024704501",,,,,,,,,,,,,,,,,,,,,,,,,,,,,"1024704501","24704501",MODELLED CROSSINGS,"ROAD, DEMOGRAPHIC",,OBS,,PASSABLE,,,,,Crow Creek Rd,,,,,,,"9","681824","6032708","360873822",249835.467036938,"400.431358",400.431358.886157,BULK,Bulkley River,,"0","1001800182;1001800361;1001800621;1001801185;1001801187;1001802013;1001802016;1001802239;1001802264;1001802402;1001803694;1001803928;1001804955;1001805539;1001805794;1024748044;1024748047;197907;197909;197967;199452;199455;199459;8a5e5281-5b5e-423d-8c66-c1816e9e32b4","24",,,,48.4145294542326,57.2053753398688,45.33,53.88,0,0,71.2395631397495,141.39,0,65.49,141.39,0,53.2905829599369,49.97,13.08727638877,31.89,0,13.09,31.89,0,49.2877575003327,108.493667148199,45.96,88.73,0,0,0,0,72.82,72.82,188.64,188.64,189.02,189.02,,,,,,,,,,
"1024704503",,,,,,,,,,,,,,,,,,,,,,,,,,,,,"1024704503","24704503",MODELLED CROSSINGS,"ROAD, RESOURCE/OTHER",,OBS,,PASSABLE,,,,,,,,,,,,"9","674650","6036609","360846413",8738.72090635907,400.431358.820938,400.431358.820938.395844,BULK,,,"0","1001800186;1001800752","2",,,,0,0,0,0,0,0,0.248562096103718,4.98,0,0.25,4.98,0,0,0,0.595791991982053,15.93,0,0.6,15.93,0,0,0.248562096103718,0,0.25,0,0,0,0,0.6,0.6,15.9,15.9,15.9,15.9,,,,,,,,,,
"1024704507",,,,,,,,,,,,,,,,,,,,,,,,,,,,,"1024704507","24704507",MODELLED CROSSINGS,"ROAD, RESOURCE/OTHER",,OBS,,PASSABLE,,,,,,,,,,,,"9","641725","6108866","360860747",47427.2629167631,400.431358.079962.441999,400.431358.079962.441999.592800,BULK,Harold Price Creek,,"0","1001800589;1001800667;1001801913;1001802383;1001802387;1001803606;1001803607;1001803952;1001805011;1024743354;1024751689","11",,,,21.7867513371162,23.5184683060214,21.79,23.52,0,0,26.6694680261839,63.39,0,26.67,63.39,0,23.5184683060214,23.52,0,0,0,0,0,0,22.2849259625995,53.4938295671486,22.28,47.23,0,0,0,0,26.67,26.67,79.07,79.07,79.07,79.07,,,,,,,,,,
"1024704508",,,,,,,,,,,,,,,,,,,,,,,,,,,,,"1024704508","24704508",MODELLED CROSSINGS,"ROAD, RESOURCE/OTHER",,OBS,,PASSABLE,,,,,,,,,,,,"9","685728","6030368","360873822",257355.617584022,"400.431358",400.431358.912160,BULK,Bulkley River,,"0","1001800182;1001802013;1001802016;1001802239;1001802264;1001802402;1001803928;1001804955;1024748044;1024748047;197907;197909;197967;199452;199455;199459","16",,,,35.9744259637513,37.7546673086409,32.89,34.43,0,0,48.0627194635075,111.42,0,42.31,111.42,0,37.8412901452578,34.52,10.6956690435387,31.89,0,10.7,31.89,0,36.8476540098514,75.9382691106916,33.52,59.22,0,0,0,0,49.64,49.64,153.1,153.1,153.48,153.48,,,,,,,,,,
"1024704510",,,,,,,,,,,,,,,,,,,,,,,,,,,,,"1024704510","24704510",MODELLED CROSSINGS,"ROAD, RESOURCE/OTHER",,OBS,,PASSABLE,,,,,,,,,,,,"9","663237","6034350","360862508",4782.97046487118,400.431358.691053,400.431358.691053.136419,BULK,Aitken Creek,,"0","1001800807;1001802001;1001802623;1001803628;1001803895;1001804075;1001804120;1001804282;1001804289;1001804364;1001804863;1001805421","12",,,,4.78615879235834,5.96020242400358,4.79,5.96,0,0,13.4290850572359,28.24,0,12.38,28.24,0,4.78615879235834,4.79,0,0,0,0,0,0,4.78615879235834,28.3774457559324,4.79,20.27,0,0,0,0,13.43,13.43,40.76,40.76,40.76,40.76,,,,,,,,,,
"1024704518",,,,,,,,,,,,,,,,,,,,,,,,,,,,,"1024704518","24704518",MODELLED CROSSINGS,"ROAD, DEMOGRAPHIC",,OBS,,PASSABLE,,,,,private driveway,,,,,,,"9","654432","6013385","360886221",25382.3882191861,400.431358.623573,400.431358.623573.295402,BULK,Buck Creek,,"0","1001800248;1001800428;1001800502;1001801076;1001802519;1001803652;1001803657;1001804112;1001804130;1001804409;1001805032;1001805034;1001806279;1001806282;197640;197646;199448;199450;6f9b07a8-166c-4a7a-aeb6-e676d0dcc5f6","19",,,,55.859454627968,63.0943681952962,55.86,63.09,0,0,74.9983674254038,153.75,0,73.87,153.75,0,56.3980179826738,56.4,6.60054469486515,13.25,0,6.6,13.25,0,56.3542929679455,135.383134565112,56.35,122.42,0,0,0,0,75,75,194.76,194.76,194.76,194.76,,,,,,,,,,
"1024704519",,,,,,,,,,,,,,,,,,,,,,,,,,,,,"1024704519","24704519",MODELLED CROSSINGS,"ROAD, RESOURCE/OTHER",,OBS,,PASSABLE,,,,,,,,,,,,"9","660789","6037454","360873822",194837.267447056,"400.431358",400.431358.691053,BULK,Bulkley River,,"0","1001800057;1001800120;1001800182;1001800186;1001800190;1001800192;1001800217;1001800358;1001800361;1001800403;1001800587;1001800621;1001800752;1001801082;1001801115;1001801123;1001801141;1001801185;1001801187;1001801906;1001801950;1001802007;1001802013;1001802016;1001802029;1001802030;1001802031;1001802032;1001802043;1001802239;1001802264;1001802402;1001802639;1001802655;1001802657;1001802690;1001803694;1001803928;1001804955;1001805190;1001805535;1001805539;1001805586;1001805591;1001805596;1001805794;1024748044;1024748047;1024752831;197653;197655;197656;197658;197662;197663;197664;197907;197909;197967;197974;197975;197976;198048;198049;198065;199452;199455;199459;3054;3066;3091;3138;3139;8a5e5281-5b5e-423d-8c66-c1816e9e32b4","74",,,,131.21897268886,152.42895237203,115.41,130.37,0,0,191.355716420301,322.69,0,146.3,322.69,0,140.808835590104,124.75,19.2350675929108,47.82,0,19.24,47.82,0,141.570712723585,331.150778299671,124.38,192.06,0,0,0,0,201.51,201.51,450.13,450.13,450.52,450.52,,,,,,,,,,
"1024704520",,,,,,,,,,,,,,,,,,,,,,,,,,,,,"1024704520","24704520",MODELLED CROSSINGS,"ROAD, DEMOGRAPHIC",,OBS,,PASSABLE,,,,,private driveway,,,,,,,"9","654498","6012779","360886221",26413.7067038745,400.431358.623573,400.431358.623573.295402,BULK,Buck Creek,,"0","1001800248;1001800428;1001800502;1001801076;1001802519;1001803652;1001803657;1001804112;1001804130;1001804409;1001805032;1001805034;1001806279;1001806282;197640;197646;199448;199450;6f9b07a8-166c-4a7a-aeb6-e676d0dcc5f6","19",,,,54.8274546279679,62.0623681952962,54.83,62.06,0,0,73.9663674254037,152.72,0,72.84,152.72,0,55.3660179826737,55.37,6.60054469486515,13.25,0,6.6,13.25,0,55.3222929679454,134.351134565112,55.32,121.39,0,0,0,0,73.97,73.97,193.73,193.73,193.73,193.73,,,,,,,,,,
"1024704522",,,,,,,,,,,,,,,,,,,,,,,,,,,,,"1024704522","24704522",MODELLED CROSSINGS,"ROAD, RESOURCE/OTHER",,OBS,,PASSABLE,,,,,,,,,,,,"9","680130","6037100","360873822",237308.322905801,"400.431358",400.431358.841514,BULK,Bulkley River,,"0","1001800182;1001800361;1001800621;1001801185;1001801187;1001802013;1001802016;1001802239;1001802264;1001802402;1001803694;1001803928;1001804955;1001805535;1001805539;1001805794;1024748044;1024748047;197907;197909;197967;199452;199455;199459;8a5e5281-5b5e-423d-8c66-c1816e9e32b4","25",,,,60.9415233492442,69.7323692348803,57.86,66.41,0,0,83.7665570347611,154.6,0,78.01,154.6,0,65.8175768549485,62.49,13.08727638877,31.89,0,13.09,31.89,0,61.8147513953442,121.840284745632,58.49,102.08,0,0,0,0,85.34,85.34,202.67,202.67,203.05,203.05,,,,,,,,,,
"1024704523",,,,,,,,,,,,,,,,,,,,,,,,,,,,,"1024704523","24704523",MODELLED CROSSINGS,"ROAD, RESOURCE/OTHER",,OBS,,PASSABLE,,,,,,,,,,,,"9","600592","6123104","360886614",3039.0459987477,400.431358.079962,400.431358.079962,BULK,Suskwa River,,"0","1001800589;1001800667;1001800674;1001800998;1001801008;1001801020;1001801039;1001801738;1001801759;1001801774;1001801829;1001801890;1001801913;1001802383;1001802387;1001802416;1001802859;1001803606;1001803607;1001803952;1001804239;1001804816;1001804817;1001804897;1001804994;1001805011;1001805094;1001805751;1024743354;1024751689;123785","31",,,,170.401046252666,213.710423237822,170.4,213.71,0,0,240.107680858308,345.69,0,240.11,345.69,0,205.124968656877,205.12,1.16199967458554,0,0,1.16,0,0,185.334358400792,355.289886596868,185.33,329.46,0,0,0,0,240.11,240.11,418.88,418.88,418.96,418.96,,,,,,,,,,
"1024704524",,,,,,,,,,,,,,,,,,,,,,,,,,,,,"1024704524","24704524",MODELLED CROSSINGS,"ROAD, RESOURCE/OTHER",,OBS,,PASSABLE,,,,,,,,,,,,"9","684477","6040830","360878058",10524.6256412811,400.431358.815756,400.431358.815756.466791,BULK,Ailport Creek,"197975;197976","2","1001802029;1001802030;1001802031;1001802032","4",,,,0,0.655841012035283,0,0.66,0,0,1.89915376427041,8.22,0,1.51,8.22,0,0,0,0,0,0,0,0,0,0,6.53352553096274,0,4.57,0,0,0,0,1.9,1.9,9.43,9.43,9.43,9.43,,,,,,,,,,
"1024704525",,,,,,,,,,,,,,,,,,,,,,,,,,,,,"1024704525","24704525",MODELLED CROSSINGS,"ROAD, RESOURCE/OTHER",,OBS,,PASSABLE,,,,,,,,,,,,"9","652648","6011838","360737479",2012.61640588593,400.431358.623573.329057,400.431358.623573.329057.218147,BULK,,"197640","1","1001800428","1",,,,0,0,0,0,0,0,0,4.28,0,0,4.28,0,0,0,0,0,0,0,0,0,0,0.331871054735499,0,0.33,0,0,0,0,0,0,4.61,4.61,4.61,4.61,,,,,,,,,,
"1024704537",,,,,,,,,,,,,,,,,,,,,,,,,,,,,"1024704537","24704537",MODELLED CROSSINGS,"ROAD, RESOURCE/OTHER",,OBS,,PASSABLE,,,,,,,,,,,,"9","639750","6106219","360860747",52001.0392236061,400.431358.079962.441999,400.431358.079962.441999.625199,BULK,Harold Price Creek,,"0","1001801913;1001802383;1001802387","3",,,,17.2127510952708,18.7656792776148,17.21,18.77,0,0,21.5289982802284,32.02,0,21.53,32.02,0,18.7656792776148,18.77,0,0,0,0,0,0,17.7109257207541,37.0277992956483,17.71,34.1,0,0,0,0,21.53,21.53,45.22,45.22,45.22,45.22,,,,,,,,,,
"1024704539",,,,,,,,,,,,,,,,,,,,,,,,,,,,,"1024704539","24704539",MODELLED CROSSINGS,"ROAD, RESOURCE/OTHER",,OBS,,PASSABLE,,,,,,,,,,,,"9","637472","6113845","360860747",35807.3734748502,400.431358.079962.441999,400.431358.079962.441999.449955,BULK,Harold Price Creek,,"0","1001800589;1001800667;1001800674;1001801008;1001801020;1001801039;1001801759;1001801774;1001801829;1001801913;1001802383;1001802387;1001802416;1001802859;1001803606;1001803607;1001803952;1001804239;1001805011;1001805094;1024743354;1024751689","22",,,,32.4790151032592,40.5317696536418,32.48,40.53,0,0,45.2605491965417,101.78,0,45.26,101.78,0,34.2107320721644,34.21,0,0,0,0,0,0,32.9771897287425,96.0282262722169,32.98,75.29,0,0,0,0,45.26,45.26,128.05,128.05,128.05,128.05,,,,,,,,,,
"1024704541",,,,,,,,,,,,,,,,,,,,,,,,,,,,,"1024704541","24704541",MODELLED CROSSINGS,"ROAD, RESOURCE/OTHER",,OBS,,PASSABLE,,,,,,,,,,,,"9","633155","6118994","360836622",504.773881881516,400.431358.079962.441999.336998,400.431358.079962.441999.336998,BULK,Maish Creek,,"0","1001804816;1001804817","2",,,,1.13128982714876,4.1176665390802,1.13,4.12,0,0,4.68388335289823,8.68,0,4.68,8.68,0,2.37479148109075,2.37,0,0,0,0,0,0,2.31279148109076,9.08307881034887,2.31,7.69,0,0,0,0,4.68,4.68,11.01,11.01,11.01,11.01,,,,,,,,,,
"1024704545",,,,,,,,,,,,,,,,,,,,,,,,,,,,,"1024704545","24704545",MODELLED CROSSINGS,"ROAD, RESOURCE/OTHER",,OBS,,PASSABLE,,,,,,,,,,,,"9","623719","6107751","360746772",1123.09404818845,400.431358.079962.441999.443832.525820,400.431358.079962.441999.443832.525820.062972,BULK,,,"0",,,,,,0,0,0,0,0,0,1.02384635732541,1.02,0,1.02384635732541,1.02,0,0,0,0,0,0,0,0,0,0,2.17529415414066,0,2.17529415414066,0,0,0,0,1.02,1.02,2.18,2.18,2.18,2.18,,,,,,,,,,
"1024704546",,,,,,,,,,,,,,,,,,,,,,,,,,,,,"1024704546","24704546",MODELLED CROSSINGS,"ROAD, RESOURCE/OTHER",,OBS,,PASSABLE,,,,,,,,,,,,"9","632291","6111146","360681073",619.609675283754,400.431358.079962.441999.443832.179106,400.431358.079962.441999.443832.179106.048828,BULK,Keulsh Creek,,"0",,,,,,0,0,0,0,0,0,0.641000000000072,0.64,0,0.64,0.64,0,0,0,0,0,0,0,0,0,0,0.641000000000072,0,0.64,0,0,0,0,0.64,0.64,0.64,0.64,0.64,0.64,,,,,,,,,,
"1024704549",,,,,,,,,,,,,,,,,,,,,,,,,,,,,"1024704549","24704549",MODELLED CROSSINGS,RAIL,,OBS,,PASSABLE,,,,,,None,,,,,,"9","640629","6037145","360873219",128.673887743349,400.431358.549072,400.431358.549072,BULK,Dockrill Creek,,"0",,,,,,14.7322436209576,19.2896283467596,14.73,19.29,0,0,20.0378484875954,20.04,0,20.04,20.04,0,21.1446809990124,21.14,0,0,0,0,0,0,18.7339905634101,21.9336443433178,18.73,21.93,0,0,0,0,20.07,20.07,22.46,22.46,22.46,22.46,,,,,,,,,,
"1024704550",,,,,,,,,,,,,,,,,,,,,,,,,,,,,"1024704550","24704550",MODELLED CROSSINGS,RAIL,,OBS,,PASSABLE,,,,,,None,,,,,,"9","640507","6036758","360831532",100.642947633747,400.431358.549915,400.431358.549915,BULK,,,"0",,,,,,0,0,0,0,0,0,1.38719896376393,1.39,0,1.39,1.39,0,0,0,0,0,0,0,0,0,0,3.06689141593953,0,3.07,0,0,0,0,1.39,1.39,3.07,3.07,3.07,3.07,,,,,,,,,,
"1024704551",,,,,,,,,,,,,,,,,,,,,,,,,,,,,"1024704551","24704551",MODELLED CROSSINGS,RAIL,,OBS,,PASSABLE,,,,,,None,,,,,,"9","641772","6035587","360865670",449.33438032938,400.431358.554646,400.431358.554646,BULK,Emerson Creek,,"0",,,,,,8.9030209203489,10.6215300383869,8.9,10.62,0,0,12.4219234255646,13.19,0,12.42,13.19,0,12.1289486094432,12.13,0,0,0,0,0,0,10.4951136129488,14.642381112295,10.5,14.64,0,0,0,0,12.42,12.42,14.82,14.82,15.11,15.11,,,,,,,,,,
"1024704552",,,,,,,,,,,,,,,,,,,,,,,,,,,,,"1024704552","24704552",MODELLED CROSSINGS,RAIL,,OBS,,PASSABLE,,,,,,None,,,,,,"9","642055","6035217","360873822",157682.209604495,"400.431358",400.431358.558107,BULK,Bulkley River,,"0","1001800031;1001800032;1001800033;1001800034;1001800057;1001800120;1001800182;1001800186;1001800190;1001800192;1001800217;1001800222;1001800224;1001800225;1001800226;1001800235;1001800248;1001800358;1001800361;1001800403;1001800428;1001800446;1001800502;1001800560;1001800587;1001800621;1001800635;1001800752;1001800807;1001800994;1001801055;1001801076;1001801082;1001801093;1001801115;1001801123;1001801141;1001801157;1001801185;1001801187;1001801906;1001801950;1001802001;1001802007;1001802013;1001802016;1001802029;1001802030;1001802031;1001802032;1001802043;1001802239;1001802242;1001802264;1001802402;1001802519;1001802623;1001802639;1001802655;1001802657;1001802690;1001803408;1001803628;1001803652;1001803657;1001803694;1001803895;1001803928;1001804075;1001804112;1001804120;1001804130;1001804282;1001804289;1001804364;1001804409;1001804863;1001804955;1001805032;1001805034;1001805190;1001805421;1001805508;1001805535;1001805539;1001805558;1001805559;1001805561;1001805562;1001805563;1001805564;1001805586;1001805591;1001805596;1001805794;1001806279;1001806282;1014000004;1014000008;1014000009;1014000011;1014000012;1014000015;1014000038;1014000040;1014000053;1014000065;1014000072;1014000073;1014000074;1014000080;1014000081;1014000082;1014000083;1014000084;1014000161;1014000182;1014000191;1014000207;1014000230;1014000236;1014000237;1014000241;1014000249;1014000255;1014000271;1014000284;1014000289;1014000292;1014000293;1014000306;1014000385;1014000397;1014000420;1014000422;1014000479;1014000543;1014000646;1014000649;1014000663;1014000671;1014000717;1014000735;1014000739;1014000768;1014000774;1014000789;1014000813;1014000819;1014000822;1014000864;1014000870;1014000895;1014000910;1014000948;1014001010;1014001025;1014001028;1014001038;1014001088;1014001089;1014001097;1014001098;1014001104;1014001130;1014001132;1014001143;1014001157;1014001160;1014001191;1014001195;1014001198;1014001201;1014001216;1014001218;1014001220;1014001221;1014001228;1014001245;1014001247;1014001260;1014001291;1014001315;1014001345;1014001359;1014001378;1014001395;1014001412;1014001444;1014001474;1014001539;1014001576;1014001652;1014001654;1014001680;1014001700;1014001797;1024748044;1024748047;1024750701;1024752831;123345;195934;195935;195943;195944;195963;197360;197362;197365;197368;197370;197378;197379;197640;197646;197653;197655;197656;197658;197662;197663;197664;197669;197907;197909;197924;197926;197934;197951;197954;197965;197967;197974;197975;197976;197989;198000;198003;198020;198022;198036;198038;198048;198049;198056;198057;198060;198062;198064;198065;198067;198069;198071;198081;198082;198086;198934;198935;198936;198937;198939;198940;198941;198942;199448;199450;199452;199455;199459;3054;3066;3086;3091;3138;3139;57800;6f9b07a8-166c-4a7a-aeb6-e676d0dcc5f6;8a5e5281-5b5e-423d-8c66-c1816e9e32b4","279",,,,814.427809249368,1117.92929580189,788.37,1054.1,0,0,1263.09091216132,1865.51,0,1162.26,1865.51,0,1216.29787613068,1135.82,114.647525545268,724.56,0,113.94,724.56,0,916.222067627747,1715.0125130399,887.63,1444.67,0,0,0,0,1306.01,1306.01,2739.97,2739.97,2754.32,2754.32,,,,,,,,,,
"1024704553",,,,,,,,,,,,,,,,,,,,,,,,,,,,,"1024704553","24704553",MODELLED CROSSINGS,RAIL,,OBS,,PASSABLE,,,,,,None,,,,,,"9","587326","6121925","360864873",2711.48372752601,400.431358.007243,400.431358.007243.169777,BULK,Station Creek,"124420","1",,,,,,0,0,0,0,0,0,2.85893716635575,4.95,0,2.86,4.95,0,0,0,0,0,0,0,0,0,0,0.4117470971784,0,0.41,0,0,0,0,2.86,2.86,4.95,4.95,5.14,5.14,,,,,,,,,,
"1024704554",,,,,,,,,,,,,,,,,,,,,,,,,,,,,"1024704554","24704554",MODELLED CROSSINGS,RAIL,,OBS,,PASSABLE,,,,,,None,,,,,,"9","667847","6043896","360873822",210826.73236183,"400.431358",400.431358.743839,BULK,Bulkley River,,"0","1001800057;1001800120;1001800182;1001800186;1001800190;1001800192;1001800358;1001800361;1001800403;1001800587;1001800621;1001800752;1001801082;1001801115;1001801123;1001801141;1001801185;1001801187;1001801906;1001802013;1001802016;1001802029;1001802030;1001802031;1001802032;1001802043;1001802239;1001802264;1001802402;1001802639;1001802655;1001802657;1001803694;1001803928;1001804955;1001805190;1001805535;1001805539;1001805586;1001805794;1024748044;1024748047;1024752831;197662;197663;197907;197909;197967;197974;197975;197976;198048;198049;198065;199452;199455;199459;3054;3066;8a5e5281-5b5e-423d-8c66-c1816e9e32b4","60",,,,104.428906547585,124.382718893641,93.61,107.31,0,0,160.502481678174,286.52,0,123.11,286.52,0,112.752511311514,101.69,17.2780678559141,47.82,0,17.28,47.82,0,105.302134593685,258.213175408798,94.23,153.95,0,0,0,0,162.43,162.43,375.3,375.3,375.69,375.69,,,,,,,,,,
"1024704555",,,,,,,,,,,,,,,,,,,,,,,,,,,,,"1024704555","24704555",MODELLED CROSSINGS,RAIL,,OBS,,PASSABLE,,,,,,None,,,,,,"9","664222","6043601","360875378",32.793907926466,400.431358.732614,400.431358.732614,BULK,McQuarrie Creek,,"0","3091;3138;3139","3",,,,2.50074173320255,3.75690907031599,2.5,3.76,0,0,3.75690907031599,3.76,0,3.76,3.76,0,3.76699987051813,3.77,0,0,0,0,0,0,11.9792537218278,29.7552897859259,10.84,13.01,0,0,0,0,11.98,11.98,29.76,29.76,29.76,29.76,,,,,,,,,,
"1024704556",,,,,,,,,,,,,,,,,,,,,,,,,,,,,"1024704556","24704556",MODELLED CROSSINGS,RAIL,,OBS,,PASSABLE,,,,,,None,,,,,,"9","670198","6043870","360873822",215166.440715549,"400.431358",400.431358.763808,BULK,Bulkley River,,"0","1001800057;1001800120;1001800182;1001800186;1001800190;1001800192;1001800358;1001800361;1001800403;1001800621;1001800752;1001801115;1001801123;1001801141;1001801185;1001801187;1001801906;1001802013;1001802016;1001802029;1001802030;1001802031;1001802032;1001802043;1001802239;1001802264;1001802402;1001802639;1001802655;1001802657;1001803694;1001803928;1001804955;1001805190;1001805535;1001805539;1001805586;1001805794;1024748044;1024748047;1024752831;197662;197907;197909;197967;197974;197975;197976;198048;198049;198065;199452;199455;199459;8a5e5281-5b5e-423d-8c66-c1816e9e32b4","55",,,,99.9977222415123,114.50922739485,89.17,101.94,0,0,144.848298610896,257.47,0,117.74,257.47,0,108.321327005441,97.25,17.2780678559141,47.82,0,17.28,47.82,0,100.870950287612,236.180341842544,89.8,148.49,0,0,0,0,146.77,146.77,345.19,345.19,345.57,345.57,,,,,,,,,,
"1024704558",,,,,,,,,,,,,,,,,,,,,,,,,,,,,"1024704558","24704558",MODELLED CROSSINGS,RAIL,,OBS,,PASSABLE,,,,,,None,,,,,,"9","625406","6062627","360884191",78.7486016663613,400.431358.415251,400.431358.415251,BULK,Telkwa River,,"0","1001800423;1001800853;1001800865;1001800867;1001800972;1001800973;1001801050;1001801051;1001801256;1001801265;1001801912;1001801963;1001801976;1001801982;1001802982;1001802993;1001802994;1001803005;1001803025;1001803036;1001803040;1001803041;1001803049;1001803054;1001803099;1001803380;1001803387;1001803987;1001804210;1001804905;1001805079;1001805088;1001805101;1001805706;1001805718;1001806012;1001806033;1001806073;1024756616;1024756617;123527;123567;123568;123571;123575;123577;123682;124494;195236;195380;195424;195451;195541","53",,,,177.767635464266,226.901502204478,173.95,214.86,0,0,252.324455417379,302.37,0,238.94,302.37,0,242.979067968737,231.9,0,0,0,0,0,0,207.046534733804,361.173827525937,199.41,319.14,0,0,0,0,252.33,252.33,383.65,383.65,385.48,385.48,,,,,,,,,,
"1024704560",,,,,,,,,,,,,,,,,,,,,,,,,,,,,"1024704560","24704560",MODELLED CROSSINGS,RAIL,,OBS,,PASSABLE,,,,,,None,,,,,,"9","682922","6032212","360873822",251904.438674789,"400.431358",400.431358.894713,BULK,Bulkley River,,"0","1001800182;1001800361;1001800621;1001801185;1001801187;1001802013;1001802016;1001802239;1001802264;1001802402;1001803694;1001803928;1001804955;1001805539;1001805794;1024748044;1024748047;197907;197909;197967;199452;199455;199459;8a5e5281-5b5e-423d-8c66-c1816e9e32b4","24",,,,46.3455285581505,55.1363744437866,43.26,51.81,0,0,69.1705622436674,139.33,0,63.42,139.33,0,51.2215820638547,47.9,13.08727638877,31.89,0,13.09,31.89,0,47.2187566042505,106.424666252116,43.89,86.67,0,0,0,0,70.75,70.75,186.57,186.57,186.95,186.95,,,,,,,,,,
"1024704561",,,,,,,,,,,,,,,,,,,,,,,,,,,,,"1024704561","24704561",MODELLED CROSSINGS,RAIL,,OBS,,PASSABLE,,,,,,None,,,,,,"9","679862","6037166","360873822",236889.445697599,"400.431358",400.431358.837840,BULK,Bulkley River,,"0","1001800182;1001800361;1001800621;1001801185;1001801187;1001802013;1001802016;1001802239;1001802264;1001802402;1001803694;1001803928;1001804955;1001805535;1001805539;1001805794;1024748044;1024748047;197907;197909;197967;199452;199455;199459;8a5e5281-5b5e-423d-8c66-c1816e9e32b4","25",,,,61.3605251799447,70.1513710655808,58.28,66.83,0,0,84.1855588654616,155.02,0,78.43,155.02,0,66.2365786856489,62.91,13.08727638877,31.89,0,13.09,31.89,0,62.2337532260447,122.259286576333,58.91,102.5,0,0,0,0,85.76,85.76,203.09,203.09,203.47,203.47,,,,,,,,,,
"1024704562",,,,,,,,,,,,,,,,,,,,,,,,,,,,,"1024704562","24704562",MODELLED CROSSINGS,RAIL,,OBS,,PASSABLE,,,,,,None,,,,,,"9","677713","6040319","360873822",229684.660613262,"400.431358",400.431358.815756,BULK,Bulkley River,,"0","1001800182;1001800186;1001800361;1001800403;1001800621;1001800752;1001801141;1001801185;1001801187;1001801906;1001802013;1001802016;1001802239;1001802264;1001802402;1001802639;1001802655;1001802657;1001803694;1001803928;1001804955;1001805190;1001805535;1001805539;1001805794;1024748044;1024748047;197907;197909;197967;199452;199455;199459;8a5e5281-5b5e-423d-8c66-c1816e9e32b4","34",,,,69.1658728432386,82.174526591426,66.08,78.85,0,0,99.8209410800831,183.87,0,94.07,183.87,0,77.4894776071673,74.16,15.3200672099169,47.82,0,15.32,47.82,0,70.0391008893386,144.674055971573,66.71,122.74,0,0,0,0,101.75,101.75,248.99,248.99,249.38,249.38,,,,,,,,,,
"1024704563",,,,,,,,,,,,,,,,,,,,,,,,,,,,,"1024704563","24704563",MODELLED CROSSINGS,RAIL,,OBS,,PASSABLE,,,,,,None,,,,,,"9","681218","6035480","360873822",241810.164574776,"400.431358",400.431358.858381,BULK,Bulkley River,,"0","1001800182;1001800361;1001800621;1001801185;1001801187;1001802013;1001802016;1001802239;1001802264;1001802402;1001803694;1001803928;1001804955;1001805539;1001805794;1024748044;1024748047;197907;197909;197967;199452;199455;199459;8a5e5281-5b5e-423d-8c66-c1816e9e32b4","24",,,,56.4395259546217,65.2303718402578,53.36,61.91,0,0,79.2645596401385,149.49,0,73.51,149.49,0,61.3155794603259,57.99,13.08727638877,31.89,0,13.09,31.89,0,57.3127540007217,117.33828735101,53.99,97.58,0,0,0,0,80.84,80.84,197.55,197.55,197.94,197.94,,,,,,,,,,
"1024704564",,,,,,,,,,,,,,,,,,,,,,,,,,,,,"1024704564","24704564",MODELLED CROSSINGS,RAIL,,OBS,,PASSABLE,,,,,,None,,,,,,"9","677107","6041063","360873822",228159.540923582,"400.431358",400.431358.810371,BULK,Bulkley River,,"0","1001800182;1001800186;1001800190;1001800192;1001800358;1001800361;1001800403;1001800621;1001800752;1001801115;1001801123;1001801141;1001801185;1001801187;1001801906;1001802013;1001802016;1001802029;1001802030;1001802031;1001802032;1001802043;1001802239;1001802264;1001802402;1001802639;1001802655;1001802657;1001803694;1001803928;1001804955;1001805190;1001805535;1001805539;1001805794;1024748044;1024748047;197907;197909;197967;197974;197975;197976;198065;199452;199455;199459;8a5e5281-5b5e-423d-8c66-c1816e9e32b4","48",,,,80.5910904618806,95.1025956152179,72.03,84.79,0,0,115.809322991205,222.95,0,100.01,222.95,0,88.9146952258092,80.11,15.3200672099169,47.82,0,15.32,47.82,0,81.4643185079806,190.005788578629,72.66,130.65,0,0,0,0,117.73,117.73,297.96,297.96,298.34,298.34,,,,,,,,,,
"1024704568",,,,,,,,,,,,,,,,,,,,,,,,,,,,,"1024704568","24704568",MODELLED CROSSINGS,RAIL,,OBS,,PASSABLE,,,,,,None,,,,,,"9","605739","6096763","360849615",1418.75500368663,400.431358.197707,400.431358.197707,BULK,John Brown Creek,"123770","1",,,,,,3.6745651194418,9.91660315329337,3.67,9.92,0,0,10.6056882377698,10.61,0,10.61,10.61,0,13.364554131664,13.36,0,0,0,0,0,0,9.1556824084874,14.7368726242091,9.16,14.74,0,0,0,0,10.61,10.61,14.74,14.74,14.74,14.74,,,,,,,,,,
"1024704570",,,,,,,,,,,,,,,,,,,,,,,,,,,,,"1024704570","24704570",MODELLED CROSSINGS,RAIL,,OBS,,PASSABLE,,,,,,None,,,,,,"9","603750","6109256","360851705",500.398873829886,400.431358.140529,400.431358.140529,BULK,Boulder Creek,,"0","124197;124198","2",,,,0.178301158403295,4.04581607445061,0.07,3.48,0,0,4.37843880138424,4.49,0,3.48,4.49,0,5.88372086218941,5.21,0,0,0,0,0,0,2.74036005040512,8.22838649618375,2.47,7.27,0,0,0,0,4.38,4.38,8.56,8.56,8.56,8.56,,,,,,,,,,
"1024704571",,,,,,,,,,,,,,,,,,,,,,,,,,,,,"1024704571","24704571",MODELLED CROSSINGS,RAIL,,OBS,,PASSABLE,,,,,,None,,,,,,"9","602775","6113294","360874977",532.546655126486,400.431358.123856,400.431358.123856,BULK,Porphyry Creek,"124487","1",,,,,,0.00153671988453063,1.55053624507522,0.00153671988453063,1.55053624507522,0,0,4.64834970327493,4.65,0,4.64834970327493,4.65,0,2.46557448652151,2.46557448652151,0,0,0,0,0,0,0.00153671988453063,2.2692127639487,0.00153671988453063,2.2692127639487,0,0,0,0,4.65,4.65,5.37,5.37,5.37,5.37,,,,,,,,,,
"1024704572",,,,,,,,,,,,,,,,,,,,,,,,,,,,,"1024704572","24704572",MODELLED CROSSINGS,RAIL,,OBS,,PASSABLE,,,,,,None,,,,,,"9","598921","6119716","360855611",486.340768350713,400.431358.085514,400.431358.085514,BULK,Mudflat Creek,,"0",,,,,,0,0,0,0,0,0,1.1635933359231,1.16,0,1.16,1.16,0,1.58073987758496,1.29,0,0,0,0,0,0,0,0,0,0,0,0,0,0,1.16,1.16,1.16,1.16,1.16,1.16,,,,,,,,,,
"1024704576",,,,,,,,,,,,,,,,,,,,,,,,,,,,,"1024704576","24704576",MODELLED CROSSINGS,RAIL,,OBS,,PASSABLE,,,,,,None,,,,,,"9","653469","6031371","360873822",177793.848381269,"400.431358",400.431358.629041,BULK,Bulkley River,,"0","1001800057;1001800120;1001800182;1001800186;1001800190;1001800192;1001800217;1001800222;1001800224;1001800225;1001800226;1001800358;1001800361;1001800403;1001800446;1001800560;1001800587;1001800621;1001800752;1001800807;1001801082;1001801093;1001801115;1001801123;1001801141;1001801157;1001801185;1001801187;1001801906;1001801950;1001802001;1001802007;1001802013;1001802016;1001802029;1001802030;1001802031;1001802032;1001802043;1001802239;1001802264;1001802402;1001802623;1001802639;1001802655;1001802657;1001802690;1001803408;1001803628;1001803694;1001803895;1001803928;1001804075;1001804120;1001804282;1001804289;1001804364;1001804863;1001804955;1001805190;1001805421;1001805535;1001805539;1001805559;1001805561;1001805562;1001805563;1001805564;1001805586;1001805591;1001805596;1001805794;1024748044;1024748047;1024752831;197653;197655;197656;197658;197662;197663;197664;197907;197909;197967;197974;197975;197976;198048;198049;198065;199452;199455;199459;3054;3066;3086;3091;3138;3139;8a5e5281-5b5e-423d-8c66-c1816e9e32b4","101",,,,157.876433463744,180.891454637723,142.06,158.83,0,0,233.73634512621,382.96,0,187.63,382.96,0,168.097294224152,152.04,19.2350675929108,47.82,0,19.24,47.82,0,168.859171357633,398.768636936657,151.66,244.56,0,0,0,0,243.89,243.89,530.36,530.36,530.75,530.75,,,,,,,,,,
"1024704577",,,,,,,,,,,,,,,,,,,,,,,,,,,,,"1024704577","24704577",MODELLED CROSSINGS,RAIL,,OBS,,PASSABLE,,,,,,None,,,,,,"9","652301","6030461","360886221",898.309231381992,400.431358.623573,400.431358.623573,BULK,Buck Creek,,"0","1001800235;1001800248;1001800428;1001800502;1001800635;1001801076;1001802519;1001803652;1001803657;1001804112;1001804130;1001804409;1001805032;1001805034;1001806279;1001806282;197640;197646;199448;199450;6f9b07a8-166c-4a7a-aeb6-e676d0dcc5f6","21",,,,79.4940214294199,89.9513527075304,79.49,89.95,0,0,103.39435267468,184.05,0,102.27,184.05,0,83.9474351056567,83.95,6.60054469486515,13.25,0,6.6,13.25,0,83.8732957199069,191.322211523255,83.87,175.41,0,0,0,0,104.06,104.06,250.7,250.7,250.7,250.7,,,,,,,,,,
"1024727428",,,,,,,,,,,,,,,,,,,,,,,,,,,,,"1024727428","24727428",MODELLED CROSSINGS,"ROAD, RESOURCE/OTHER",,OBS,,PASSABLE,,,,,,,,,,,,"9","693799","6004186","360588058",769.398960640324,400.431358.918528.885674,400.431358.918528.885674,BULK,,,"0",,,,,,0,0,0,0,0,0,0,0,0,0,0,0,0,0,0,0,0,0,0,0,0,0.0727169842754294,0,0.07,0,0,0,0,0,0,0.07,0.07,0.07,0.07,,,,,,,,,,
"1024742362",,,,,,,,,,,,,,,,,,,,,,,,,,,,,"1024742362","24742362",MODELLED CROSSINGS,RAIL,,CBS,,POTENTIAL,,,,,,None,,,,,,"9","606130","6100564","360467487",672.069027710901,400.431358.181726.071469,400.431358.181726.071469,BULK,,"1001803307;1001803313;1001800126;1001800411","4","124164;124165","2",,,,0,0,0,0,0,0,0,2.59,0,0,0.93,0,0,0,0,0,0,0,0,0,0,2.59200000000003,0,0.93,0,0,0,0,0,0,2.59,0.93,2.59,0.93,671502,2.96,"7",0.422857142857143,,146,248,58,145,D
"1024742364",,,,,,,,,,,,,,,,,,,,,,,,,,,,,"1024742364","24742364",MODELLED CROSSINGS,RAIL,,CBS,,POTENTIAL,,,,,,None,,,,,,"9","616510","6072542","360809713",841.215101713774,400.431358.338841.106484,400.431358.338841.106484.183870,BULK,Chicken Lake Creek,"1001805482;58272;58291;58242","4","58290","1",,,,0,0,0,0,0,0,0,0.75,0,0,0.16,0,0,0,0,0,0,0,0,0,0,0.751666137203225,0,0.16,0,0,0,0,0,0,0.75,0.16,0.75,0.16,675452,0.91,"5",0.182,"[ ""884802"" ]",173,331,143,193,D
"1024743354",,,,,,,,,,,,,,,,,,,,,,,,,,,,,"1024743354","24743354",MODELLED CROSSINGS,"ROAD, RESOURCE/OTHER",,CBS,,POTENTIAL,,,,,,,,,,,,"9","644887","6104349","360596221",1391.29723531325,400.431358.079962.441999.600348.358511,400.431358.079962.441999.600348.358511,BULK,,,"0",,,,,,0,0,0,0,0,0,0,0.26,0,0,0.26,0,0,0,0,0,0,0,0,0,0,0,0,0,0,0,0,0,0,0,0.26,0.26,0.26,0.26,679402,0.26,"1",0.26,,162,267,214,195,D
"1024748044",,,,,,,,,,,,,,,,,,,,,,,,,,,,,"1024748044","24748044",MODELLED CROSSINGS,"ROAD, RESOURCE/OTHER",,CBS,,POTENTIAL,,,,,,,,,,,,"9","689458","6010752","360869250",742.89339326775,400.431358.918528.696695.251723,400.431358.918528.696695.251723.107510,BULK,,,"0",,,,,,0,0,0,0,0,0,0,0,0,0,0,0,0,0,0,0,0,0,0,0,0,0.0246062665012057,0,0.0246062665012057,0,0,0,0,0,0,0.02,0.02,0.02,0.02,936152,0.02,"1",0.02,,190,304,270,246,D
"1024748047",,,,,,,,,,,,,,,,,,,,,,,,,,,,,"1024748047","24748047",MODELLED CROSSINGS,"ROAD, RESOURCE/OTHER",,CBS,,POTENTIAL,,,,,,,,,,,,"9","691840","6010046","360553300",972.28149519511,400.431358.918528.716476,400.431358.918528.716476.058563,BULK,,,"0",,,,,,0,0,0,0,0,0,0.589769942222985,0.59,0,0.59,0.59,0,0,0,0,0,0,0,0,0,0,3.66199083534644,0,3.66,0,0,0,0,0.59,0.59,3.66,3.66,3.66,3.66,940102,3.66,"1",3.66,,30,26,45,29,C
"1024751689",,,,,,,,,,,,,,,,,,,,,,,,,,,,,"1024751689","24751689",MODELLED CROSSINGS,"ROAD, RESOURCE/OTHER",,CBS,,POTENTIAL,,,,,,,,,,,,"9","645164","6111523","360855264",7172.66678586424,400.431358.079962.441999.600348.216478,400.431358.079962.441999.600348.216478.447501,BULK,,,"0",,,,,,0,0,0,0,0,0,0,1.37,0,0,1.37,0,0,0,0,0,0,0,0,0,0,1.36714085138703,0,1.36714085138703,0,0,0,0,0,0,1.37,1.37,1.37,1.37,944052,1.37,"1",1.37,,72,58,111,81,D
"1024752831",,,,,,,,,,,,,,,,,,,,,,,,,,,,,"1024752831","24752831",MODELLED CROSSINGS,"ROAD, RESOURCE/OTHER",,CBS,,POTENTIAL,,,,,,,,,,,,"9","678199","6045876","360848455",137.762990955451,400.431358.785328.485159,400.431358.785328.485159,BULK,,"198049;198048","2",,,"66783260004264",,,0,0,0,0,0,0,0,0,0,0,0,0,0,0,0,0,0,0,0,0,0,0.325595850271001,0,0.33,0,0,0,0,0,0,0.33,0.33,0.33,0.33,683352,0.33,"1",0.33,"[ ""1271902"" ]",153,351,203,235,D
"1024756616",,,,,,,,,,,,,,,,,,,,,,,,,,,,,"1024756616","24756616",MODELLED CROSSINGS,"ROAD, RESOURCE/OTHER",,CBS,,POTENTIAL,,,,,,,,,,,,"9","596354","6053671","360883675",2012.24103563661,400.431358.415251.557922,400.431358.415251.557922.075069,BULK,Sinclair Creek,,"0",,,,,,3.45443293195644,11.6755756990389,3.45,11.68,0,0,12.3442184964107,14.05,0,12.34,14.05,0,10.7095296982456,10.71,0,0,0,0,0,0,7.27037570051539,15.2352083222897,7.27,15.24,0,0,0,0,12.34,12.34,16.37,16.37,16.37,16.37,687302,16.37,"1",16.37,,4,4,6,4,A
"1024756617",,,,,,,,,,,,,,,,,,,,,,,,,,,,,"1024756617","24756617",MODELLED CROSSINGS,"ROAD, RESOURCE/OTHER",,CBS,,POTENTIAL,,,,,,,,,,,,"9","596117","6053374","360843365",190.408910037399,400.431358.415251.557922.075069,400.431358.415251.557922.075069,BULK,,,"0",,,,,,0,0,0,0,0,0,0,0.16,0,0,0.16,0,0,0,0,0,0,0,0,0,0,0.159999999999879,0,0.16,0,0,0,0,0,0,0.16,0.16,0.16,0.16,691252,0.16,"1",0.16,,176,287,239,221,D
"123345",,,,,,,,,,,,,,,,,,,,,,,,,,,,,"123345","1803822",PSCIS,"ROAD, RESOURCE/OTHER",ASSESSED,CBS,ROUND,POTENTIAL,Walcott FSR,Tributary to Bulkley River,"Excellent spawning habitat present, there should be no access issues at this site - no action required",2013/05/03,Morice Telkwa FSR,,,,,,,"9","642539","6033160","360882519",1096,400.431358.568193,400.431358.568193.126530,BULK,,,"0","1001800994","1",,,,0,0,0,0,0,0,0,0.82,0,0,0.66,0,0,0,0,0,0,0,0,0,0,1.13446005425488,0,0.66,0,0,0,0,0,0,1.13,0.65,1.13,0.65,331802,1.13,"2",0.565,,130,105,130,117,D
"123375","1001800131",Tributary to Thompson Creek,Hihgway 16,Stream crossing - CBS,MOTI,,Confirmed barrier,Habitat confirmation,,,Unknown,,Low,Difficult,800000,Non-actionable,,,,,,Non-actionable,,,,Crossing is upstream of major tributary with limited flows and poor substrates/habitat quality lacking suitable rearing and spawning habitat. Farther upstream from farm is medium quality habitat but short habitat gain.,,https://www.newgraphenvironment.com/fish_passage_skeena_2021_reporting/thompson-creek---198066-123377-123375---appendix.html,"123375","1800131",PSCIS,"ROAD, DEMOGRAPHIC",HABITAT CONFIRMATION,CBS,ROUND,BARRIER,Highway 16,Tributary to Thompson Creek,Main flow of Thompson at Wescott is from tributary with bridge. This stream drains Fishpan Lake but has low habitat value compared to downstream below tributary. 17:17,2021/09/05,Hwy 16 E,,,,,,,"9","642498","6048199","360779258",4147,400.431358.506488,400.431358.506488.188639,BULK,Thompson Creek,"123377;198066","2","1001802267;123380;123382","3",,,,0,2.07799779656866,0,0.5,0,0,6.09417490541033,9.24,0,0.5,0.5,0,0,0,0,0,0,0,0,0,0,2.07799779656866,0,0.5,0,0,0,0,6.09,0.49,9.24,0.5,9.24,0.5,707053,10.94,"5",2.188,"[ ""707052"" ]",53,126,17,63,D
"123377",,Thompson Creek,Walcott Road,Stream crossing - CBS,MOTI,,Confirmed barrier,Habitat confirmation,,,Yes,Proportion of individuals,High,Moderate,750000,Medium,,,,,,Commission engineering designs,2024/01/01,MOTI,"CWF, OW",MOTI already designing new structure,Preliminary designs completed but under review for improved design by MOTI,https://www.newgraphenvironment.com/fish_passage_skeena_2021_reporting/thompson-creek---198066-123377-123375---appendix.html,"123377","1800404",PSCIS,"ROAD, DEMOGRAPHIC",HABITAT CONFIRMATION,CBS,ROUND,BARRIER,Walcott Road,Thompson Creek,"Debris is partially blocking one of the two pipes. Historic washouts on road at this site.  Landowner reports stream diverted downstream &gt;50 years ago and crosses farmers field in ditched channel.  15:12",2021/09/05,Walcott Rd,,,,,,,"9","641633","6049398","360779258",2444,400.431358.506488,400.431358.506488,BULK,Thompson Creek,"198066","1","1001802267;123375;123380;123382","4",,,,0,3.78099826733078,0,1.7,0,0,7.79717537617245,10.94,0,1.7,1.7,0,0,0,0,0,0,0,0,0,0,3.78099826733078,0,1.7,0,0,0,0,7.8,1.71,10.94,1.7,10.94,1.7,707053,10.94,"5",2.188,"[ ""707052"" ]",53,126,17,63,D
"123378",,,,,,,,,,,,,,,,,,,,,,,,,,,,,"123378","1802474",PSCIS,"ROAD, RESOURCE/OTHER",ASSESSED,OBS,BRIDGE,PASSABLE,Unnamed,Thompson Creek,No access or passage concerns - no action required,2013/05/05,,,,,,,,"9","640418","6048542","360779258",610,400.431358.506488,400.431358.506488,BULK,Thompson Creek,"198066","1","1001802267;123375;123377;123380;123382","5",,,,0,5.6149982673308,0,1.83,0,0,9.63117537617246,12.78,0,1.83,12.78,0,0,0,0,0,0,0,0,0,0,5.6149982673308,0,1.83,0,0,0,0,9.63,9.63,12.78,12.78,12.78,12.78,,,,,,,,,,
"123380",,,,,,,,,,,,,,,,,,,,,,,,,,,,,"123380","1800544",PSCIS,"ROAD, RESOURCE/OTHER",ASSESSED,CBS,ROUND,BARRIER,Private Road,Tributary to Thompson Creek,"Good upstream habitat, but value decreases downstream through farmland",2013/05/05,,,,,,,,"9","642972","6048230","360779258",4646,400.431358.506488,400.431358.506488.188639,BULK,Thompson Creek,"123375;123377;198066","3","1001802267;123382","2",,,,0,1.57899779656866,0,1.58,0,0,5.59517490541033,8.74,0,1.58,1.58,0,0,0,0,0,0,0,0,0,0,1.57899779656866,0,1.58,0,0,0,0,5.6,1.58,8.74,1.58,8.74,1.58,707053,10.94,"5",2.188,"[ ""707052"" ]",53,126,17,63,D
"123382",,,,,,,,,,,,,,,,,,,,,,,,,,,,,"123382","1802470",PSCIS,"ROAD, RESOURCE/OTHER",ASSESSED,CBS,ROUND,BARRIER,McNeil Road,Tributary to Thompson Creek,"Either backwater channel and install baffles, or replace with OBS - 3 culverts present",2013/05/05,,,,,,,,"9","644704","6045590","360779258",8336,400.431358.506488,400.431358.506488.441748,BULK,Thompson Creek,"1001802267;123380;123375;123377;198066","5",,,,,,0,0,0,0,0,0,1.91359985193044,5.06,0,1.91,5.06,0,0,0,0,0,0,0,0,0,0,0,0,0,0,0,0,0,1.91,1.91,5.06,5.06,5.06,5.06,707053,10.94,"5",2.188,"[ ""707052"" ]",53,126,17,63,D
"123383",,,,,,,,,,,,,,,,,,,,,,,,,,,,,"123383","1802288",PSCIS,"ROAD, RESOURCE/OTHER",ASSESSED,OBS,BRIDGE,PASSABLE,Unnamed,Thompson Creek,"Some siltation present from livestock activity, no access or passage concerns",2013/05/05,,,,,,,,"9","645878","6043521","360779258",11037,400.431358.506488,400.431358.506488.599409,BULK,Thompson Creek,"123382;1001802267;123380;123375;123377;198066","6",,,,,,0,0,0,0,0,0,0,2.36,0,0,2.36,0,0,0,0,0,0,0,0,0,0,0,0,0,0,0,0,0,0,0,2.36,2.36,2.36,2.36,,,,,,,,,,
"123388",,,,,,,,,,,,,,,,,,,,,,,,,,,,,"123388","1802821",PSCIS,"ROAD, DEMOGRAPHIC",ASSESSED,CBS,ROUND,BARRIER,Highway 16,Tributary to Robin Creek,Stagnant channel with poor connectivity - no action required,2013/05/06,Hwy 16 E,,,,,,,"9","639021","6053614","360778428",862,400.431358.478149.059836,400.431358.478149.059836,BULK,,"123389","1","1001800263;1001801373;1001802819","3",,,,0,0,0,0,0,0,0,0.6,0,0,0,0,0,0,0,0,0,0,0,0,0,2.20162029513915,0,0.49,0,0,0,0,0,0,2.8,0.5,2.8,0.5,714952,2.89,"5",0.578,,128,103,60,76,D
"123389",,,,,,,,,,,,,,,,,,,,,,,,,,,,,"123389","1800264",PSCIS,"ROAD, DEMOGRAPHIC",ASSESSED,CBS,ROUND,BARRIER,Larch Road,Tributary to Robin Creek,Upstream channel intermittent - no action required,2013/05/06,Larch Rd,,,,,,,"9","638931","6053617","360778428",771,400.431358.478149.059836,400.431358.478149.059836,BULK,,,"0","1001800263;1001801373;1001802819;123388","4",,,,0,0,0,0,0,0,0,0.6,0,0,0,0,0,0,0,0,0,0,0,0,0,2.29262029513913,0,0.09,0,0,0,0,0,0,2.89,0.09,2.89,0.09,714952,2.89,"5",0.578,,128,103,60,76,D
"123391",,,,,,,,,,,,,,,,,,,,,,,,,,,,,"123391","1802823",PSCIS,"ROAD, DEMOGRAPHIC",ASSESSED,CBS,ROUND,BARRIER,Highway 16,Tributary to Robin Creek,Embed larger CV if fish present - 2 culverts present,2013/05/06,Hwy 16 E,,,,,,,"9","638637","6054596","360724090",373,400.431358.478149.120120,400.431358.478149.120120,BULK,,"1001802832;1001801336;1001802816","3",,,,,,0,0,0,0,0,0,0,0,0,0,0,0,0,0,0,0,0,0,0,0,0,0.0093028055745834,0,0.01,0,0,0,0,0,0,0.01,0.01,0.01,0.01,466104,0.01,"1",0.01,"[ ""466102"", ""466103"" ]",191,379,271,271,D
"123392",,Lemieux Creek,Quick School Road,Stream crossing - CBS,MOTI,,Excluded structure,Barrier assessment,Passable,Field assessment,,Other (see notes),Medium,,,,,,,,,,2025/01/01,CWF,,Scores as potential barrier but confirmed by SERNBC to likely be passble,Recommend adding to excluded structures list,,"123392","1800104",PSCIS,"ROAD, DEMOGRAPHIC",ASSESSED,CBS,ROUND,POTENTIAL,Quick School Rd,Lemieux Creek,"Adjacent landowner reports culvert was worked on last year. Crossing appeared passable at time of assessment, deep outlet pool but the stream dewaters after the pool. 13:14",2022/08/31,Quick School Rd,,,,,,,"9","638554","6054801","360866761",380,400.431358.478149.135879,400.431358.478149.135879,BULK,Lemieux Creek,"123393","1","1001801270;1001801323;1001801380;1001801382;123410;123416;123418;123419","8",,,,0,0,0,0,0,0,1.67092610857547,8.4,0,1.67,6.73,0,0,0,0,0,0,0,0,0,0,12.2607772399669,0,5.72,0,0,0,0,1.67,1.67,13.67,7.14,13.67,7.14,,,,,,,,,,
"123393",,Lemieux Creek,Highway 16,Stream crossing - CBS,MOTI,,Excluded structure,Barrier assessment,Passable,Field assessment,,Other (see notes),Medium,,,,,,,,,,2025/01/01,CWF,,Scores as barrier but confirmed by SERNBC to likely be passable,Recommend adding to excluded structures list. Or confirmed barrier end of life cycle?,,"123393","1800265",PSCIS,"ROAD, DEMOGRAPHIC",ASSESSED,CBS,ROUND,BARRIER,Highway 16,Lemieux creek,"Very deep outlet pool. Wetland downstream and beaver activity upstream. Almost fully backwatered, very little flow through the culvert. 13:32",2022/08/31,Hwy 16 E,,,,,,,"9","638516","6054722","360866761",288,400.431358.478149.135879,400.431358.478149.135879,BULK,Lemieux Creek,,"0","1001801270;1001801323;1001801380;1001801382;123392;123410;123416;123418;123419","9",,,,0,0,0,0,0,0,1.7629261085755,8.49,0,0.09,0.09,0,0,0,0,0,0,0,0,0,0,12.3527772399669,0,0.09,0,0,0,0,1.76,0.09,13.76,0.09,13.76,0.09,,,,,,,,,,
"123394",,,,,,,,,,,,,,,,,,,,,,,,,,,,,"123394","1801337",PSCIS,"ROAD, RESOURCE/OTHER",ASSESSED,OBS,PIPEARCH,PASSABLE,Unnamed,Lemieux Creek,No access or passage concerns - no action required,2013/05/06,,,,,,,,"9","638547","6055004","360866761",637,400.431358.478149.135879,400.431358.478149.135879,BULK,Lemieux Creek,"123392;123393","2","1001801270;1001801323;1001801380;1001801382;123410;123416;123418;123419","8",,,,0,0,0,0,0,0,1.41392610857547,8.14,0,1.41,8.14,0,0,0,0,0,0,0,0,0,0,12.0037772399668,0,5.47,0,0,0,0,1.41,1.41,13.41,13.41,13.41,13.41,,,,,,,,,,
"123395",,,,,,,,,,,,,,,,,,,,,,,,,,,,,"123395","1802810",PSCIS,"ROAD, RESOURCE/OTHER",ASSESSED,OBS,PIPEARCH,PASSABLE,Private Road,Lemieux Creek,No access or passage concerns - no action required,2013/05/06,,,,,,,,"9","639289","6055241","360866761",1915,400.431358.478149.135879,400.431358.478149.135879,BULK,Lemieux Creek,"123392;123393","2","1001801270;1001801323;1001801380;1001801382;123410;123416;123418;123419","8",,,,0,0,0,0,0,0,0.135926108575626,6.87,0,0.14,6.87,0,0,0,0,0,0,0,0,0,0,10.725777239967,0,4.19,0,0,0,0,0.14,0.14,12.14,12.14,12.14,12.14,,,,,,,,,,
"123396",,,,,,,,,,,,,,,,,,,,,,,,,,,,,"123396","1801321",PSCIS,"ROAD, RESOURCE/OTHER",ASSESSED,OTHER,FORD,PASSABLE,Private Road,Lemieux Creek,No access or passage concerns - no action required,2013/05/06,,,,,,,,"9","638665","6055491","360866761",1172,400.431358.478149.135879,400.431358.478149.135879,BULK,Lemieux Creek,"123392;123393","2","1001801270;1001801323;1001801380;1001801382;123410;123416;123418;123419","8",,,,0,0,0,0,0,0,0.878926108575573,7.61,0,0.88,7.61,0,0,0,0,0,0,0,0,0,0,11.468777239967,0,4.93,0,0,0,0,0.88,0.88,12.88,12.88,12.88,12.88,,,,,,,,,,
"123410",,,,,,,,,,,,,,,,,,,,,,,,,,,,,"123410","1801273",PSCIS,"ROAD, RESOURCE/OTHER",ASSESSED,CBS,ROUND,BARRIER,Private Road,Gardner Creek,Embed larger CV if fish present,2013/05/07,,,,,,,,"9","639789","6056363","360801480",899,400.431358.478149.135879.175663,400.431358.478149.135879.175663,BULK,Gardner Creek,"123392;123393","2",,,,,,0,0,0,0,0,0,0,0,0,0,0,0,0,0,0,0,0,0,0,0,0,1.07299952183904,0,1.07,0,0,0,0,0,0,1.07,1.07,1.07,1.07,951952,1.07,"1",1.07,,93,186,136,149,D
"123412",,,,,,,,,,,,,,,,,,,,,,,,,,,,,"123412","1802815",PSCIS,"ROAD, DEMOGRAPHIC",ASSESSED,OBS,BRIDGE,PASSABLE,Quick East Road,Robin Creek,No access or passage concerns - no action required,2013/05/07,Quick East Rd,,,,,,,"9","638116","6054750","360880639",2348,400.431358.478149,400.431358.478149.136689,BULK,Robin Creek,,"0","1001800670;1001801328;123426;123429;124510;195954;195956","7",,,,0,0,0,0,0,0,3.78278415113669,8.36,0,2.34,8.36,0,0,0,0,0,0,0,0,0,0,15.2986369792462,0,2.34,0,0,0,0,3.78,3.78,15.82,15.82,15.82,15.82,,,,,,,,,,
"123414",,,,,,,,,,,,,,,,,,,,,,,,,,,,,"123414","1802800",PSCIS,"ROAD, RESOURCE/OTHER",ASSESSED,OBS,BRIDGE,PASSABLE,Private Road,Robin Creek,No access or passage concerns - no action required,2013/05/07,,,,,,,,"9","637675","6055178","360880639",3041,400.431358.478149,400.431358.478149.174049,BULK,Robin Creek,,"0","1001800670;1001801328;123426;123429;124510;195954;195956","7",,,,0,0,0,0,0,0,3.08978306851236,7.67,0,1.65,7.67,0,0,0,0,0,0,0,0,0,0,14.6056358966219,0,1.65,0,0,0,0,3.09,3.09,15.13,15.13,15.13,15.13,,,,,,,,,,
"123416",,,,,,,,,,,,,,,,,,,,,,,,,,,,,"123416","1802805",PSCIS,"ROAD, DEMOGRAPHIC",ASSESSED,CBS,ROUND,BARRIER,Morden Road,Lemieux Creek,Embed larger CV or install OBS if fish present,2013/05/07,Morden Rd,,,,,,,"9","638354","6057938","360866761",5243,400.431358.478149.135879,400.431358.478149.135879.213317,BULK,Lemieux Creek,"123392;123393","2","1001801323;1001801380;1001801382;123418","4",,,,0,0,0,0,0,0,0,1.67,0,0,0.87,0,0,0,0,0,0,0,0,0,0,3.34076199634767,0,0.87,0,0,0,0,0,0,3.34,0.87,3.34,0.87,955902,0.87,"1",0.87,,106,193,50,119,D
"123418",,,,,,,,,,,,,,,,,,,,,,,,,,,,,"123418","1801269",PSCIS,"ROAD, RESOURCE/OTHER",ASSESSED,CBS,ROUND,BARRIER,Private Road,Lemieux Creek,Embed larger CV or install OBS  - Landowner says fish are present,2013/05/07,,,,,,,,"9","638615","6058659","360866761",6116,400.431358.478149.135879,400.431358.478149.135879.213317,BULK,Lemieux Creek,"123416;123392;123393","3","1001801323;1001801380;1001801382","3",,,,0,0,0,0,0,0,0,0.8,0,0,0.4,0,0,0,0,0,0,0,0,0,0,2.46776199634767,0,0.39,0,0,0,0,0,0,2.47,0.4,2.47,0.4,955903,2.47,"4",0.6175,"[ ""955902"" ]",124,218,72,139,D
"123419",,,,,,,,,,,,,,,,,,,,,,,,,,,,,"123419","1802806",PSCIS,"ROAD, DEMOGRAPHIC",ASSESSED,CBS,ROUND,BARRIER,Morden Road,Tributary to Lemieux Creek,Embed larger CV or install OBS if fish present,2013/05/07,Morden Rd,,,,,,,"9","639237","6057958","360841888",1615,400.431358.478149.135879.213317,400.431358.478149.135879.213317.177879,BULK,,"123392;123393","2","1001801270","1",,,,0,0,0,0,0,0,0,0,0,0,0,0,0,0,0,0,0,0,0,0,0,2.12278877283989,0,0.71,0,0,0,0,0,0,2.12,0.71,2.12,0.71,110602,2.12,"2",1.06,,94,187,87,131,D
"123425",,,,,,,,,,,,,,,,,,,,,,,,,,,,,"123425","1801266",PSCIS,"ROAD, RESOURCE/OTHER",ASSESSED,OBS,BRIDGE,PASSABLE,Unnamed,Robin Creek,No access or passage concerns - no action required,2013/05/07,,,,,,,,"9","637254","6056047","360880639",4111,400.431358.478149,400.431358.478149.174049,BULK,Robin Creek,,"0","1001800670;1001801328;123426;123429;124510;195954;195956","7",,,,0,0,0,0,0,0,2.04901519673559,6.59,0,0.61,6.59,0,0,0,0,0,0,0,0,0,0,13.5648680248451,0,0.61,0,0,0,0,2.05,2.05,14.05,14.05,14.05,14.05,,,,,,,,,,
"123426",,Robin Creek,Highway 16,Stream crossing - CBS,MOTI,,Excluded structure,Barrier assessment,Passable,Field assessment,,,,,,,,,,,,,2025/01/01,CWF,,Scores as potential barrier but determined by SERNBC to likely be passable to all fish species and life stages. ,,,"123426","1800106",PSCIS,"ROAD, DEMOGRAPHIC",ASSESSED,CBS,ROUND,POTENTIAL,Highway 16,Robin Creek,Embedded culvert with high flow. 14:37,2022/08/31,Hwy 16 E,,,,,,,"9","636935","6056693","360880639",4938,400.431358.478149,400.431358.478149.256356,BULK,Robin Creek,,"0","1001800670;1001801328;123429;124510;195954;195956","6",,,,0,0,0,0,0,0,1.44007592026998,5.65,0,1.28,1.28,0,0,0,0,0,0,0,0,0,0,12.9559287483795,0,1.28,0,0,0,0,1.44,1.28,13.11,1.28,13.11,1.28,,,,,,,,,,
"123429",,,,,,,,,,,,,,,,,,,,,,,,,,,,,"123429","1800278",PSCIS,"ROAD, DEMOGRAPHIC",ASSESSED,CBS,ROUND,BARRIER,Round Lake Road,Robin Creek,Embed larger CV or install OBS if fish present - 2 culverts present,2013/05/07,Robin Creek Rd,,,,,,,"9","637555","6059352","360609038",557,400.431358.478149.452758,400.431358.478149.452758,BULK,de Jong Creek,"1001801328;123426","2",,,,,,0,0,0,0,0,0,0,0.16,0,0,0.16,0,0,0,0,0,0,0,0,0,0,0.366488927601483,0,0.37,0,0,0,0,0,0,0.37,0.37,0.37,0.37,967752,0.37,"1",0.37,"[ ""1200802"" ]",150,349,200,232,D
"123445",,Tyhee Creek,Highway 16,Stream crossing - CBS,MOTI,,Confirmed barrier,Habitat confirmation,,,Unknown,,Medium,Moderate,1200000,Medium,,,,,,Commission engineering designs,2024/01/01,MOTI,"CWF, OW",Important connector to Tyhee Lake,Preliminary designs complete and include habitat restoration compoents. Designs require internal review by MOTI to finalize,https://www.newgraphenvironment.com/fish_passage_bulkley_2020_reporting/appendix---123445-123446---tyhee-creek.html,"123445","1800114",PSCIS,"ROAD, DEMOGRAPHIC",HABITAT CONFIRMATION,CBS,ROUND,BARRIER,Highway 16,Tyhee Creek,Important migration corridor to Tyee Lake.  Large outlet drop seems unliklely passabel by any life stage or species.,2020/08/29,Hwy 16 E,,,,,,,"9","627236","6061461","360761305",242,400.431358.423347,400.431358.423347,BULK,Tyhee Creek,,"0","123446","1",,,,0,0,0,0,0,0,0,0,0,0,0,0,0,0,0,10.55,0,0,0,0,0,1.29959704567152,0,0.49,0,0,0,0,0,0,8.34,0.49,8.34,0.49,726802,8.34,"2",4.17,,24,22,21,20,B
"123446",,Tyhee Creek,Tyhee Lake Road,Stream crossing - CBS,MOTI,,Confirmed barrier,Habitat confirmation,,,Yes,Other (see notes),Medium,Moderate,650000,Low,,,,,,Leave until end of lifecycle,,,,Scores as barrier but likely passable to most fish species and life stages. Channel has become heavily ingrown with canary reedgrass and needs restoration before addressing this crossing. Reassess once downstream crossing and habitat issues have been addresesd,,https://www.newgraphenvironment.com/fish_passage_bulkley_2020_reporting/appendix---123445-123446---tyhee-creek.html,"123446","1800285",PSCIS,"ROAD, DEMOGRAPHIC",HABITAT CONFIRMATION,CBS,ROUND,POTENTIAL,Tyee Lake Road,Tyhee Creek,Important migration corridor to get to Tyee Lake from Bulkley River.  Crossing does not appear to be barrier to most life stages/species at most flows.,2020/08/29,Tyhee Lake Rd,,,,,,,"9","627516","6061772","360761305",732,400.431358.423347,400.431358.423347,BULK,Tyhee Creek,"123445","1",,,,,,0,0,0,0,0,0,0,0,0,0,0,0,0,0,0,10.55,0,0,10.55,0,0,0.809597045671426,0,0.81,0,0,0,0,0,0,7.85,7.85,7.85,7.85,726802,8.34,"2",4.17,,24,22,21,20,B
"123486",,,,,,,,,,,,,,,,,,,,,,,,,,,,,"123486","24704502",PSCIS,"ROAD, DEMOGRAPHIC",ASSESSED,CBS,ROUND,BARRIER,Unnamed,Powers Creek,"Install an OBS, or backwater using weirs and install baffles",2013/05/22,Tatlow Rd,,,,,,,"9","619723","6064096","360886814",816,400.431358.384842,400.431358.384842.081271,BULK,Powers Creek,"1001805510","1",,,,,,0,0,0,0,0,0,0,0.02,0,0,0.02,0,0,0,0,0,0,0,0,0,0,0.0497937449497358,0,0.05,0,0,0,0,0,0,0.05,0.05,0.05,0.05,971703,0.05,"1",0.05,"[ ""971702"" ]",187,340,260,257,D
"123488",,,,,,,,,,,,,,,,,,,,,,,,,,,,,"123488","1802827",PSCIS,"ROAD, DEMOGRAPHIC",ASSESSED,CBS,ROUND,BARRIER,Unnamed,Seymour Creek,"Debris at inlet should be cleared, but culvert is passable - no action required",2013/05/22,Tatlow Rd,,,,,,,"9","620000","6068069","360787101",3420,400.431358.359172,400.431358.359172.142317,BULK,Seymour Creek,"123491;123492;123498;123495;123496;123499;58162","7","123501;7feee1fe-ac20-4584-a6ae-7e9e41a97b16","2",,,,0,0,0,0,0,0,0,3.23,0,0,1.24,0,0,0,0,0,0,0,0,0,0,2.54102172025112,0,1.24,0,0,0,0,0,0,3.23,1.24,3.23,1.24,738652,6.44,"10",0.644,,120,96,26,50,D
"123489",,,,,,,,,,,,,,,,,,,,,,,,,,,,,"123489","1800022",PSCIS,"ROAD, DEMOGRAPHIC",ASSESSED,CBS,ROUND,PASSABLE,Stanga Road,Seymour Creek,"Culvert is passable, no action required",2013/05/22,Stanga Rd,,,,,,,"9","620020","6068107","360787101",3376,400.431358.359172,400.431358.359172.142317,BULK,Seymour Creek,"123491;123492;123498;123495;123496;123499;58162","7","123488;123501;7feee1fe-ac20-4584-a6ae-7e9e41a97b16","3",,,,0,0,0,0,0,0,0,3.27,0,0,3.27,0,0,0,0,0,0,0,0,0,0,2.58502172025109,0,0.04,0,0,0,0,0,0,3.27,3.27,3.27,3.27,,,,,,,,,,
"123490",,,,,,,,,,,,,,,,,,,,,,,,,,,,,"123490","1805509",PSCIS,RAIL,ASSESSED,CBS,ROUND,PASSABLE,Railway,Seymour Creek,"Culvert is passable, no action required",2013/05/22,,None,,,,,,"9","619965","6068060","360787101",3456,400.431358.359172,400.431358.359172.142317,BULK,Seymour Creek,"123488;123491;123492;123498;123495;123496;123499;58162","8","123501;7feee1fe-ac20-4584-a6ae-7e9e41a97b16","2",,,,0,0,0,0,0,0,0,3.19,0,0,3.19,0,0,0,0,0,0,0,0,0,0,2.5050217202511,0,1.21,0,0,0,0,0,0,3.19,3.19,3.19,3.19,,,,,,,,,,
"123491",,,,,,,,,,,,,,,,,,,,,,,,,,,,,"123491",,PSCIS,"ROAD, DEMOGRAPHIC",ASSESSED,CBS,ROUND,BARRIER,Unnamed,Seymour Creek,"Culvert is passable, no action required",2013/05/22,Tatlow Rd,,,,,,,"9","619955","6068290","360787101",3157,400.431358.359172,400.431358.359172.142317,BULK,Seymour Creek,"123492;123498;123495;123496;123499;58162","6","123488;123501;7feee1fe-ac20-4584-a6ae-7e9e41a97b16","3",,,,0,0,0,0,0,0,0,3.49,0,0,0.26,0,0,0,0,0,0,0,0,0,0,2.80402172025127,0,0.26,0,0,0,0,0,0,3.49,0.26,3.49,0.26,738652,6.44,"10",0.644,,120,96,26,50,D
"123492",,,,,,,,,,,,,,,,,,,,,,,,,,,,,"123492","1800824",PSCIS,"ROAD, DEMOGRAPHIC",ASSESSED,CBS,ROUND,BARRIER,Unnamed,Seymour Creek,Install an OBS,2013/05/22,private driveway,,,,,,,"9","619930","6068409","360787101",3034,400.431358.359172,400.431358.359172.142317,BULK,Seymour Creek,"123498;123495;123496;123499;58162","5","123488;123491;123501;7feee1fe-ac20-4584-a6ae-7e9e41a97b16","4",,,,0,0,0,0,0,0,0,3.61,0,0,0.12,0,0,0,0,0,0,0,0,0,0,2.92702172025115,0,0.12,0,0,0,0,0,0,3.61,0.12,3.61,0.12,738652,6.44,"10",0.644,,120,96,26,50,D
"123495",,,,,,,,,,,,,,,,,,,,,,,,,,,,,"123495","1800387",PSCIS,"ROAD, DEMOGRAPHIC",ASSESSED,CBS,ROUND,BARRIER,Unnamed,Seymour Creek,"Backwater culvert and install baffles, or install a properly embedded culvert",2013/05/22,Tatlow Rd E,,,,,,,"9","620053","6069494","360787101",1679,400.431358.359172,400.431358.359172.076806,BULK,Seymour Creek,"123496;123499;58162","3","123488;123491;123492;123498;123501;7feee1fe-ac20-4584-a6ae-7e9e41a97b16","6",,,,0,0,0,0,0,0,0,4.97,0,0,0.29,0,0,0,0,0,0,0,0,0,0,4.28202172343399,0,0.29,0,0,0,0,0,0,4.97,0.29,4.97,0.29,738652,6.44,"10",0.644,,120,96,26,50,D
"123496",,,,,,,,,,,,,,,,,,,,,,,,,,,,,"123496",,PSCIS,"ROAD, RESOURCE/OTHER",ASSESSED,CBS,ROUND,BARRIER,Unnamed,Seymour Creek,"Culvert is passable, no action required",2013/05/22,,,,,,,,"9","619868","6069744","360787101",1285,400.431358.359172,400.431358.359172.076806,BULK,Seymour Creek,"123499;58162","2","123488;123491;123492;123495;123498;123501;7feee1fe-ac20-4584-a6ae-7e9e41a97b16","7",,,,0,0,0,0,0,0,0,5.36,0,0,0.39,0,0,0,0,0,0,0,0,0,0,4.67602120936671,0,0.39,0,0,0,0,0,0,5.36,0.39,5.36,0.39,738652,6.44,"10",0.644,,120,96,26,50,D
"123498",,,,,,,,,,,,,,,,,,,,,,,,,,,,,"123498","1800822",PSCIS,"ROAD, RESOURCE/OTHER",ASSESSED,CBS,ROUND,POTENTIAL,Unnamed,Seymour Creek,Inlet is damaged but culvert should be passable - no action required,2013/05/22,,,,,,,,"9","619855","6069303","360787101",1965,400.431358.359172,400.431358.359172.142317,BULK,Seymour Creek,"123495;123496;123499;58162","4","123488;123491;123492;123501;7feee1fe-ac20-4584-a6ae-7e9e41a97b16","5",,,,0,0,0,0,0,0,0,4.68,0,0,1.07,0,0,0,0,0,0,0,0,0,0,3.99602172025116,0,1.07,0,0,0,0,0,0,4.68,1.07,4.68,1.07,738652,6.44,"10",0.644,,120,96,26,50,D
"123499",,,,,,,,,,,,,,,,,,,,,,,,,,,,,"123499","1802951",PSCIS,"ROAD, DEMOGRAPHIC",ASSESSED,CBS,ROUND,POTENTIAL,Unnamed,Seymour Creek,"Unable to see inside culverts, but will be passable unless plugged in middle - no action required",2013/05/23,private driveway,,,,,,,"9","619673","6070345","360787101",597,400.431358.359172,400.431358.359172,BULK,Seymour Creek,"58162","1","123488;123491;123492;123495;123496;123498;123501;7feee1fe-ac20-4584-a6ae-7e9e41a97b16","8",,,,0,0,0,0,0,0,0,6.05,0,0,0.69,0,0,0,0,0,0,0,0,0,0,5.3640215283359,0,0.69,0,0,0,0,0,0,6.05,0.69,6.05,0.69,738652,6.44,"10",0.644,,120,96,26,50,D
"123501",,,,,,,,,,,,,,,,,,,,,,,,,,,,,"123501","1800417",PSCIS,"ROAD, DEMOGRAPHIC",ASSESSED,CBS,ROUND,BARRIER,Stenset Road,Seymour Creek,"Culvert is passable, no action required",2013/05/23,Stenset Rd,,,,,,,"9","619238","6067494","360787101",4662,400.431358.359172,400.431358.359172.142317,BULK,Seymour Creek,"123488;123491;123492;123498;123495;123496;123499;58162","8",7feee1fe-ac20-4584-a6ae-7e9e41a97b16,"1",,,,0,0,0,0,0,0,0,1.99,0,0,0.15,0,0,0,0,0,0,0,0,0,0,1.29902172025112,0,0.15,0,0,0,0,0,0,1.99,0.15,1.99,0.15,738652,6.44,"10",0.644,,120,96,26,50,D
"123511",,,,,,,,,,,,,,,,,,,,,,,,,,,,,"123511","1801362",PSCIS,"ROAD, RESOURCE/OTHER",ASSESSED,CBS,ROUND,BARRIER,Unnamed,Help Creek,Install a properly embedded culvert if fish present,2013/05/24,,,,,,,,"9","624610","6057183","360857419",2967,400.431358.430066.221014,400.431358.430066.221014.240613,BULK,,"124500","1","123512;123514;123515;123647","4",,,,0,0,0,0,0,0,0,2.03,0,0,1.39,0,0,0,0,0,0,0,0,0,0,3.68299356580819,0,1.38,0,0,0,0,0,0,3.68,1.38,3.68,1.38,754452,3.03,"2",1.515,"[ ""1042802"" ]",67,130,44,83,D
"123512",,,,,,,,,,,,,,,,,,,,,,,,,,,,,"123512","1800669",PSCIS,"ROAD, RESOURCE/OTHER",ASSESSED,OTHER,FORD,BARRIER,Unnamed,Help Creek,Culvert has been washed out - remove from channel,2013/05/24,,,,,,,,"9","625099","6056531","360857419",3968,400.431358.430066.221014,400.431358.430066.221014.348816,BULK,,"123511;124500","2","123647","1",,,,0,0,0,0,0,0,0,0.35,0,0,0.35,0,0,0,0,0,0,0,0,0,0,1.6870006003078,0,1.65,0,0,0,0,0,0,1.69,1.65,1.69,1.65,754452,3.03,"2",1.515,"[ ""1042802"" ]",67,130,44,83,D
"123514",,,,,,,,,,,,,,,,,,,,,,,,,,,,,"123514","1801299",PSCIS,"ROAD, RESOURCE/OTHER",ASSESSED,OTHER,FORD,BARRIER,Unnamed,Tributary to Help Creek,Culvert has been washed out - remove from channel,2013/05/24,,,,,,,,"9","624165","6056926","360775403",383,400.431358.430066.221014.348816,400.431358.430066.221014.348816,BULK,,"123511;124500","2","123515","1",,,,0,0,0,0,0,0,0,0.29,0,0,0.29,0,0,0,0,0,0,0,0,0,0,0.611992281345416,0,0.29,0,0,0,0,0,0,0.61,0.29,0.61,0.29,758402,0.61,"2",0.305,"[ ""754452"", ""1042802"" ]",156,354,165,216,D
"123515",,,,,,,,,,,,,,,,,,,,,,,,,,,,,"123515","1801306",PSCIS,"ROAD, RESOURCE/OTHER",ASSESSED,OTHER,FORD,BARRIER,Unnamed,Tributary to Help Creek,Culvert has been washed out - remove from channel,2013/05/24,,,,,,,,"9","623961","6056726","360775403",678,400.431358.430066.221014.348816,400.431358.430066.221014.348816,BULK,,"123514;123511;124500","3",,,,,,0,0,0,0,0,0,0,0,0,0,0,0,0,0,0,0,0,0,0,0,0,0.316992281345464,0,0.32,0,0,0,0,0,0,0.32,0.32,0.32,0.32,758402,0.61,"2",0.305,"[ ""754452"", ""1042802"" ]",156,354,165,216,D
"123526",,,,,,,,,,,,,,,,,,,,,,,,,,,,,"123526","24703765",PSCIS,"ROAD, RESOURCE/OTHER",ASSESSED,OBS,BRIDGE,PASSABLE,Unnamed,John's Creek,No passage or access concerns - no action required,2013/05/24,Telkwa River Road FSR,,,,,,,"9","602310","6051988","360879209",129,400.431358.415251.449382,400.431358.415251.449382,BULK,Jonas Creek,,"0","1001802982","1",,,,0,0,0,0,0,0,0.820806738978715,0.82,0,0.44,0.82,0,0,0,0,0,0,0,0,0,0,0.91700154579355,0,0.44,0,0,0,0,0.82,0.82,0.93,0.93,0.93,0.93,,,,,,,,,,
"123527",,,,,,,,,,,,,,,,,,,,,,,,,,,,,"123527","1804228",PSCIS,"ROAD, RESOURCE/OTHER",ASSESSED,CBS,ROUND,BARRIER,Telkwa FSR,Tributary to Telkwa River,"Culvert is passable, no action required",2013/05/24,Telkwa River Road FSR,,,,,,,"9","598871","6052821","360697903",1142,400.431358.415251.494289,400.431358.415251.494289.044347,BULK,,,"0","1001805101","1",,,,0,0,0,0,0,0,0,0.07,0,0,0.07,0,0,0,0,0,0,0,0,0,0,0.519000000000115,0,0.07,0,0,0,0,0,0,0.52,0.07,0.52,0.07,987502,0.52,"2",0.26,,162,266,175,178,D
"123544",,McDowell Creek,Unnamed,Stream crossing - CBS,Private,,Confirmed barrier,Habitat confirmation,,,Unknown,,Low,Moderate,20000,Low,,,,,,Non-actionable,2025/01/01,CWF,,Low quality habitat and dry stream for most of the year. Confirmed by OW to be low priority due to low quality habitat,Poorly constructed/maintained road with rip rap directly obstructing  culvert. ,https://www.newgraphenvironment.com/fish_passage_skeena_2021_reporting/mcdowell-creek---123544-58151---appendix.html,"123544","1801300",PSCIS,"ROAD, RESOURCE/OTHER",HABITAT CONFIRMATION,CBS,ROUND,BARRIER,Private Road,McDowell Creek,Inlet of culvert is ~5m elevation more than upstream channel. Road has filled in the creek. 15:44,2021/09/13,,,,,,,,"9","628286","6060647","360685108",883,400.431358.427289,400.431358.427289,BULK,McDowell Creek,"58158","1","1001801385;1001802776;58151","3",,,,0,0,0,0,0,0,0.940999999999942,0.94,0,0.94,0.94,0,0,0,0,0,0,0,0,0,0,4.31300064548517,0,1.77,0,0,0,0,0.94,0.94,4.31,1.77,4.31,1.77,209353,4.44,"4",1.11,,89,74,36,47,D
"123567",,,,,,,,,,,,,,,,,,,,,,,,,,,,,"123567","1803948",PSCIS,"ROAD, RESOURCE/OTHER",ASSESSED,CBS,ROUND,BARRIER,McDonnell FSR,Tributary to Pine Creek,Install an OBS if fish present,2013/05/26,McDonell Lake FSR,,,,,,,"9","610622","6067544","360849360",1176,400.431358.415251.212542.424007,400.431358.415251.212542.424007.158794,BULK,,,"0",,,,,,0,0,0,0,0,0,0,0,0,0,0,0,0,0,0,0,0,0,0,0,0,0.269999999999991,0,0.269999999999991,0,0,0,0,0,0,0.27,0.27,0.27,0.27,995402,0.27,"1",0.27,,161,265,211,194,D
"123568",,,,,,,,,,,,,,,,,,,,,,,,,,,,,"123568","1803949",PSCIS,"ROAD, RESOURCE/OTHER",ASSESSED,CBS,ROUND,BARRIER,McDonnell FSR,Tributary to Pine Creek,Install a properly embedded culvert or OBS if fish present,2013/05/26,McDonell Lake FSR,,,,,,,"9","610458","6067586","360406617",297,400.431358.415251.212542.424007.158794,400.431358.415251.212542.424007.158794,BULK,,,"0",,,,,,0,0,0,0,0,0,0,0,0,0,0,0,0,0,0,0,0,0,0,0,0,1.15200000000006,0,1.15200000000006,0,0,0,0,0,0,1.15,1.15,1.15,1.15,999352,1.15,"1",1.15,,85,70,127,93,D
"123570",,,,,,,,,,,,,,,,,,,,,,,,,,,,,"123570","1803951",PSCIS,"ROAD, RESOURCE/OTHER",ASSESSED,OBS,BRIDGE,PASSABLE,McDonnell FSR,Miller Creek,"New bridge, well built. Room on both banks for freshet melt. 16:57:00",2022/09/13,McDonell Lake FSR,,,,,,,"9","607587","6067571","360799754",780,400.431358.415251.212542.518106,400.431358.415251.212542.518106,BULK,Miller Creek,"123575;123577","2",,,,,,0,0,0,0,0,0,0.0789999999999855,0.08,0,0.08,0.08,0,0,0,0,0,0,0,0,0,0,0,0,0,0,0,0,0,0.08,0.08,0.08,0.08,0.08,0.08,,,,,,,,,,
"123571",,,,,,,,,,,,,,,,,,,,,,,,,,,,,"123571","1800974",PSCIS,"ROAD, RESOURCE/OTHER",ASSESSED,OBS,BRIDGE,BARRIER,Unnamed,Tributary to Pine Creek,Remove structure and deactivate road,2013/05/26,,,,,,,,"9","605106","6065178","360462312",585,400.431358.415251.212542.610174.070433.266664,400.431358.415251.212542.610174.070433.266664,BULK,,"1001800973","1",,,,,,0,0,0,0,0,0,0,0,0,0,0,0,0,0,0,0,0,0,0,0,0,0.31799999999992,0,0.31799999999992,0,0,0,0,0,0,0.32,0.32,0.32,0.32,1003302,0.32,"1",0.32,"[ ""323902"" ]",154,316,206,218,D
"123575",,,,,,,,,,,,,,,,,,,,,,,,,,,,,"123575","1804039",PSCIS,"ROAD, RESOURCE/OTHER",ASSESSED,CBS,ROUND,BARRIER,700 Road,Tributary to Pine Creek,Install a properly embedded culvert or OBS if fish present,2013/05/27,,,,,,,,"9","607604","6067374","360799754",581,400.431358.415251.212542.518106,400.431358.415251.212542.518106,BULK,Miller Creek,"123577","1",,,,,,0,0,0,0,0,0,0.212000000000167,0.21,0,0.21,0.21,0,0,0,0,0,0,0,0,0,0,0,0,0,0,0,0,0,0.21,0.21,0.21,0.21,0.21,0.21,1090202,0.4,"2",0.2,,170,278,194,190,D
"123577",,,,,,,,,,,,,,,,,,,,,,,,,,,,,"123577","1803103",PSCIS,"ROAD, RESOURCE/OTHER",ASSESSED,CBS,ROUND,POTENTIAL,700 Road,Tributary to Pine Creek,Install a properly embedded culvert or OBS if fish present,2013/05/27,,,,,,,,"9","607664","6067211","360799754",397,400.431358.415251.212542.518106,400.431358.415251.212542.518106,BULK,Miller Creek,,"0","123575","1",,,,0,0,0,0,0,0,0.212000000000167,0.21,0,0,0,0,0,0,0,0,0,0,0,0,0,0.184000000000048,0,0.18,0,0,0,0,0.21,0,0.4,0.19,0.4,0.19,1090202,0.4,"2",0.2,,170,278,194,190,D
"123578",,,,,,,,,,,,,,,,,,,,,,,,,,,,,"123578","24704258",PSCIS,"ROAD, RESOURCE/OTHER",ASSESSED,OBS,BRIDGE,PASSABLE,700 Road,Pine Creek,No passage or access concerns - no action required,2013/05/27,,,,,,,,"9","607677","6067032","360887296",17321,400.431358.415251.212542,400.431358.415251.212542.518106,BULK,Pine Creek,,"0","1001800972;1001800973;123571","3",,,,4.21780086709777,7.10867082654813,4.22,7.11,0,0,11.2159663686348,13.64,0,11.14,13.64,0,9.11386050541063,9.11,0,0,0,0,0,0,6.77461922390645,15.1332054493982,6.77,12.55,0,0,0,0,11.22,11.22,16.67,16.67,16.67,16.67,,,,,,,,,,
"123583",,,,,,,,,,,,,,,,,,,,,,,,,,,,,"123583","1801332",PSCIS,"ROAD, RESOURCE/OTHER",ASSESSED,OBS,BRIDGE,PASSABLE,Unnamed,Robin Creek,No passage or access concerns - no action required,2013/05/27,,,,,,,,"9","637040","6057276","360880639",5551,400.431358.478149,400.431358.478149.256356,BULK,Robin Creek,"123426","1","1001800670;1001801328;123429;124510;195954;195956","6",,,,0,0,0,0,0,0,0.827075920270124,5.04,0,0.67,5.04,0,0,0,0,0,0,0,0,0,0,12.3429287483797,0,0.67,0,0,0,0,0.83,0.83,12.5,12.5,12.5,12.5,,,,,,,,,,
"123585",,,,,,,,,,,,,,,,,,,,,,,,,,,,,"123585","1804233",PSCIS,"ROAD, RESOURCE/OTHER",ASSESSED,OBS,BRIDGE,PASSABLE,Telkwa FSR,Cumming Creek,No passage or access concerns - no action required,2013/05/28,Telkwa River Road FSR,,,,,,,"9","609610","6054284","360864450",46,400.431358.415251.310152,400.431358.415251.310152,BULK,Cumming Creek,,"0",,,,,,0,1.95509605300253,0,1.96,0,0,2.24006068238303,2.24,0,2.24,2.24,0,2.92102088051878,2.92,0,0,0,0,0,0,0.0400000000000933,5.79510017032361,0.04,5.8,0,0,0,0,2.24,2.24,5.8,5.8,5.8,5.8,,,,,,,,,,
"123647",,,,,,,,,,,,,,,,,,,,,,,,,,,,,"123647","1802457",PSCIS,"ROAD, RESOURCE/OTHER",ASSESSED,CBS,ROUND,BARRIER,Unnamed,Tributary to Help Creek,Remove culvert and deactivate road,2013/06/04,,,,,,,,"9","625117","6055657","360683727",668,400.431358.430066.221014.465213,400.431358.430066.221014.465213,BULK,,"123512;123511;124500","3",,,,,,0,0,0,0,0,0,0,0,0,0,0,0,0,0,0,0,0,0,0,0,0,0.0419999999999602,0,0.04,0,0,0,0,0,0,0.04,0.04,0.04,0.04,1098102,0.04,"1",0.04,"[ ""754452"", ""1042802"" ]",188,378,263,270,D
"123661",,,,,,,,,,,,,,,,,,,,,,,,,,,,,"123661","1801421",PSCIS,"ROAD, RESOURCE/OTHER",ASSESSED,OTHER,FORD,PASSABLE,Unnamed,Canyon Creek,"No fish passage or access concerns, no action required",2013/06/12,,,,,,,,"9","641497","6074447","360873164",41572,400.431358.319200,400.431358.319200.823181,BULK,Canyon Creek,"124221","1","1001801548","1",,,,0,0,0,0,0,0,0,1.3,0,0,1.3,0,0,0,0,0,0,0,0,0,0,0.960644129575767,0,0.77,0,0,0,0,0,0,1.3,1.3,1.3,1.3,,,,,,,,,,
"123669",,,,,,,,,,,,,,,,,,,,,,,,,,,,,"123669",,PSCIS,TRAIL,ASSESSED,OTHER,FORD,PASSABLE,Unnamed,Canyon Creek,"No fish passage or access concerns, no action required",2013/06/12,Dome Mountain Snowmobile Trail,,,,,,,"9","641069","6071777","360873164",38092,400.431358.319200,400.431358.319200.754346,BULK,Canyon Creek,,"0","1001801548;124221","2",,,,0,0,0,0,0,0,2.06209912358923,4.93,0,2.06,4.93,0,0,0,0,0,0,0,0,0,0,5.05723743558224,0,3.46,0,0,0,0,2.06,2.06,5.69,5.69,5.69,5.69,,,,,,,,,,
"123682",,,,,,,,,,,,,,,,,,,,,,,,,,,,,"123682","1806072",PSCIS,"ROAD, RESOURCE/OTHER",ASSESSED,CBS,ROUND,POTENTIAL,R09521 1018,Tributary to Telkwa River,No habitat - drainage,2013/06/13,Caribou 43 FSR,,,,,,,"9","602360","6050624","360360038",716,400.431358.415251.442177.341444.124802,400.431358.415251.442177.341444.124802,BULK,,,"0",,,,,,0,0,0,0,0,0,0,0,0,0,0,0,0,0,0,0,0,0,0,0,0,1.08083297479116,0,1.08083297479116,0,0,0,0,0,0,1.08,1.08,1.08,1.08,1102052,1.08,"1",1.08,,91,76,135,105,D
"123693",,,,,,,,,,,,,,,,,,,,,,,,,,,,,"123693","24703653",PSCIS,"ROAD, DEMOGRAPHIC",ASSESSED,OBS,BRIDGE,PASSABLE,Driftwood Road,Driftwood Creek,"No fish passage or access concerns, no action required",2013/06/14,Driftwood Rd,,,,,,,"9","630232","6082104","360880695",18719,400.431358.307489,400.431358.307489.588483,BULK,Driftwood Creek,,"0",,,,,,2.06105386204263,5.0039989811702,2.06,5,0,0,5.52727179973046,5.59,0,5.53,5.59,0,5.90178904928245,5.9,0,0,0,0,0,0,4.46875806126419,8.7866869577429,4.47,8.79,0,0,0,0,5.53,5.53,8.79,8.79,8.79,8.79,,,,,,,,,,
"123694",,,,,,,,,,,,,,,,,,,,,,,,,,,,,"123694","24703652",PSCIS,"ROAD, DEMOGRAPHIC",ASSESSED,OBS,BRIDGE,PASSABLE,Driftwood Road,Driftwood Creek,"No fish passage or access concerns, no action required",2013/06/14,Driftwood Rd,,,,,,,"9","630084","6081722","360880695",18274,400.431358.307489,400.431358.307489.558724,BULK,Driftwood Creek,,"0",,,,,,2.46594525087228,5.4490000460134,2.47,5.45,0,0,5.97227286457367,6.03,0,5.97,6.03,0,6.34679011412566,6.35,0,0,0,0,0,0,4.9137591261074,9.23168802258611,4.91,9.23,0,0,0,0,5.97,5.97,9.23,9.23,9.23,9.23,,,,,,,,,,
"123695",,,,,,,,,,,,,,,,,,,,,,,,,,,,,"123695","1801535",PSCIS,"ROAD, DEMOGRAPHIC",ASSESSED,CBS,ROUND,BARRIER,Driftwood Road,Tributary to Driftwood Creek,"Replace with properly embedded CV, or OBS if fish present",2013/06/14,Driftwood Rd,,,,,,,"9","629914","6081269","360851377",67,400.431358.307489.558724,400.431358.307489.558724,BULK,,,"0",,,,,,0,0,0,0,0,0,0,0,0,0,0,0,0,0,0,0,0,0,0,0,0,0.183000000000002,0,0.18,0,0,0,0,0,0,0.18,0.18,0.18,0.18,1106002,0.18,"1",0.18,,174,284,229,213,D
"123701",,,,,,,,,,,,,,,,,,,,,,,,,,,,,"123701","1800334",PSCIS,"ROAD, DEMOGRAPHIC",ASSESSED,OBS,BRIDGE,PASSABLE,Driftwood Road,Driftwood Creek,"No fish passage or access concerns, no action required",2013/06/14,Driftwood Rd,,,,,,,"9","627769","6079156","360880695",14441,400.431358.307489,400.431358.307489.445918,BULK,Driftwood Creek,,"0","123695","1",,,,3.26216896798972,9.28199925403935,3.26,9.28,0,0,9.80527207259962,9.86,0,9.81,9.86,0,10.1797893221516,10.18,0,0,0,0,0,0,8.74675833413335,13.3146872306121,8.75,13.13,0,0,0,0,9.81,9.81,13.31,13.31,13.31,13.31,,,,,,,,,,
"123702",,,,,,,,,,,,,,,,,,,,,,,,,,,,,"123702","24700294",PSCIS,"ROAD, DEMOGRAPHIC",ASSESSED,OBS,BRIDGE,PASSABLE,Driftwood Road,Driftwood Creek,"No fish passage or access concerns, no action required",2013/06/14,Driftwood Rd,,,,,,,"9","627016","6077791","360880695",12552,400.431358.307489,400.431358.307489.380085,BULK,Driftwood Creek,,"0","123695","1",,,,4.50790048619375,11.1709977763831,4.51,11.17,0,0,11.6942705949434,11.75,0,11.69,11.75,0,12.0687878444954,12.07,0,0,0,0,0,0,10.6357568564771,15.2036857529559,10.64,15.02,0,0,0,0,11.69,11.69,15.2,15.2,15.2,15.2,,,,,,,,,,
"123704",,,,,,,,,,,,,,,,,,,,,,,,,,,,,"123704","24703641",PSCIS,"ROAD, DEMOGRAPHIC",ASSESSED,OBS,BRIDGE,PASSABLE,Driftwood Road,Driftwood Creek,"No fish passage or access concerns, no action required",2013/06/14,Driftwood Rd,,,,,,,"9","625308","6076533","360880695",9923,400.431358.307489,400.431358.307489.303667,BULK,Driftwood Creek,,"0","123695","1",,,,6.65010745465997,13.7999965278145,6.65,13.8,0,0,14.3232693463747,14.38,0,14.32,14.38,0,14.6977865959267,14.7,0,0,0,0,0,0,13.2647556079085,17.8326845043872,13.26,17.65,0,0,0,0,14.32,14.32,17.83,17.83,17.83,17.83,,,,,,,,,,
"123713",,,,,,,,,,,,,,,,,,,,,,,,,,,,,"123713","1801516",PSCIS,"ROAD, DEMOGRAPHIC",ASSESSED,CBS,ROUND,BARRIER,Telkwa High Road,Tributary to Bulkley River,No action required,2013/06/15,private driveway,,,,,,,"9","623319","6077553","360642329",275,400.431358.307489.221395,400.431358.307489.221395,BULK,,"1001802899","1",,,,,,0,0,0,0,0,0,0,0,0,0,0,0,0,0,0,0,0,0,0,0,0,0.848513414123323,0,0.85,0,0,0,0,0,0,0.85,0.85,0.85,0.85,213302,0.86,"2",0.43,,145,247,147,163,D
"123744",,,,,,,,,,,,,,,,,,,,,,,,,,,,,"123744","1803187",PSCIS,"ROAD, RESOURCE/OTHER",ASSESSED,CBS,ROUND,BARRIER,Palmeson Road,Tributary to Bulkley River,No action required - no habitat,2013/06/17,,,,,,,,"9","610382","6088747","360884593",2561,400.431358.240890,400.431358.240890,BULK,,"1001803188;1001803127;1001803189","3",,,,,,0,0,0,0,0,0,0,0,0,0,0,0,0,0,0,0,0,0,0,0,0,0.19377124693964,0,0.19,0,0,0,0,0,0,0.19,0.19,0.19,0.19,497704,0.19,"1",0.19,"[ ""497702"", ""497703"" ]",172,375,226,258,D
"123760",,,,,,,,,,,,,,,,,,,,,,,,,,,,,"123760","1802768",PSCIS,"ROAD, DEMOGRAPHIC",ASSESSED,CBS,ROUND,BARRIER,Good Road,Tributary to Bulkley River,Embed larger culvert if fish present,2013/06/24,Good Rd,,,,,,,"9","622603","6065526","360820179",2909,400.431358.374101,400.431358.374101,BULK,,"123761","1",b30647a2-cd3f-4907-8425-e2e04f24661e,"1",,,,0,0,0,0,0,0,0,1.26,0,0,0.37,0,0,0,0,0,0,0,0,0,0,1.06372661322489,0,0.37,0,0,0,0,0,0,1.26,0.37,1.26,0.37,1121803,1.26,"2",0.63,"[ ""1121802"" ]",122,158,117,132,D
"123761",,,,,,,,,,,,,,,,,,,,,,,,,,,,,"123761","1802840",PSCIS,"ROAD, DEMOGRAPHIC",ASSESSED,CBS,ROUND,BARRIER,Highway 16,Tributary to Bulkley River,Embed larger culvert if fish present,2013/06/24,Hwy 16 E,,,,,,,"9","621250","6066643","360820179",666,400.431358.374101,400.431358.374101,BULK,,,"0","123760;b30647a2-cd3f-4907-8425-e2e04f24661e","2",,,,0,0,0,0,0,0,0,3.5,0,0,2.24,0,0,0,0,0,0,0,0,0,0,3.30672650461703,0,2.24,0,0,0,0,0,0,3.5,2.24,3.5,2.24,1121802,2.24,"1",2.24,,51,42,46,36,D
"123770",,John Brown Creek,Highway 16,Stream crossing - CBS,MOTI,,Assessed structure that remains data deficient,Habitat confirmation,,,Yes,Other (see notes),High,Difficult,17000000,,,,,,,In-depth passage assessment (data deficient structures only),2025/01/01,CWF,SFC/OW/SERNBC,"olly Varden, Rainbow Trout and Coho captured upstream indicating partial barrier only. Chinook utilize reach above the culvert for spawning. Monitor during migration to determine extent of barrier",Very large system. Some baffles in culvert. Somewhat steep gradients downstream of crossing.,https://www.newgraphenvironment.com/fish_passage_skeena_2021_reporting/john-brown-creek---123770---appendix.html,"123770","1800045",PSCIS,"ROAD, DEMOGRAPHIC",HABITAT CONFIRMATION,CBS,ROUND,POTENTIAL,Highway 16,John Brown,"Both pipes have outlet drop and water flowing through. Water depth in left pipe is 0.01m, left pipe no embeddment. Inlet drop only on right one. Also has baffling with substrate but baffling not in place for downstream ~3m, so not continuous. Estimated pool depth. 10:52",2021/09/07,Hwy 16,,,,,,,"9","606627","6097184","360849615",260,400.431358.197707,400.431358.197707,BULK,John Brown Creek,,"0",,,,,,4.62956511944183,11.0756031532934,4.63,11.08,0,0,11.7646882377698,11.76,0,11.76,11.76,0,14.5235541316641,14.52,0,0,0,0,0,0,10.3146824084874,15.8958726242091,10.31,15.9,0,0,0,0,11.76,11.76,15.9,15.9,15.9,15.9,1125752,15.9,"1",15.9,,5,5,8,5,A
"123771",,,,,,,,,,,,,,,,,,,,,,,,,,,,,"123771","1801674",PSCIS,"ROAD, RESOURCE/OTHER",ASSESSED,CBS,ROUND,BARRIER,Unnamed,Tributary to Corya Creek,Embed larger culvert if fish present,2013/06/25,,,,,,,,"9","604362","6098229","360772470",3745,400.431358.181726.099887,400.431358.181726.099887,BULK,,"124188;1001805484;123775","3",,,,,,0,0,0,0,0,0,0,0.5,0,0,0.5,0,0,0,0,0,0,0,0,0,0,0,0,0,0,0,0,0,0,0,0.5,0.5,0.5,0.5,1129704,0.5,"1",0.5,"[ ""1129702"", ""1129703"" ]",138,221,181,165,D
"123775","1001800161",Tributary to Corya Creek (Witset Cr),Highway 16,Stream crossing - CBS,MOTI,,Assessed structure that remains data deficient,Habitat confirmation,No key upstream habitat,Field assessment,,,,,,,,,,,,Engage with partners,,,,"Lacks habitat upstream due to very low flows, beaver control activity to prevent flooding of downstream properties ongoing. ",Discuss with partners potential for BDA work,https://www.newgraphenvironment.com/fish_passage_skeena_2021_reporting/corya-creek---197960---appendix.html,"123775","1800161",PSCIS,"ROAD, DEMOGRAPHIC",HABITAT CONFIRMATION,CBS,ROUND,POTENTIAL,Highway 16,Witset Creek,Round culvert. 13:30,2021/09/15,Hwy 16,,,,,,,"9","606445","6099726","360772470",498,400.431358.181726.099887,400.431358.181726.099887,BULK,,,"0","1001805484;123771;124188","3",,,,0,0,0,0,0,0,0,3.04,0,0,1.21,0,0,0,0,0,0,0,0,0,0,0,0,0,0,0,0,0,0,0,3.04,1.21,3.04,1.21,1129702,1.21,"1",1.21,,81,66,56,52,D
"123776",,Corya Creek,Highway 16,Stream crossing - OBS,MOTI,,Excluded structure,Barrier assessment,Passable,Field assessment,,,,,,,,,,,,,,,,"Bridge, fairly recent replacement",,,"123776","24703647",PSCIS,"ROAD, DEMOGRAPHIC",ASSESSED,CBS,ROUND,PASSABLE,Highway 16,Tributary to Corya Creek,Install baffles if culvert is a fish barrier,2013/06/25,Hwy 16,,,,,,,"9","606462","6100156","360884284",1980,400.431358.181726,400.431358.181726.099887,BULK,Corya Creek,,"0","197960","1",,,,3.49133353783384,7.66486412554922,0.84,0.87,0,0,9.93542908086333,9.94,0,0.87,9.94,0,10.7982132237161,0.87,0,0,0,0,0,0,6.27232137163118,12.3259264332568,0.87,0.87,0,0,0,0,9.94,9.94,13.21,13.21,13.21,13.21,,,,,,,,,,
"123777",,Graphite Creek,Campbell Road,Stream crossing - CBS,,,Assessed structure that remains data deficient,Barrier assessment,,,,,Medium,,,,,,,,,Habitat confirmation (data deficient structures only),,,,,Assess dam and rail crossing upstream at same time as habitat confirmation. Nice stream with riffle-pool complex.,,"123777","1800129",PSCIS,"ROAD, DEMOGRAPHIC",ASSESSED,CBS,ROUND,BARRIER,Campbell Road,Graphite Creek,"The culvert is angled awkwardly placed for the inflow. There is nice fish habitat, a sequence of pools and riffles.",2024/10/04,Campbell Rd,,,,,,,"9","607136","6101121","360870130",542,400.431358.181726.040399,400.431358.181726.040399,BULK,Graphite Creek,,"0","1001805577;123778;ba985288-8b24-4d3b-8c74-00715c1522ff","3",,,,0,0,0,0,0,0,0,4.4,0,0,0.09,0,0,0,0,0,0,0,0,0,0,1.15914389366331,0,0.08,0,0,0,0,0,0,4.47,0.08,4.47,0.08,1398302,4.39,"3",1.46333333333333,,68,55,39,39,D
"123778",,Graphite Creek,Highway 16,Stream crossing - CBS,MOTI,,Assessed structure that remains data deficient,Barrier assessment,,,,,Medium,,,,,,,,,Habitat confirmation (data deficient structures only),2025/10/31,OW,CWF,,Assess at same time as other crossings during habitat confirmation downstream,,"123778","1800377",PSCIS,"ROAD, DEMOGRAPHIC",ASSESSED,CBS,ROUND,POTENTIAL,Highway 16,Graphite Creek,"It is a nice clean flowing stream, but the substrate is mostly fine sediment.",2024/10/04,Hwy 16,,,,,,,"9","605388","6103278","360870130",4106,400.431358.181726.040399,400.431358.181726.040399,BULK,Graphite Creek,"1001805577;ba985288-8b24-4d3b-8c74-00715c1522ff;123777","3",,,,,,0,0,0,0,0,0,0,0.01,0,0,0.01,0,0,0,0,0,0,0,0,0,0,0.0807456600095164,0,0.08,0,0,0,0,0,0,0.08,0.08,0.08,0.08,1398303,0.08,"1",0.08,"[ ""1398302"" ]",184,377,255,269,D
"123781",,,,,,,,,,,,,,,,,,,,,,,,,,,,,"123781","24700233",PSCIS,"ROAD, RESOURCE/OTHER",ASSESSED,OBS,BRIDGE,PASSABLE,2000 Road,Causqua Creek,"Bridge is in good condition, no passage or access concerns. However, creosote from bridge ties is dripping into water.",2013/06/25,Blunt Creek FSR,,,,,,,"9","608691","6100562","360886043",1023,400.431358.184601,400.431358.184601,BULK,Causqua Creek,,"0",,,,,,0.189237321506297,0.281086031958239,0.19,0.28,0,0,0.281086031958239,0.28,0,0.28,0.28,0,1.85811472632713,1.86,0,0,0,0,0,0,0.281086031958239,2.36799898230553,0.28,2.37,0,0,0,0,0.28,0.28,2.37,2.37,2.37,2.37,,,,,,,,,,
"123783",,,,,,,,,,,,,,,,,,,,,,,,,,,,,"123783","24703954",PSCIS,"ROAD, RESOURCE/OTHER",ASSESSED,OBS,BRIDGE,PASSABLE,R12610 218,Tributary to Blunt Creek,"Bridge is in good condition, no passage or access concerns",2013/06/25,,,,,,,,"9","617234","6108685","360876105",3804,400.431358.079962.441999.443832.677294,400.431358.079962.441999.443832.677294.163693,BULK,,,"0",,,,,,0,1.17222015509807,0,1.17,0,0,3.04166663006044,3.56,0,3.04,3.56,0,0,0,0,0,0,0,0,0,0,7.23585648349676,0,7.24,0,0,0,0,3.04,3.04,7.24,7.24,7.24,7.24,,,,,,,,,,
"123785",,,,,,,,,,,,,,,,,,,,,,,,,,,,,"123785","1802297",PSCIS,"ROAD, RESOURCE/OTHER",ASSESSED,CBS,ROUND,BARRIER,R09533 218,Tributary to Blunt Creek,Embed larger culvert if fish present,2013/06/26,,,,,,,,"9","615305","6107327","360800738",2347,400.431358.079962.441999.443832.677294.095277.187251,400.431358.079962.441999.443832.677294.095277.187251.279058,BULK,,,"0",,,,,,0,0,0,0,0,0,0,0.11,0,0,0.11,0,0,0,0,0,0,0,0,0,0,0.112252265831114,0,0.11,0,0,0,0,0,0,0.11,0.11,0.11,0.11,1015152,0.11,"1",0.11,,181,291,249,227,D
"123802",,,,,,,,,,,,,,,,,,,,,,,,,,,,,"123802","24703646",PSCIS,"ROAD, DEMOGRAPHIC",ASSESSED,OBS,BRIDGE,PASSABLE,Highway 16,East Boulder Creek,"Bridge is in good condition, no passage or access concerns",2013/06/27,Boulder Creek East Bridge,,,,,,,"9","603280","6107704","360851705",2343,400.431358.140529,400.431358.140529.051002,BULK,Boulder Creek,,"0","124197;124198","2",,,,0.178301158403295,2.4618165927591,0.07,1.89,0,0,2.79443931969273,2.9,0,1.89,2.9,0,4.04072138049788,3.37,0,0,0,0,0,0,1.15636056871361,6.38538701449223,0.89,5.43,0,0,0,0,2.79,2.79,6.72,6.72,6.72,6.72,,,,,,,,,,
"124161",,,,,,,,,,,,,,,,,,,,,,,,,,,,,"124161","1801706",PSCIS,"ROAD, DEMOGRAPHIC",ASSESSED,OBS,PIPEARCH,PASSABLE,Schmid Road,Tributary to Corya Creek,"Crossing dry at assessment, passable if fish present - no action required",2013/08/07,unsigned,,,,,,,"9","605516","6100855","360467487",1409,400.431358.181726.071469,400.431358.181726.071469,BULK,,"1024742362;1001803307;1001803313;1001800126;1001800411","5","124164;124165","2",,,,0,0,0,0,0,0,0,1.85,0,0,1.85,0,0,0,0,0,0,0,0,0,0,1.85499999999994,0,0.19,0,0,0,0,0,0,1.85,1.85,1.85,1.85,,,,,,,,,,
"124162",,,,,,,,,,,,,,,,,,,,,,,,,,,,,"124162",,PSCIS,"ROAD, RESOURCE/OTHER",ASSESSED,OBS,BRIDGE,PASSABLE,Unamed,Corya Creek,"Old railcar bridge on private land, no concerns",2013/08/07,,,,,,,,"9","605091","6099887","360884284",3534,400.431358.181726,400.431358.181726.158193,BULK,Corya Creek,"197960","1",,,,,,1.85979456382141,6.00844239901734,1.86,6.01,0,0,8.27900735433144,8.28,0,8.28,8.28,0,9.14179149718422,9.14,0,0,0,0,0,0,4.6158996450993,10.6695047067249,4.62,10.67,0,0,0,0,8.28,8.28,11.55,11.55,11.55,11.55,,,,,,,,,,
"124164",,,,,,,,,,,,,,,,,,,,,,,,,,,,,"124164",,PSCIS,"ROAD, RESOURCE/OTHER",ASSESSED,CBS,ROUND,POTENTIAL,Unamed,Tributary to Corya Creek,No fish habitat present - no action required,2013/08/07,,,,,,,,"9","605275","6100971","360467487",1710,400.431358.181726.071469,400.431358.181726.071469,BULK,,"124165;1024742362;1001803307;1001803313;1001800126;1001800411","6",,,,,,0,0,0,0,0,0,0,1.55,0,0,1.55,0,0,0,0,0,0,0,0,0,0,1.55399999999991,0,1.55,0,0,0,0,0,0,1.55,1.55,1.55,1.55,671502,2.96,"7",0.422857142857143,,146,248,58,145,D
"124165",,,,,,,,,,,,,,,,,,,,,,,,,,,,,"124165","1801697",PSCIS,"ROAD, DEMOGRAPHIC",ASSESSED,CBS,ROUND,POTENTIAL,Schmid Road,Tributary to Corya Creek,No fish habitat present - no action required,2013/08/07,unsigned,,,,,,,"9","605344","6100893","360467487",1604,400.431358.181726.071469,400.431358.181726.071469,BULK,,"1024742362;1001803307;1001803313;1001800126;1001800411","5","124164","1",,,,0,0,0,0,0,0,0,1.66,0,0,0.11,0,0,0,0,0,0,0,0,0,0,1.65999999999996,0,0.11,0,0,0,0,0,0,1.66,0.11,1.66,0.11,671502,2.96,"7",0.422857142857143,,146,248,58,145,D
"124178",,,,,,,,,,,,,,,,,,,,,,,,,,,,,"124178","1800542",PSCIS,"ROAD, RESOURCE/OTHER",ASSESSED,CBS,ROUND,BARRIER,Unamed,Tributary to Bulkley River,"Excellent habitat, culvert washing out, landowner intends to replace with bridge - OBS if fish present",2013/08/09,,,,,,,,"9","639056","6042996","360658282",1216,400.431358.520929,400.431358.520929.084118,BULK,,"1001805481","1",,,,,,0,0,0,0,0,0,0,0.09,0,0,0.09,0,0,0,0,0,0,0,0,0,0,0.367224511212437,0,0.37,0,0,0,0,0,0,0.37,0.37,0.37,0.37,604352,1.5,"2",0.75,,114,91,105,92,D
"124188",,,,,,,,,,,,,,,,,,,,,,,,,,,,,"124188","1801687",PSCIS,"ROAD, RESOURCE/OTHER",ASSESSED,CBS,ROUND,BARRIER,Unnamed,Tributary to Corya Creek,"Culvert too small for peak flow, but likely not a barrier to fish at normal flows.",2013/08/14,,,,,,,,"9","605036","6098405","360772470",3010,400.431358.181726.099887,400.431358.181726.099887,BULK,,"1001805484;123775","2","123771","1",,,,0,0,0,0,0,0,0,1.24,0,0,0.74,0,0,0,0,0,0,0,0,0,0,0,0,0,0,0,0,0,0,0,1.24,0.74,1.24,0.74,1129703,1.33,"2",0.665,"[ ""1129702"" ]",117,154,93,123,D
"124190",,,,,,,,,,,,,,,,,,,,,,,,,,,,,"124190","1801703",PSCIS,"ROAD, RESOURCE/OTHER",ASSESSED,OBS,BRIDGE,PASSABLE,Unnamed,John Brown Creek,"Old bridge deck removed, abutments are rotting. No fish passage or access concerns.",2013/08/14,,,,,,,,"9","605203","6096707","360849615",2148,400.431358.197707,400.431358.197707.086636,BULK,John Brown Creek,"123770","1",,,,,,2.94556484145881,9.18760287531038,2.94556484145881,9.18760287531038,0,0,9.8766879597868,9.88,0,9.8766879597868,9.88,0,12.635553853681,12.635553853681,0,0,0,0,0,0,8.42668213050441,14.0078723462261,8.42668213050441,14.0078723462261,0,0,0,0,9.88,9.88,14.01,14.01,14.01,14.01,,,,,,,,,,
"124197",,,,,,,,,,,,,,,,,,,,,,,,,,,,,"124197","1801791",PSCIS,"ROAD, RESOURCE/OTHER",ASSESSED,CBS,ROUND,BARRIER,Unnamed,Tributary to Boulder Creek,"Culvert is blocked, and too small for channel - should be removed.",2013/08/15,,,,,,,,"9","598213","6108680","360796552",110,400.431358.140529.498788,400.431358.140529.498788,BULK,,,"0",,,,,,0,0,0,0,0,0,0,0,0,0,0,0,0,0,0,0,0,0,0,0,0,0.170000000000111,0,0.170000000000111,0,0,0,0,0,0,0.17,0.17,0.17,0.17,1145502,0.17,"1",0.17,,175,286,235,217,D
"124198",,,,,,,,,,,,,,,,,,,,,,,,,,,,,"124198",,PSCIS,"ROAD, RESOURCE/OTHER",ASSESSED,OTHER,FORD,BARRIER,Unnamed,Tributary to Boulder Creek,No fish habitat present - no action required,2013/08/15,,,,,,,,"9","598010","6108619","360851705",8414,400.431358.140529,400.431358.140529.506170,BULK,Boulder Creek,,"0",,,,,,0.103727467189739,0.569839151943002,0.1,0.57,0,0,0.902461878876628,0.9,0,0.9,0.9,0,0.671457412800873,0.67,0,0,0,0,0,0,0.26969625965962,0.790332033207232,0.27,0.79,0,0,0,0,0.9,0.9,1.12,1.12,1.12,1.12,1149452,1.12,"1",1.12,,87,72,131,99,D
"124220",,,,,,,,,,,,,,,,,,,,,,,,,,,,,"124220",,PSCIS,"ROAD, RESOURCE/OTHER",ASSESSED,OBS,BRIDGE,PASSABLE,Unnamed,Canyon Creek,No fish passage or access concerns - no action required,2013/08/17,,,,,,,,"9","641399","6073441","360873164",40382,400.431358.319200,400.431358.319200.807024,BULK,Canyon Creek,,"0","1001801548;124221","2",,,,0,0,0,0,0,0,0,2.34,0,0,2.34,0,0,0,0,0,0,0,0,0,0,1.70785156242988,0,0.11,0,0,0,0,0,0,2.34,2.34,2.34,2.34,,,,,,,,,,
"124221",,,,,,,,,,,,,,,,,,,,,,,,,,,,,"124221","1801426",PSCIS,"ROAD, RESOURCE/OTHER",ASSESSED,OTHER,FORD,BARRIER,Unnamed,Tributary to Canyon Creek,Pallets in stream at crossing as well as 50m downstream - creating barrier and should all be removed,2013/08/17,,,,,,,,"9","641376","6073547","360873164",40494,400.431358.319200,400.431358.319200.807024,BULK,Canyon Creek,,"0","1001801548","1",,,,0,0,0,0,0,0,0,2.23,0,0,2.04,0,0,0,0,0,0,0,0,0,0,1.59585156242982,0,1.4,0,0,0,0,0,0,2.23,2.04,2.23,2.04,1027002,2.23,"2",1.115,,88,73,81,70,D
"124225",,,,,,,,,,,,,,,,,,,,,,,,,,,,,"124225","1802180",PSCIS,"ROAD, RESOURCE/OTHER",ASSESSED,OBS,BRIDGE,PASSABLE,Unnamed,Kwun Creek,"New ATV bridge, old timbers are along toe of each streambank - no action required",2013/08/18,,,,,,,,"9","607248","6106635","360728970",459,400.431358.158442,400.431358.158442,BULK,Kwun Creek,,"0",,,,,,0,0,0,0,0,0,0.888654068797206,0.89,0,0.89,0.89,0,0,0,0,0,0,0,0,0,0,3.07244337683059,0,3.07,0,0,0,0,0.89,0.89,3.07,3.07,3.07,3.07,,,,,,,,,,
"124420",,Station Creek,Highway 16,Stream crossing - CBS,MOTI,,Confirmed barrier,Habitat confirmation,,,No,,High,Difficult,21000000,Medium,,,,,,Engage with barrier owner,2025/01/01,Hagwilget,CWF,Very important salmon stream historically for Hagwilget. Legacy barrier has resulted in major salmon declines in watershed,Several preliminary  designs completed but no political will to move this project forward from MOTI's side,https://www.newgraphenvironment.com/fish_passage_skeena_2021_reporting/station-creek---124420-124421-124422---appendix.html,"124420","1803403",PSCIS,"ROAD, DEMOGRAPHIC",HABITAT CONFIRMATION,CBS,ROUND,BARRIER,Highway 16,Station Creek,"Majority of culvert is ~3% however last 5 m steepens to 6-7%, appears to be because exposed section is bending from weight of water. Fill depth ~24m. Huge pool appears it would require a lot of material to backwater and build up. 10:30",2021/09/16,Hwy 16,,,,,,,"9","586632","6122395","360864873",1836,400.431358.007243,400.431358.007243.094722,BULK,Station Creek,,"0",,,,,,0,0,0,0,0,0,3.7080509525429,5.79,0,3.71,5.79,0,0,0,0,0,0,0,0,0,0,0.4117470971784,0,0.41,0,0,0,0,3.71,3.71,5.79,5.79,5.99,5.99,1030952,5.99,"1",5.99,,16,14,28,19,B
"124421",,Trib to Waterfall Creek,11th Avenue,Stream crossing - CBS,City of New Hazelton,,Confirmed barrier,Habitat confirmation,,,Unknown,,Medium,Moderate,400000,Medium,,,,,,Engage with partners,2025/01/01,CWF,"SFC/Hagwilget, Chicago Restoration Society","""low hanging fruit"" upstream of hgihway",Slow  moving almost wetland like stream. Deep glides throughout. Moderate to high stagnant water often smelling of sulfur. Lots of healthy riparian veeg. Apperas to have v. unstable flows.,https://www.newgraphenvironment.com/fish_passage_skeena_2021_reporting/station-creek---124420-124421-124422---appendix.html,"124421","1800036",PSCIS,"ROAD, DEMOGRAPHIC",HABITAT CONFIRMATION,CBS,ROUND,PASSABLE,11th Ave,Tributary to Waterfall Creek,Bent in middle from road weight. Inlet drop of 0.10 for both pipes. Slow steady flow almost wetland habitat above and below. Water is high. 12:54,2021/09/16,11th Ave,,,,,,,"9","589467","6123041","360584661",1072,400.431358.007243.243730.312593,400.431358.007243.243730.312593,BULK,,"124424;1001803294;124420","3",,,,,,0,0,0,0,0,0,0,0,0,0,0,0,0,0,0,0,0,0,0,0,0,0,0,0,0,0,0,0,0,0,0,0,0,0,,,,,,,,,,
"124422",,Tributary to Waterfall Creek,Highway 16 (10th Ave),Stream crossing - CBS,MOTI,,Confirmed barrier,Habitat confirmation,,,Yes,Other (see notes),Medium,Difficult,17000000,Low,,,,,,Engage with partners,2025/01/01,CWF,"SWCC/Hagwilget, Chicago Creek Restoration Society",100% backwatered and likely passable to most fish species and life stages,"Recommend leaving until end of life cycle, potentially move timeline up as part of larger subwatershed restoration campaign.",https://www.newgraphenvironment.com/fish_passage_skeena_2021_reporting/results-and-discussion.html,"124422","1800132",PSCIS,"ROAD, DEMOGRAPHIC",HABITAT CONFIRMATION,CBS,ROUND,BARRIER,Highway 16,Tributary to Waterfall Creek,"2 pipes. Both have water, left bank one is flowing.  Assessment comments indicate right bank pipe is backwatered 100% but changed to 25% based on photos and past PSCIS data and photos which also indicated not backwatered. Suspect blockage due to debris. Outlet water depth, fish sighted in outlet of right barrel. 13:42",2021/09/16,10th Ave,,,,,,,"9","589500","6123161","360584661",1200,400.431358.007243.243730.312593,400.431358.007243.243730.312593,BULK,,"124424;1001803294;124420","3",,,,,,0,0,0,0,0,0,0,0,0,0,0,0,0,0,0,0,0,0,0,0,0,0,0,0,0,0,0,0,0,0,0,0,0,0,,,,,,,,,,
"124424",,Trib to Waterfall Creek,Railway,Stream crossing - CBS,CN Rail,,Assessed structure that remains data deficient,Barrier assessment,,,Yes,Other (see notes),Medium,Difficult,1000000,Medium,,,,,,Barrier assessment (data deficient structures only),2025/01/01,CWF,"SFC/Hagwilget, Chicago Restoration Society",Last assessment completed 2013. Need to confirm whether crossing still backwatered.,Fully backwatered and unlikely to present barrier to most fish species and life stages,http://a100.gov.bc.ca/pub/pscismap/imageViewer.do?assessmentId=124604,"124424","1805487",PSCIS,RAIL,ASSESSED,CBS,ROUND,BARRIER,Railway,Tributary to Waterfall Creek,Inlet grate needs to be cleaned,2013/10/30,,None,,,,,,"9","589483","6122989","360584661",1017,400.431358.007243.243730.312593,400.431358.007243.243730.312593,BULK,,"1001803294;124420","2",,,,,,0,0,0,0,0,0,0,0,0,0,0,0,0,0,0,0,0,0,0,0,0,0,0,0,0,0,0,0,0,0,0,0,0,0,,,,,,,,,,
"124435",,,,,,,,,,,,,,,,,,,,,,,,,,,,,"124435","1803330",PSCIS,"ROAD, RESOURCE/OTHER",ASSESSED,OBS,BRIDGE,PASSABLE,Unnamed,Nine Mile Creek,"Passable, no concerns - no action required",2013/10/31,,,,,,,,"9","597362","6125776","360871727",1167,400.431358.058532,400.431358.058532,BULK,Nine Mile Creek,,"0",,,,,,0,0,0,0,0,0,2.06331471330368,2.06,0,2.06331471330368,2.06,0,0,0,0,0,0,0,0,0,0,0,0,0,0,0,0,0,2.06,2.06,2.06,2.06,2.06,2.06,,,,,,,,,,
"124465",,,,,,,,,,,,,,,,,,,,,,,,,,,,,"124465","1802136",PSCIS,"ROAD, RESOURCE/OTHER",ASSESSED,OBS,BRIDGE,PASSABLE,Corduroy Creek Road,Tributary to Corduroy Creek,"Passable, no concerns - no action required",2013/11/02,,,,,,,,"9","604449","6117595","360879468",454,400.431358.106238.254372,400.431358.106238.254372,BULK,,,"0","124466","1",,,,0,0,0,0,0,0,0.067878593595354,0.64,0,0.07,0.64,0,0,0,0,0,0,0,0,0,0,0.640490931250718,0,0.45,0,0,0,0,0.07,0.07,0.64,0.64,0.64,0.64,,,,,,,,,,
"124466",,,,,,,,,,,,,,,,,,,,,,,,,,,,,"124466","1803775",PSCIS,"ROAD, RESOURCE/OTHER",ASSESSED,CBS,ROUND,BARRIER,R10108-2,Tributary to Corduroy Creek,Replace with OBS,2013/11/02,,,,,,,,"9","604517","6117691","360630376",83,400.431358.106238.254372.094430,400.431358.106238.254372.094430,BULK,,,"0",,,,,,0,0,0,0,0,0,0,0.19,0,0,0.19,0,0,0,0,0,0,0,0,0,0,0.189490718205072,0,0.19,0,0,0,0,0,0,0.19,0.19,0.19,0.19,1153402,0.19,"1",0.19,,172,282,228,212,D
"124469",,,,,,,,,,,,,,,,,,,,,,,,,,,,,"124469","24703808",PSCIS,"ROAD, RESOURCE/OTHER",ASSESSED,OBS,BRIDGE,PASSABLE,Suskwa FSR,Mudflat Creek,"Passable, no concerns - no action required",2013/11/02,Suskwa FSR,,,,,,,"9","598926","6120044","360855611",116,400.431358.085514,400.431358.085514,BULK,Mudflat Creek,,"0",,,,,,0.369999999999977,0.369999999999977,0.37,0.37,0,0,1.53359333592307,1.53,0,1.53,1.53,0,1.95073987758493,1.66,0,0,0,0,0,0,0.369999999999977,0.369999999999977,0.37,0.37,0,0,0,0,1.53,1.53,1.53,1.53,1.53,1.53,,,,,,,,,,
"124470",,,,,,,,,,,,,,,,,,,,,,,,,,,,,"124470","1803345",PSCIS,"ROAD, RESOURCE/OTHER",ASSESSED,CBS,ROUND,BARRIER,Suskwa-Moricetown FSR,Tributary to Bulkley River,Passable if fish present - no action required,2013/11/02,Moricetown-Suskwa FSR,,,,,,,"9","602249","6120583","360370289",1765,400.431358.098906,400.431358.098906,BULK,,,"0",,,,,,0,0,0,0,0,0,0,0.97,0,0,0.97,0,0,0,0,0,0,0,0,0,0,0.967250858442542,0,0.97,0,0,0,0,0,0,0.97,0.97,0.97,0.97,1157352,0.97,"1",0.97,,99,82,140,113,D
"124474",,,,,,,,,,,,,,,,,,,,,,,,,,,,,"124474","24704540",PSCIS,"ROAD, RESOURCE/OTHER",ASSESSED,OBS,BRIDGE,PASSABLE,Suskwa-Moricetown FSR,Corduroy Creek,"Passable, no concerns - no action required",2013/11/02,Moricetown-Suskwa FSR,,,,,,,"9","603296","6117997","360804115",1831,400.431358.106238,400.431358.106238,BULK,Corduroy Creek,,"0","124466;195332","2",,,,1.15053001657604,1.18173302845345,1.15,1.18,0,0,3.58020344507324,8.11,0,2.45,8.11,0,1.15053001657604,1.15,0,0,0,0,0,0,1.15053001657604,2.2762239597041,1.15,2.09,0,0,0,0,3.58,3.58,8.11,8.11,8.11,8.11,,,,,,,,,,
"124476",,,,,,,,,,,,,,,,,,,,,,,,,,,,,"124476","24700230",PSCIS,"ROAD, RESOURCE/OTHER",ASSESSED,OBS,BRIDGE,PASSABLE,Suskwa-Moricetown FSR,Luno Creek,"Passable, no concerns - no action required",2013/11/02,Moricetown-Suskwa FSR,,,,,,,"9","603670","6113125","360843762",385,400.431358.125362,400.431358.125362,BULK,Luno Creek,,"0",,,,,,0,0,0,0,0,0,0,0,0,0,0,0,0,0,0,0,0,0,0,0,0,1.94199999999995,0,1.94,0,0,0,0,0,0,1.94,1.94,1.94,1.94,,,,,,,,,,
"124487",,Porphyry Creek,Highway 16,Stream crossing - CBS,MOTI,,Confirmed barrier,Engineering design,,,No,,Medium,Moderate,2000000,Medium,,,,,,Rehabilitation,2026/01/01,MOTI,,Complete barrier to fish passage,Scheduled for replacement by MOTI in next 2-3 years,https://www.newgraphenvironment.com/fish_passage_bulkley_2020_reporting/appendix---124487---porphyryr-creek.html,"124487","1800383",PSCIS,"ROAD, DEMOGRAPHIC",HABITAT CONFIRMATION,CBS,ROUND,BARRIER,Highway 16,Porphyryr Creek,Unpassable to all life stages and species. Fill depth is approximately 35m. Salomid (50cm) observed trying to ascend to outlet of main pipe.,2020/08/25,Hwy 16,,,,,,,"9","603073","6113379","360874977",188,400.431358.123856,400.431358.123856,BULK,Porphyry Creek,,"0",,,,,,0.00153671988453063,1.89553624507518,0.00153671988453063,1.89553624507518,0,0,4.99334970327489,4.99,0,4.99334970327489,4.99,0,2.81057448652147,2.81057448652147,0,0,0,0,0,0,0.346536719884488,2.61421276394866,0.346536719884488,2.61421276394866,0,0,0,0,4.99,4.99,5.71,5.71,5.71,5.71,1034902,5.71,"1",5.71,,17,15,31,21,C
"124494",,,,,,,,,,,,,,,,,,,,,,,,,,,,,"124494","1804229",PSCIS,"ROAD, RESOURCE/OTHER",ASSESSED,CBS,ROUND,BARRIER,Telkwa River Road,Tributary to Telkwa River,"Culvert is plugged, should be cleared",2013/11/10,Telkwa River Road FSR,,,,,,,"9","607261","6053135","360734295",432,400.431358.415251.357160,400.431358.415251.357160,BULK,,,"0","195236","1",,,,0,0,0,0,0,0,0,0.19,0,0,0.19,0,0,0,0,0,0,0,0,0,0,0.587099819149351,0,0.33,0,0,0,0,0,0,0.7,0.44,0.7,0.44,1161302,0.44,"1",0.44,,144,245,158,166,D
"124495",,,,,,,,,,,,,,,,,,,,,,,,,,,,,"124495","24703766",PSCIS,"ROAD, RESOURCE/OTHER",ASSESSED,OBS,BRIDGE,PASSABLE,Telkwa River Road,Winfield Creek,"Passable, no concerns - no action required",2013/11/10,Telkwa River Road FSR,,,,,,,"9","598114","6053376","360863691",1629,400.431358.415251.528811,400.431358.415251.528811,BULK,Winfield Creek,,"0",,,,,,0.306909359470434,1.65866424553491,0.31,1.66,0,0,1.88898275607239,1.89,0,1.89,1.89,0,8.16092356467327,8.16,0,0,0,0,0,0,0.645992187042692,9.07410895488245,0.65,9.07,0,0,0,0,1.89,1.89,9.07,9.07,9.07,9.07,,,,,,,,,,
"124497",,,,,,,,,,,,,,,,,,,,,,,,,,,,,"124497","24703778",PSCIS,"ROAD, RESOURCE/OTHER",ASSESSED,OBS,BRIDGE,PASSABLE,Telkwa River Road,Telkwa River,"Passable, no concerns - no action required",2013/11/11,Telkwa River Road FSR,,,,,,,"9","614289","6056564","360884191",16378,400.431358.415251,400.431358.415251.221439,BULK,Telkwa River,,"0","1001800423;1001800853;1001800865;1001800867;1001801050;1001801051;1001801256;1001801912;1001801963;1001801976;1001801982;1001802982;1001802993;1001802994;1001803005;1001803025;1001803036;1001803040;1001803041;1001803054;1001803380;1001803387;1001803987;1001804210;1001804905;1001805079;1001805101;1001805706;1001805718;1001806012;1001806033;1001806073;1024756616;1024756617;123527;123682;124494;195236;195541","39",,,,113.943688783594,149.269840983511,110.12,137.23,0,0,164.590820032609,208.15,0,151.5,208.15,0,163.406075911888,152.33,0,0,0,0,0,0,131.104666303057,242.802577583889,123.47,210.11,0,0,0,0,164.59,164.59,262.22,262.22,264.05,264.05,,,,,,,,,,
"124500",,Helps Creek,Lawson Road,Stream crossing - CBS,MOTI,,Confirmed barrier,Habitat confirmation,,,Yes,Proportion of individuals,Medium,Moderate,500000,High,,,,,,Commission engineering designs,2024/01/01,MOTI,"CWF, OW",Relatively easy fix for a MOTI road,"Preliminary designs complete, require internal review by MOTI to finalize. Passable to most adult fish but may be a low flow barrier. Passability for juvenile fish unknown.",https://www.newgraphenvironment.com/fish_passage_bulkley_2020_reporting/appendix---124500---helps-creek.html ,"124500","1800175",PSCIS,"ROAD, DEMOGRAPHIC",HABITAT CONFIRMATION,CBS,ROUND,BARRIER,Lawson Road,Helps Creek,Wetland type habitat upstream with stream channel containing abundant gravels downstream.,2020/08/31,Lawson Rd,,,,,,,"9","627541","6058702","360886557",976,400.431358.430066,400.431358.430066,BULK,Helps Creek,,"0","123511;123512;123514;123515;123647","5",,,,0,0.838678624323482,0,0.84,0,0,0.838678624323482,9.97,0,0.84,7.94,0,0,0,0,0,0,0,0,0,0,11.778010103504,0,8.1,0,0,0,0,0.84,0.84,13.66,9.98,13.66,9.98,1042802,9.98,"1",9.98,,9,9,12,9,A
"124501",,Tributary to Bulkley River,Lawson Road,Stream crossing - CBS,MOTI,,Confirmed barrier,Habitat confirmation,,,Yes,Other (see notes),High,Moderate,500000,,,,,,,Leave until end of lifecycle,2025/01/01,CWF,,Scores as barrier but expected to be passable to most fish species and life stages at most flows. Recommend leaving to end of life cycle.,,https://www.newgraphenvironment.com/fish_passage_bulkley_2020_reporting/appendix---197667-124501---moan-creek.html,"124501","1802796",PSCIS,"ROAD, DEMOGRAPHIC",HABITAT CONFIRMATION,CBS,ROUND,BARRIER,Lawson Road,Moan Creek,Fully embedded and baffled culvert.  Likely passable for all salmonid adults.,2020/08/31,Lawson Rd,,,,,,,"9","630668","6055705","360884501",538,400.431358.450642,400.431358.450642,BULK,,"197667","1",,,,,,0,0,0,0,0,0,0.652999999999982,0,0,0.65,0,0,0,0,0,0,0,0,0,0,0,0.772999973180977,0,0.77,0,0,0,0,0.65,0.65,0.77,0.77,0.77,0.77,1240302,1.24,"2",0.62,,123,100,119,109,D
"124504",,Coffin Creek,Lawson Road,Stream crossing - CBS,MOTI,,Assessed structure that remains data deficient,Habitat confirmation,,,Yes,Other (see notes),High,,,,,,,,,In-depth passage assessment (data deficient structures only),2025/01/01,CWF,SFC/OW/SERNBC,Scores as barrier but likely passable to most fish species and life stages. Monitor to determine any fish passage issues.,,https://www.newgraphenvironment.com/fish_passage_bulkley_2020_reporting/appendix---197668-124504---coffin-creek.html#,"124504","1803401",PSCIS,"ROAD, DEMOGRAPHIC",HABITAT CONFIRMATION,CBS,ROUND,BARRIER,Lawson Road,Coffin Creek,Partially embedded with several large boulders (30 - 50cm) in culvert.  No outlet drop at the time of survey but there may be at lowest flow levels.,2020/08/31,Lawson Rd,,,,,,,"9","634330","6054584","360884015",334,400.431358.464077,400.431358.464077,BULK,Coffin Creek,"197668","1","195476;1f365462-063c-491e-9fb3-bfac004d9183","2",,,,0,4.77140877903579,0,2.15,0,0,5.66643956554854,13.2,0,2.15,2.15,0,0,0,0,0,0,0,0,0,0,12.0789620868271,0,2.15,0,0,0,0,5.67,2.16,16.02,2.15,16.02,2.15,1244252,16.04,"4",4.01,,25,23,7,12,B
"124508",,,,,,,,,,,,,,,,,,,,,,,,,,,,,"124508","1800101",PSCIS,"ROAD, DEMOGRAPHIC",ASSESSED,OBS,BRIDGE,PASSABLE,Farewell Creek Road,Deep Creek,"Passable, no concerns - no action required",2013/11/11,Farewell Creek Rd,,,,,,,"9","639795","6051559","360880400",1576,400.431358.485911,400.431358.485911,BULK,Deep Creek,,"0","1001801403;1001802445;195288;195290","4",,,,5.32657169379377,8.53523879376777,5.33,8.54,0,0,10.6639339025172,24.09,0,10.66,24.09,0,9.84489503068322,9.84,0,0,0,0,0,0,7.46842427413525,15.5432341656222,7.47,10.79,0,0,0,0,10.66,10.66,26.72,26.72,26.72,26.72,,,,,,,,,,
"124509",,,,,,,,,,,,,,,,,,,,,,,,,,,,,"124509","1800277",PSCIS,"ROAD, DEMOGRAPHIC",ASSESSED,CBS,ROUND,PASSABLE,Woodmere Road,Vanderven Creek,"Passable, no concerns - no action required",2013/11/20,Robin Creek Rd,,,,,,,"9","636929","6059532","360845740",1618,400.431358.478149.392435,400.431358.478149.392435.112583,BULK,Vanderven Creek,"1001800670;1001801328;123426","3","124510;195954","2",,,,0,0,0,0,0,0,0,0.12,0,0,0.12,0,0,0,0,0,0,0,0,0,0,4.30774524775901,0,3.09,0,0,0,0,0,0,4.31,4.31,4.31,4.31,,,,,,,,,,
"124510",,,,,,,,,,,,,,,,,,,,,,,,,,,,,"124510","1803727",PSCIS,"ROAD, RESOURCE/OTHER",ASSESSED,CBS,ROUND,BARRIER,Deception Lake FSR,Vanderven Creek,"Passable, no concerns - no action required",2013/11/20,Deception Lake FSR,,,,,,,"9","637138","6063401","360845740",5756,400.431358.478149.392435,400.431358.478149.392435.425594,BULK,Vanderven Creek,"195954;1001800670;1001801328;123426","4",,,,,,0,0,0,0,0,0,0,0,0,0,0,0,0,0,0,0,0,0,0,0,0,0.169746719934108,0,0.17,0,0,0,0,0,0,0.17,0.17,0.17,0.17,304154,0.17,"1",0.17,"[ ""304152"", ""304153"", ""1200802"" ]",175,386,236,267,D
"195236",,,,,,,,,,,,,,,,,,,,,,,,,,,,,"195236","1804502",PSCIS,"ROAD, RESOURCE/OTHER",ASSESSED,CBS,ROUND,BARRIER,R09521 116,Tributary to Telkwa River,"CV is a barrier, replace with OBS",2014/09/12,,,,,,,,"9","607127","6053415","360734295",934,400.431358.415251.357160,400.431358.415251.357160,BULK,,"124494","1",,,,,,0,0,0,0,0,0,0,0,0,0,0,0,0,0,0,0,0,0,0,0,0,0.259,0,0.26,0,0,0,0,0,0,0.26,0.26,0.26,0.26,1161303,0.26,"1",0.26,"[ ""1161302"" ]",162,322,213,224,D
"195249",,,,,,,,,,,,,,,,,,,,,,,,,,,,,"195249","24703745",PSCIS,"ROAD, RESOURCE/OTHER",ASSESSED,OBS,BRIDGE,PASSABLE,Unnamed,Canyon Creek,"Passable if fish present, no concerns",2014/10/25,Deep Creek FSR,,,,,,,"9","640607","6069646","360873164",35318,400.431358.319200,400.431358.319200.692704,BULK,Canyon Creek,,"0","1001801548;124221","2",,,,1.2749278527486,1.61940210843216,1.27,1.62,0,0,6.15179634186474,9.02,0,6.15,9.02,0,1.61940210843216,1.62,0,0,0,0,0,0,1.61940210843216,9.36562958912871,1.62,7.77,0,0,0,0,6.15,6.15,10,10,10,10,,,,,,,,,,
"195270",,,,,,,,,,,,,,,,,,,,,,,,,,,,,"195270","1805331",PSCIS,"ROAD, RESOURCE/OTHER",ASSESSED,OBS,BRIDGE,PASSABLE,9050 02,Deep Creek,"Passable if fish present, no concerns",2014/10/27,Deep Creek FSR,,,,,,,"9","646968","6056921","360880400",12247,400.431358.485911,400.431358.485911.552971,BULK,Deep Creek,,"0",,,,,,0,0,0,0,0,0,1.90283294116351,8.03,0,1.9,8.03,0,0,0,0,0,0,0,0,0,0,0,0,0,0,0,0,0,1.9,1.9,8.03,8.03,8.03,8.03,,,,,,,,,,
"195288",,Gibson Creek,Schnider Road,Stream crossing - CBS,MOTI,,Confirmed barrier,Habitat confirmation,,,,,Medium,Moderate,500000,Medium,,,,,,Engage with barrier owner,2028/01/01,CWF,,Considered important migration corridor with moderate juvenile rearing potential,,https://www.newgraphenvironment.com/fish_passage_bulkley_2020_reporting/appendix---195290-195288---gibson-creek.html,"195288","1800098",PSCIS,"ROAD, DEMOGRAPHIC",HABITAT CONFIRMATION,CBS,ROUND,BARRIER,Schnider Road,Gibson Creek,Wetland type habitat upstream and downstream.  Drone flight conducted upstream to map immediate area upstream.,2020/09/04,Snider Rd,,,,,,,"9","640930","6051567","360820934",1235,400.431358.485911.075489,400.431358.485911.075489.075081,BULK,Gibson Creek,"195290","1","1001802445","1",,,,0,0,0,0,0,0,0,3.04,0,0,3.04,0,0,0,0,0,0,0,0,0,0,3.46415866101825,0,2.26,0,0,0,0,0,0,4.48,3.28,4.48,3.28,1058602,4.52,"2",2.26,,50,41,30,30,C
"195289",,,,,,,,,,,,,,,,,,,,,,,,,,,,,"195289","1800100",PSCIS,"ROAD, DEMOGRAPHIC",ASSESSED,CBS,OVAL,PASSABLE,Highway 16,Deep Creek,No habitat confirmation in 2020. Culvert is now embedded where as it was not in 2014 surveys.  Passable structure with no issues.,2020/09/04,Hwy 16 E,,,,,,,"9","639862","6051752","360880400",1796,400.431358.485911,400.431358.485911.075489,BULK,Deep Creek,,"0","1001801403","1",,,,5.10657277262932,8.31523987260331,5.11,8.32,0,0,10.4439349813527,19.38,0,10.44,19.38,0,9.62489610951876,9.62,0,0,0,0,0,0,7.2484253529708,11.0330841675605,7.25,10.37,0,0,0,0,10.44,10.44,20.58,20.58,20.58,20.58,,,,,,,,,,
"195290",,Gibson Creek,Highway 16,Stream crossing - CBS,MOTI,,Confirmed barrier,Habitat confirmation,,,No,,Medium,Difficult,1000000,Medium,,,,,,Engage with barrier owner,2028/01/01,CWF,,"Likely a full barrier to passage. Good habitat upstream, Coho captured downstream but not upstream.",,https://www.newgraphenvironment.com/fish_passage_bulkley_2020_reporting/appendix---195290-195288---gibson-creek.html,"195290","1800099",PSCIS,"ROAD, DEMOGRAPHIC",HABITAT CONFIRMATION,CBS,ROUND,BARRIER,Highway 16,Gibson Creek,Flows into Deep Creek downstream.  Electrofished upstream and downstream.  Wetland type habitat upstream with CO captured below only.  Candidate for backwatering?,2020/09/04,Hwy 16 E,,,,,,,"9","640022","6051682","360820934",198,400.431358.485911.075489,400.431358.485911.075489,BULK,Gibson Creek,,"0","1001802445;195288","2",,,,0,0,0,0,0,0,0,4.29,0,0,1.25,0,0,0,0,0,0,0,0,0,0,4.09215107689725,0,0.63,0,0,0,0,0,0,5.72,1.24,5.72,1.24,1058602,4.52,"2",2.26,,50,41,30,30,C
"195293",,,,,,,,,,,,,,,,,,,,,,,,,,,,,"195293","1802818",PSCIS,"ROAD, DEMOGRAPHIC",ASSESSED,OBS,BRIDGE,PASSABLE,Wakefield Road,Deep Creek,"Passable if fish present, no concerns",2014/11/06,Wakefield Rd,,,,,,,"9","640778","6053437","360880400",3914,400.431358.485911,400.431358.485911.155397,BULK,Deep Creek,,"0",,,,,,3.18942979656869,6.19723941599497,3.19,6.2,0,0,8.32593452474438,15.75,0,8.33,15.75,0,7.50689565291042,7.51,0,0,0,0,0,0,5.13042489636245,7.39960882084091,5.13,7.4,0,0,0,0,8.33,8.33,16.95,16.95,16.95,16.95,,,,,,,,,,
"195295",,,,,,,,,,,,,,,,,,,,,,,,,,,,,"195295","24704499",PSCIS,"ROAD, DEMOGRAPHIC",ASSESSED,OBS,BRIDGE,PASSABLE,Unnamed,Bulkley River,"Passable if fish present, no concerns",2014/11/06,Quick Station Rd,,,,,,,"9","635595","6054342","360873822",131782,"400.431358",400.431358.464077,BULK,Bulkley River,,"0","1001800031;1001800032;1001800033;1001800034;1001800041;1001800057;1001800120;1001800182;1001800186;1001800190;1001800192;1001800217;1001800222;1001800224;1001800225;1001800226;1001800235;1001800248;1001800263;1001800358;1001800361;1001800403;1001800428;1001800446;1001800502;1001800560;1001800587;1001800621;1001800635;1001800670;1001800752;1001800807;1001800994;1001801055;1001801076;1001801082;1001801093;1001801115;1001801123;1001801141;1001801157;1001801185;1001801187;1001801270;1001801323;1001801328;1001801336;1001801373;1001801380;1001801382;1001801403;1001801906;1001801950;1001802001;1001802007;1001802013;1001802016;1001802029;1001802030;1001802031;1001802032;1001802043;1001802239;1001802242;1001802264;1001802267;1001802402;1001802445;1001802519;1001802623;1001802639;1001802655;1001802657;1001802690;1001802816;1001802819;1001802832;1001803408;1001803628;1001803652;1001803657;1001803694;1001803895;1001803928;1001804075;1001804112;1001804120;1001804130;1001804282;1001804289;1001804364;1001804409;1001804863;1001804955;1001805032;1001805034;1001805190;1001805421;1001805474;1001805480;1001805481;1001805508;1001805535;1001805539;1001805558;1001805559;1001805561;1001805562;1001805563;1001805564;1001805586;1001805591;1001805596;1001805794;1001806279;1001806282;1014000004;1014000008;1014000009;1014000011;1014000012;1014000015;1014000038;1014000040;1014000053;1014000065;1014000072;1014000073;1014000074;1014000080;1014000081;1014000082;1014000083;1014000084;1014000161;1014000182;1014000191;1014000207;1014000230;1014000236;1014000237;1014000241;1014000249;1014000255;1014000271;1014000284;1014000289;1014000292;1014000293;1014000306;1014000385;1014000397;1014000420;1014000422;1014000479;1014000543;1014000646;1014000649;1014000663;1014000671;1014000717;1014000735;1014000739;1014000768;1014000774;1014000789;1014000813;1014000819;1014000822;1014000864;1014000870;1014000895;1014000910;1014000948;1014001010;1014001025;1014001028;1014001038;1014001088;1014001089;1014001097;1014001098;1014001104;1014001130;1014001132;1014001143;1014001157;1014001160;1014001191;1014001195;1014001198;1014001201;1014001216;1014001218;1014001220;1014001221;1014001228;1014001245;1014001247;1014001260;1014001291;1014001315;1014001345;1014001359;1014001378;1014001395;1014001412;1014001444;1014001474;1014001539;1014001576;1014001652;1014001654;1014001680;1014001700;1014001797;1024748044;1024748047;1024750701;1024752831;123345;123375;123377;123380;123382;123388;123389;123391;123392;123393;123410;123416;123418;123419;123426;123429;124178;124510;195288;195290;195934;195935;195943;195944;195954;195956;195963;197360;197362;197365;197368;197370;197378;197379;197640;197646;197653;197655;197656;197658;197662;197663;197664;197669;197907;197909;197924;197926;197934;197951;197954;197965;197967;197974;197975;197976;197989;198000;198003;198020;198022;198036;198038;198048;198049;198056;198057;198060;198062;198064;198065;198066;198067;198069;198071;198081;198082;198086;198934;198935;198936;198937;198939;198940;198941;198942;199448;199450;199452;199455;199459;3054;3066;3086;3091;3138;3139;57786;57793;57800;57801;6f9b07a8-166c-4a7a-aeb6-e676d0dcc5f6;8a5e5281-5b5e-423d-8c66-c1816e9e32b4","323",,,,878.886313848157,1172.91978655298,852.83,1102.92,0,0,1368.31396159961,1981.95,0,1252.33,1981.95,0,1301.1994534886,1220.72,114.647525545268,724.56,0,113.94,724.56,0,992.355317746494,1834.11690212434,963.76,1514.57,0,0,0,0,1411.26,1411.26,2885.39,2885.39,2930.38,2930.38,,,,,,,,,,
"195332",,,,,,,,,,,,,,,,,,,,,,,,,,,,,"195332","1800647",PSCIS,"ROAD, RESOURCE/OTHER",ASSESSED,OTHER,FORD,BARRIER,Unnamed,Tributary to Bulkley River,"Road flagged, will require OBS",2014/09/30,,,,,,,,"9","604923","6116233","360804115",5059,400.431358.106238,400.431358.106238.364069,BULK,Corduroy Creek,,"0",,,,,,0,0,0,0,0,0,1.12631854287815,1.13,0,1.13,1.13,0,0,0,0,0,0,0,0,0,0,0,0,0,0,0,0,0,1.13,1.13,1.13,1.13,1.13,1.13,1165252,1.13,"1",1.13,,86,71,129,96,D
"195367",,,,,,,,,,,,,,,,,,,,,,,,,,,,,"195367","1805771",PSCIS,"ROAD, RESOURCE/OTHER",ASSESSED,OBS,BRIDGE,PASSABLE,R09521 103,Tributary to Telkwa River,"Passable if fish present, no action required",2014/10/03,,,,,,,,"9","611923","6052200","360855831",3597,400.431358.415251.319399,400.431358.415251.319399.253618,BULK,,,"0",,,,,,0,0,0,0,0,0,0,0,0,0,0,0,0,0,0,0,0,0,0,0,0,4.05803095285033,0,4.06,0,0,0,0,0,0,4.06,4.06,4.06,4.06,,,,,,,,,,
"195373",,,,,,,,,,,,,,,,,,,,,,,,,,,,,"195373","1805072",PSCIS,"ROAD, RESOURCE/OTHER",ASSESSED,OBS,BRIDGE,PASSABLE,R09521 1018-2,Tributary to Telkwa River,"Passable if fish present, no action required",2014/10/04,Caribou 43 FSR,,,,,,,"9","599764","6051344","360840986",976,400.431358.415251.495624,400.431358.415251.495624,BULK,,,"0",,,,,,0,0,0,0,0,0,0,0,0,0,0,0,0,0,0,0,0,0,0,0,0,0.68207612587571,0,0.68207612587571,0,0,0,0,0,0,0.68,0.68,0.68,0.68,,,,,,,,,,
"195380",,,,,,,,,,,,,,,,,,,,,,,,,,,,,"195380","1805933",PSCIS,"ROAD, RESOURCE/OTHER",ASSESSED,CBS,ROUND,BARRIER,R09521 710,Tributary to Pine Creek,Culvert out of line with natural channel - replace,2014/09/21,,,,,,,,"9","609052","6063342","360780327",3680,400.431358.415251.212542.259463,400.431358.415251.212542.259463.605158,BULK,,"1001805088","1",,,,,,0,0,0,0,0,0,0,0,0,0,0,0,0,0,0,0,0,0,0,0,0,0.972684311872324,0,0.972684311872324,0,0,0,0,0,0,0.97,0.97,0.97,0.97,576702,1.55,"2",0.775,,112,90,102,90,D
"195387",,,,,,,,,,,,,,,,,,,,,,,,,,,,,"195387","1806248",PSCIS,"ROAD, RESOURCE/OTHER",ASSESSED,OBS,BRIDGE,PASSABLE,R09521 710,Tributary to Pine Creek,"Passable if fish present, no action required",2014/09/22,,,,,,,,"9","610339","6061744","360739646",2522,400.431358.415251.212542.225277,400.431358.415251.212542.225277.257379,BULK,,,"0",,,,,,0,0,0,0,0,0,0,0,0,0,0,0,0,0,0,0,0,0,0,0,0,2.62673837549659,0,2.63,0,0,0,0,0,0,2.63,2.63,2.63,2.63,,,,,,,,,,
"195413",,,,,,,,,,,,,,,,,,,,,,,,,,,,,"195413","1805252",PSCIS,"ROAD, RESOURCE/OTHER",ASSESSED,OTHER,FORD,PASSABLE,R09521 710-6,Tributary to Pine Creek,"Passable if fish present, no action required",2014/09/25,,,,,,,,"9","610356","6062647","360780327",2128,400.431358.415251.212542.259463,400.431358.415251.212542.259463,BULK,,,"0","1001805088;195380","2",,,,0,0,0,0,0,0,0,0,0,0,0,0,0,0,0,0,0,0,0,0,0,2.59773073058365,0,1.05,0,0,0,0,0,0,2.6,2.6,2.6,2.6,,,,,,,,,,
"195424",,,,,,,,,,,,,,,,,,,,,,,,,,,,,"195424","1804410",PSCIS,"ROAD, RESOURCE/OTHER",ASSESSED,CBS,ROUND,BARRIER,R09521 120-3,Trib to Goathorn Creek,Replace with a properly embedded CV,2014/10/08,,,,,,,,"9","618266","6051810","360510534",2863,400.431358.415251.107412.392550,400.431358.415251.107412.392550,BULK,,"195451;1001801265;1001803049","3",,,,,,0,0,0,0,0,0,0,0,0,0,0,0,0,0,0,0,0,0,0,0,0,0.66365664228665,0,0.66,0,0,0,0,0,0,0.66,0.66,0.66,0.66,1169202,2.37,"4",0.5925,,126,101,75,84,D
"195448",,,,,,,,,,,,,,,,,,,,,,,,,,,,,"195448","24703754",PSCIS,"ROAD, RESOURCE/OTHER",ASSESSED,OBS,BRIDGE,PASSABLE,R09521 118,Telkwa River,"Passable if fish present, no concerns",2014/10/19,Caribou 42 FSR,,,,,,,"9","605416","6052399","360884191",28142,400.431358.415251,400.431358.415251.382286,BULK,Telkwa River,,"0","1001800423;1001801050;1001801051;1001801256;1001801912;1001801963;1001801976;1001801982;1001802982;1001802993;1001802994;1001803005;1001803025;1001803054;1001803380;1001803387;1001803987;1001804210;1001804905;1001805079;1001805101;1001805706;1001805718;1001806012;1001806033;1001806073;1024756616;1024756617;123527;123682;195541","31",,,,66.9094522197459,82.1678217587145,63.46,70.49,0,0,92.7103007855845,120.12,0,79.99,120.12,0,91.9981085333413,81.29,0,0,0,0,0,0,73.8043650990743,142.033316868246,66.53,118.12,0,0,0,0,92.71,92.71,150.69,150.69,152.52,152.52,,,,,,,,,,
"195451",,,,,,,,,,,,,,,,,,,,,,,,,,,,,"195451","1803739",PSCIS,"ROAD, RESOURCE/OTHER",ASSESSED,CBS,ROUND,BARRIER,R09521 120-2,Tributary to Tenas Creek,"Passable if fish present, no concerns",2014/10/20,,,,,,,,"9","618008","6052527","360510534",1990,400.431358.415251.107412.392550,400.431358.415251.107412.392550,BULK,,"1001801265;1001803049","2","195424","1",,,,0,0,0,0,0,0,0,0.87,0,0,0.87,0,0,0,0,0,0,0,0,0,0,1.53665664228667,0,0.87,0,0,0,0,0,0,1.54,0.88,1.54,0.88,1169202,2.37,"4",0.5925,,126,101,75,84,D
"195463",,,,,,,,,,,,,,,,,,,,,,,,,,,,,"195463","1801310",PSCIS,"ROAD, RESOURCE/OTHER",ASSESSED,OTHER,FORD,PASSABLE,Unnamed,Tributary to Bulkley River,"Passable if fish present, no concerns",2014/10/22,,,,,,,,"9","626520","6054339","360886557",7916,400.431358.430066,400.431358.430066.524304,BULK,Helps Creek,"124500","1",,,,,,0,0,0,0,0,0,0,0,0,0,0,0,0,0,0,0,0,0,0,0,0,0.0999990995075051,0,0.1,0,0,0,0,0,0,0.1,0.1,0.1,0.1,,,,,,,,,,
"195465",,,,,,,,,,,,,,,,,,,,,,,,,,,,,"195465","1802450",PSCIS,"ROAD, RESOURCE/OTHER",ASSESSED,OTHER,FORD,PASSABLE,Unnamed,Tributary to Bulkley River,"Passable if fish present, no concerns",2014/10/22,,,,,,,,"9","626376","6055332","360886557",6814,400.431358.430066,400.431358.430066.282500,BULK,Helps Creek,"124500","1",,,,,,0,0,0,0,0,0,0,0,0,0,0,0,0,0,0,0,0,0,0,0,0,1.2020003034025,0,1.2,0,0,0,0,0,0,1.2,1.2,1.2,1.2,,,,,,,,,,
"195476",,,,,,,,,,,,,,,,,,,,,,,,,,,,,"195476","1800968",PSCIS,"ROAD, RESOURCE/OTHER",ASSESSED,OTHER,FORD,POTENTIAL,Unnamed,Coffin Creek,Restore - blockage at outlet needs to be removed,2014/10/23,,,,,,,,"9","634279","6052600","360884015",2487,400.431358.464077,400.431358.464077,BULK,Coffin Creek,"124504;197668","2",1f365462-063c-491e-9fb3-bfac004d9183,"1",,,,0,2.61840877903568,0,2.62,0,0,3.51343956554843,11.05,0,2.62,2.83,0,0,0,0,0,0,0,0,0,0,9.92596208682702,0,2.62,0,0,0,0,3.51,2.61,13.87,2.83,13.87,2.83,1244252,16.04,"4",4.01,,25,23,7,12,B
"195486",,,,,,,,,,,,,,,,,,,,,,,,,,,,,"195486","1803372",PSCIS,"ROAD, RESOURCE/OTHER",ASSESSED,OTHER,FORD,PASSABLE,R09521 710-E,Tributary to Pine Creek,"Passable if fish present, no action required",2014/09/26,,,,,,,,"9","609526","6063171","360780327",3143,400.431358.415251.212542.259463,400.431358.415251.212542.259463.534890,BULK,,,"0","1001805088;195380","2",,,,0,0,0,0,0,0,0,0,0,0,0,0,0,0,0,0,0,0,0,0,0,1.58273021138876,0,0.03,0,0,0,0,0,0,1.58,1.58,1.58,1.58,,,,,,,,,,
"195497",,,,,,,,,,,,,,,,,,,,,,,,,,,,,"195497","1805291",PSCIS,"ROAD, RESOURCE/OTHER",ASSESSED,CBS,ROUND,BARRIER,R11232 1,Tributary to Burbridge Creek,Replace with embedded CV if fish present,2014/09/28,,,,,,,,"9","640744","6065733","360852531",562,400.431358.319200.625952.553626,400.431358.319200.625952.553626,BULK,,,"0",,,,,,0,0,0,0,0,0,0,0.44,0,0,0.44,0,0,0,0,0,0,0,0,0,0,0,0,0,0,0,0,0,0,0,0.44,0.44,0.44,0.44,1074402,0.44,"1",0.44,,144,244,189,176,D
"195498",,Trib to Burbridge Creek,Canyon Creek FSR,Stream crossing - CBS,FLNRO,,Excluded structure,Barrier assessment,Passable,Field assessment,,,Medium,,,,,,,,,,,,,,"Partially embedded, no passage issues observed. ",,"195498","1805345",PSCIS,"ROAD, RESOURCE/OTHER",ASSESSED,CBS,OVAL,POTENTIAL,Canyon Creek FSR,Trib to Burbridge Creek,"Beautiful stream, substrate is made up of cobbles, gravels and small boulders. Large woody debris gives shelter and complexity to the habitat. No recommended fix",2024/10/04,Deep Creek FSR,,,,,,,"9","641811","6065608","360854242",6801,400.431358.319200.625952,400.431358.319200.625952.677548,BULK,Burbridge Creek,,"0",,,,,,0,0,0,0,0,0,0,0,0,0,0,0,0,0,0,0,0,0,0,0,0,1.1563736198425,0,1.16,0,0,0,0,0,0,1.16,1.16,1.16,1.16,,,,,,,,,,
"195502",,,,,,,,,,,,,,,,,,,,,,,,,,,,,"195502","1802342",PSCIS,"ROAD, RESOURCE/OTHER",ASSESSED,OTHER,FORD,PASSABLE,Unnamed,Tributary to Burbridge Creek,"Passable if fish present, no action required",2014/09/28,,,,,,,,"9","640804","6067682","360854242",3737,400.431358.319200.625952,400.431358.319200.625952.366856,BULK,Burbridge Creek,,"0","195497;195498","2",,,,0,0,0,0,0,0,0,4.14,0,0,4.14,0,0,0,0,0,0,0,0,0,0,2.64402073568507,0,1.49,0,0,0,0,0,0,5.3,5.3,5.3,5.3,,,,,,,,,,
"195512",,,,,,,,,,,,,,,,,,,,,,,,,,,,,"195512","1803021",PSCIS,"ROAD, RESOURCE/OTHER",ASSESSED,OTHER,FORD,PASSABLE,Unnamed,Winfield Creek,"Passable if fish present, no action required",2014/09/30,Telkwa River FSR,,,,,,,"9","597972","6052836","360863691",966,400.431358.415251.528811,400.431358.415251.528811,BULK,Winfield Creek,,"0",,,,,,0.969909359470498,2.32166424553498,0.97,2.32,0,0,2.55198275607245,2.55,0,2.55,2.55,0,8.82392356467333,8.82,0,0,0,0,0,0,1.30899218704276,9.73710895488252,1.31,9.74,0,0,0,0,2.55,2.55,9.74,9.74,9.74,9.74,,,,,,,,,,
"195513",,,,,,,,,,,,,,,,,,,,,,,,,,,,,"195513","24703760",PSCIS,"ROAD, RESOURCE/OTHER",ASSESSED,OBS,BRIDGE,PASSABLE,R09521 1000,Tributary to Telkwa River,"Passable if fish present, no action required",2014/09/30,,,,,,,,"9","594033","6052040","360816308",1905,400.431358.415251.583560,400.431358.415251.583560.089804,BULK,,,"0",,,,,,0,0,0,0,0,0,0.314000000000025,0,0,0.31,0,0,0,0,0,0,0,0,0,0,0,0,0,0,0,0,0,0,0.31,0.31,0,0,0.31,0.31,,,,,,,,,,
"195514",,,,,,,,,,,,,,,,,,,,,,,,,,,,,"195514","1803024",PSCIS,"ROAD, RESOURCE/OTHER",ASSESSED,OTHER,FORD,PASSABLE,Unnamed,Tributary to Telkwa River,"Passable if fish present, no action required",2014/09/30,,,,,,,,"9","594320","6051931","360816308",1550,400.431358.415251.583560,400.431358.415251.583560.089804,BULK,,,"0",,,,,,0,0,0,0,0,0,0.471000000000091,0.16,0,0.47,0.16,0,0,0,0,0,0,0,0,0,0,0,0,0,0,0,0,0,0.47,0.47,0.16,0.16,0.47,0.47,,,,,,,,,,
"195540",,,,,,,,,,,,,,,,,,,,,,,,,,,,,"195540","24703755",PSCIS,"ROAD, RESOURCE/OTHER",ASSESSED,OBS,BRIDGE,PASSABLE,R09521 1018,Tributary to Telkwa River,"Passable if fish present, no action required",2014/10/04,Caribou 43 FSR,,,,,,,"9","601292","6050330","360794084",1878,400.431358.415251.466333,400.431358.415251.466333,BULK,,,"0",,,,,,0.887124830790885,3.68608271557018,0.89,3.69,0,0,3.68608271557018,3.69,0,3.69,3.69,0,5.82598705329216,5.83,0,0,0,0,0,0,1.39512479724371,8.11199832799301,1.4,8.11,0,0,0,0,3.69,3.69,8.11,8.11,8.11,8.11,,,,,,,,,,
"195541",,,,,,,,,,,,,,,,,,,,,,,,,,,,,"195541","1801891",PSCIS,"ROAD, RESOURCE/OTHER",ASSESSED,OBS,BRIDGE,BARRIER,R09521 1018-2,Tributary to Telkwa River,"Remove, deck unsafe - will create barrier if collapses",2014/10/04,Caribou 43 FSR,,,,,,,"9","600779","6050986","360579735",487,400.431358.415251.474948.060637,400.431358.415251.474948.060637,BULK,,"1001805079","1",,,,,,0,0,0,0,0,0,0,0.03,0,0,0.03,0,0,0,0,0,0,0,0,0,0,0.0287153210283554,0,0.0287153210283554,0,0,0,0,0,0,0.03,0.03,0.03,0.03,572753,0.03,"1",0.03,"[ ""572752"" ]",189,343,265,262,D
"195560",,,,,,,,,,,,,,,,,,,,,,,,,,,,,"195560","24703648",PSCIS,"ROAD, RESOURCE/OTHER",ASSESSED,OTHER,FORD,PASSABLE,120 Road,Goathorn Creek,"Passable if fish present, no concerns",2014/10/06,Telkwa Coalmine Rd,,,,,,,"9","620502","6053816","360869489",5345,400.431358.415251.107412.051747,400.431358.415251.107412.051747.237638,BULK,Goathorn Creek,,"0",,,,,,6.12703862319363,13.8373404383108,6.13,13.84,0,0,19.1318714609785,19.13,0,19.13,19.13,0,13.8373404383108,13.84,0,0,0,0,0,0,13.256875764351,20.1705044168107,13.26,20.17,0,0,0,0,19.13,19.13,21.22,21.22,21.22,21.22,,,,,,,,,,
"195575",,,,,,,,,,,,,,,,,,,,,,,,,,,,,"195575","1805804",PSCIS,"ROAD, RESOURCE/OTHER",ASSESSED,OBS,BRIDGE,PASSABLE,R09521 120-1,Cabinet Creek,"Passable if fish present, no concerns",2014/10/07,Caribou 08 FSR,,,,,,,"9","620821","6047709","360780580",3688,400.431358.415251.107412.051747.493786,400.431358.415251.107412.051747.493786.298223,BULK,Cabinet Creek,,"0",,,,,,0,1.93401898983062,0,1.93,0,0,5.60339382396872,5.6,0,5.6,5.6,0,1.93401898983062,1.93,0,0,0,0,0,0,1.87401898983059,6.75950510662347,1.87,6.76,0,0,0,0,5.6,5.6,6.76,6.76,6.76,6.76,,,,,,,,,,
"195931",,,,,,,,,,,,,,,,,,,,,,,,,,,,,"195931","1801182",PSCIS,"ROAD, RESOURCE/OTHER",ASSESSED,OTHER,FORD,PASSABLE,Unnamed road,Tributary to Stock Creek,Passable if fish present,2015/08/19,,,,,,,,"9","646193","6036027","360876951",3755,400.431358.576280,400.431358.576280.292367,BULK,Stock Creek,"195944;1001801055;195943","3",,,,,,0,0,0,0,0,0,0,0,0,0,0,0,0,0,0,0,0,0,0,0,0,6.63577525531328,0,6.64,0,0,0,0,0,0,6.64,6.64,6.64,6.64,,,,,,,,,,
"195933",,,,,,,,,,,,,,,,,,,,,,,,,,,,,"195933","1800154",PSCIS,"ROAD, DEMOGRAPHIC",ASSESSED,OBS,BRIDGE,PASSABLE,Seinen Road,Stock Creek,Bridge in good condition,2015/08/18,Seinen Rd,,,,,,,"9","645318","6033628","360876951",905,400.431358.576280,400.431358.576280,BULK,Stock Creek,,"0","1001801055;195934;195935;195943;195944;195963","6",,,,0,0,0,0,0,0,0.953515470766921,3.73,0,0.95,3.73,0,0,0,0,0,0,0,0,0,0,11.6336379610323,0,1.64,0,0,0,0,0.95,0.95,12.37,12.37,12.37,12.37,,,,,,,,,,
"195934",,,,,,,,,,,,,,,,,,,,,,,,,,,,,"195934","1800153",PSCIS,"ROAD, DEMOGRAPHIC",ASSESSED,CBS,ROUND,BARRIER,Barret Station Road,Dunalter Creek,"The inlet of the culvert is approximately 3m downstream of the outlet of culvert 195935, which crosses under the Houston Airport Rd. The stream has an estimated slope of 1%. Downstream of the culvert, the stream is heavily overgrown. The culvert has holes in the bottom about 2m from the outlet and is backwatered up to that point. Upstream of crossing 195935 there is quality fish habitat and an fish was observed during the assessment. MoTi chris_culvert_id: 1755233",2024/09/19,Barrett Station Rd,,,,,,,"9","645133","6034601","360673574",80,400.431358.576280.147580,400.431358.576280.147580,BULK,Dunalter Creek,,"0","195935;195963","2",,,,0,0,0,0,0,0,0,1.87,0,0,0.03,0,0,0,0,0,0,0,0,0,0,2.06786205810609,0,0.03,0,0,0,0,0,0,2.8,0.03,2.8,0.03,1082302,2.67,"2",1.335,,74,60,62,51,D
"195935",,,,,,,,,,,,,,,,,,,,,,,,,,,,,"195935","1800027",PSCIS,"ROAD, DEMOGRAPHIC",ASSESSED,CBS,ROUND,BARRIER,Houston Airport Road,Dunalter Creek,"Upstream of the crossing, there is good habitat for fish, including undercut banks, functional large woody debris, healthy riparian vegetation, and several pools suitable for overwintering fish. A fish ~100mm in length was observed in one of the pools upstream. The culvert is extremely long (38m), with its outlet located approximately 3m upstream of the inlet of crossing 195934. Downstream of crossing 195934 the stream is heavily overgrown.Fill depth 11 m but changed to 9.9 m to meet submission requirements. MoTi chris_culvert_id: 2078335",2024/09/19,Houston Airport Rd,,,,,,,"9","645111","6034622","360673574",111,400.431358.576280.147580,400.431358.576280.147580,BULK,Dunalter Creek,"195934","1","195963","1",,,,0,0,0,0,0,0,0,1.84,0,0,1.84,0,0,0,0,0,0,0,0,0,0,2.03686205810604,0,1.91,0,0,0,0,0,0,2.77,2.64,2.77,2.64,1082302,2.67,"2",1.335,,74,60,62,51,D
"195937",,,,,,,,,,,,,,,,,,,,,,,,,,,,,"195937","1802350",PSCIS,"ROAD, RESOURCE/OTHER",ASSESSED,OTHER,FORD,PASSABLE,Unnamed road,Tributary to Canyon Creek,Passable if fish present,2015/07/13,,,,,,,,"9","633834","6066252","360609312",2363,400.431358.319200.555661.260788,400.431358.319200.555661.260788.103735,BULK,,"195938","1",,,,,,0,0,0,0,0,0,0,0.09,0,0,0.09,0,0,0,0,0,0,0,0,0,0,0,0,0,0,0,0,0,0,0,0.09,0.09,0.09,0.09,,,,,,,,,,
"195938",,,,,,,,,,,,,,,,,,,,,,,,,,,,,"195938","1803766",PSCIS,"ROAD, RESOURCE/OTHER",ASSESSED,CBS,ROUND,BARRIER,R11559 2-1,Tributary to Canyon Creek,Culvert likely passable if fish present,2015/07/13,,,,,,,,"9","633993","6066832","360609312",1704,400.431358.319200.555661.260788,400.431358.319200.555661.260788.103735,BULK,,,"0",,,,,,0,0,0,0,0,0,0,0.09,0,0,0.09,0,0,0,0,0,0,0,0,0,0,0,0,0,0,0,0,0,0,0,0.09,0.09,0.09,0.09,1185002,0.09,"1",0.09,,183,294,254,231,D
"195943",,Stock Creek,Barrett Station Road,Stream crossing - CBS,MOTI,,Confirmed barrier,Habitat confirmation,,,Unknown,,Medium,Difficult,1500000,Medium,,,,,,Engage with barrier owner,2025/01/01,CWF,,Important migration corridor with suitable spawning habitat and moderate rearing potential. ,recommend advancing to priority barriers list.,https://www.newgraphenvironment.com/fish_passage_bulkley_2022_reporting/stock-creek---195943-195944---appendix.html,"195943","1800025",PSCIS,"ROAD, DEMOGRAPHIC",ASSESSED,CBS,OVAL,BARRIER,Barrett Station Road,Stock Creek,"The culvert has a substantial outlet drop of 1.05m, with signs of high flows at the outlet. The stream likely contains numerous pools during higher flows but had very low flows at the time of assessment. Flowing through agricultural land on both sides, the stream is heavily eroded downstream, making it a strong candidate for fencing and riparian management.  Upstream habitat was less eroded and consisted of mature riparian vegetation providing good habitat for fish. Only two fish were captured during sampling (both in the deep outlet pool), which was unexpected given the good habitat. Conductivity was extremely high, possibly due to upstream cattle activity and surrounding land use. MoTi chris_culvert_id: 1755230",2024/09/19,Barrett Station Rd,,,,,,,"9","645444","6035049","360876951",2469,400.431358.576280,400.431358.576280.147580,BULK,Stock Creek,,"0","1001801055;195944","2",,,,0,0,0,0,0,0,0,0.22,0,0,0.22,0,0,0,0,0,0,0,0,0,0,7.9217746652071,0,0.76,0,0,0,0,0,0,7.92,0.76,7.92,0.76,1188952,7.92,"3",2.64,,39,34,22,26,C
"195944",,Stock Creek,Highway 16,Stream crossing - CBS,MOTI,,Confirmed barrier,Habitat confirmation,,,Unknown,,Medium,Difficult,6000000,Low,,,,,,Engage with barrier owner,2025/01/01,CWF,,Perched culvert under deep fill. Medium quality habitat. Recommend as non-actionable,Heavily trampled by cattle. Suitable overwintering and rearing habitat with occasional spawning habitat. 0.65 m rock drop 365 m upstream likely barrier for juveniles but not adults. Dogwood Enviro Consultants looking at ways to exclude cattle from riparian. Some low flow issues. Historic sightings of adult Coho and Steelhead between 195943 and here. No modeled key habitat upstream,https://www.newgraphenvironment.com/fish_passage_bulkley_2022_reporting/stock-creek---195943-195944---appendix.html,"195944","1800255",PSCIS,"ROAD, DEMOGRAPHIC",HABITAT CONFIRMATION,CBS,ROUND,POTENTIAL,Highway 16,Stock Creek,Length 167 m. Fill depth estimated at approximately 35 m. 14:35,2022/08/30,Hwy 16 W,,,,,,,"9","645982","6035606","360876951",3277,400.431358.576280,400.431358.576280.147580,BULK,Stock Creek,"1001801055;195943","2",,,,,,0,0,0,0,0,0,0,0,0,0,0,0,0,0,0,0,0,0,0,0,0,7.11377466520713,0,7.11,0,0,0,0,0,0,7.11,7.11,7.11,7.11,1188952,7.92,"3",2.64,,39,34,22,26,C
"195954",,,,,,,,,,,,,,,,,,,,,,,,,,,,,"195954","1801731",PSCIS,"ROAD, DEMOGRAPHIC",ASSESSED,CBS,ROUND,BARRIER,Unnamed road,Vanderven Creek,"Currently 2 CVs, 1 blocked - fish OBS u/s and d/s of CV",2015/08/20,private driveway,,,,,,,"9","637093","6062411","360845740",4706,400.431358.478149.392435,400.431358.478149.392435.378819,BULK,Vanderven Creek,"1001800670;1001801328;123426","3","124510","1",,,,0,0,0,0,0,0,0,0,0,0,0,0,0,0,0,0,0,0,0,0,0,1.21974632393206,0,1.05,0,0,0,0,0,0,1.22,1.05,1.22,1.05,304153,1.05,"1",1.05,"[ ""304152"", ""1200802"" ]",95,214,121,150,D
"195956",,,,,,,,,,,,,,,,,,,,,,,,,,,,,"195956","1802787",PSCIS,"ROAD, RESOURCE/OTHER",ASSESSED,CBS,ROUND,BARRIER,Unnamed road,Robin Creek,"Currently 2 CVs, replace with OBS",2015/08/20,,,,,,,,"9","640183","6060834","360880639",11011,400.431358.478149,400.431358.478149.631008,BULK,Robin Creek,"1001801328;123426","2",,,,,,0,0,0,0,0,0,0,0,0,0,0,0,0,0,0,0,0,0,0,0,0,0.22276776301687,0,0.22,0,0,0,0,0,0,0.22,0.22,0.22,0.22,1200803,0.22,"1",0.22,"[ ""1200802"" ]",166,357,222,249,D
"195958",,,,,,,,,,,,,,,,,,,,,,,,,,,,,"195958","1802329",PSCIS,"ROAD, RESOURCE/OTHER",ASSESSED,OTHER,FORD,PASSABLE,Unnamed road,Robin Creek,Passable if fish present,2015/08/20,,,,,,,,"9","638887","6060284","360880639",9578,400.431358.478149,400.431358.478149.502759,BULK,Robin Creek,"1001801328;123426","2","195956","1",,,,0,0,0,0,0,0,0,0,0,0,0,0,0,0,0,0,0,0,0,0,0,1.65576779993478,0,1.43,0,0,0,0,0,0,1.66,1.66,1.66,1.66,,,,,,,,,,
"195963",,,,,,,,,,,,,,,,,,,,,,,,,,,,,"195963","1800026",PSCIS,"ROAD, DEMOGRAPHIC",ASSESSED,CBS,ROUND,BARRIER,Unnamed road,Dunalter Creek,CV controlled by valve at lake - old dam,2015/08/20,Hagman Rd,,,,,,,"9","645517","6035405","360673574",1144,400.431358.576280.147580,400.431358.576280.147580.031876,BULK,Dunalter Creek,"195935;195934","2",,,,,,0,0,0,0,0,0,0,0,0,0,0,0,0,0,0,0,0,0,0,0,0,0.130999999999876,0,0.13,0,0,0,0,0,0,0.13,0.13,0.13,0.13,1082303,0.13,"1",0.13,"[ ""1082302"" ]",179,363,244,261,D
"195972",,,,,,,,,,,,,,,,,,,,,,,,,,,,,"195972","1801934",PSCIS,"ROAD, RESOURCE/OTHER",ASSESSED,OTHER,FORD,PASSABLE,Unnamed road,Tributary to Coffin Lake,Road should be seeded to prevent erosion,2014/10/24,,,,,,,,"9","634248","6048550","360884015",10029,400.431358.464077,400.431358.464077.512753,BULK,Coffin Creek,"1f365462-063c-491e-9fb3-bfac004d9183;195476;124504;197668","4",,,,,,0,0,0,0,0,0,0,0,0,0,0,0,0,0,0,0,0,0,0,0,0,0.941999890701934,0,0.94,0,0,0,0,0,0,0.94,0.94,0.94,0.94,,,,,,,,,,
"195973",,,,,,,,,,,,,,,,,,,,,,,,,,,,,"195973","1801928",PSCIS,"ROAD, RESOURCE/OTHER",ASSESSED,OTHER,FORD,PASSABLE,Unnamed road,Tributary to Coffin Lake,Passable if fish present,2014/10/24,,,,,,,,"9","633612","6048814","360835392",174,400.431358.464077.512753,400.431358.464077.512753,BULK,,"1f365462-063c-491e-9fb3-bfac004d9183;195476;124504;197668","4",,,,,,0,0,0,0,0,0,0,0,0,0,0,0,0,0,0,0,0,0,0,0,0,0.939999999999985,0,0.94,0,0,0,0,0,0,0.94,0.94,0.94,0.94,,,,,,,,,,
"195975",,,,,,,,,,,,,,,,,,,,,,,,,,,,,"195975","1801931",PSCIS,"ROAD, RESOURCE/OTHER",ASSESSED,OTHER,FORD,PASSABLE,Unnamed road,Tributary to Coffin Lake,Passable if fish present,2014/10/24,,,,,,,,"9","633185","6049096","360882293",795,400.431358.464077.472959,400.431358.464077.472959,BULK,,"1f365462-063c-491e-9fb3-bfac004d9183;195476;124504;197668","4",,,,,,0,0,0,0,0,0,0,0,0,0,0,0,0,0,0,0,0,0,0,0,0,0.761272664574588,0,0.76,0,0,0,0,0,0,0.76,0.76,0.76,0.76,,,,,,,,,,
"197640",,Tributary to Buck Creek,Buck Flats FSR,Stream crossing - CBS,MOTI,,Confirmed barrier,Habitat confirmation,,,Unknown,,Medium,Moderate,500000,High,,,,,,Commission engineering designs,2024/01/01,MOTI,"CWF, OW",Relatively easy fix for a MOTI road,"Preliminary designs complete, require internal review by MOTI to finalize.",https://www.newgraphenvironment.com/fish_passage_bulkley_2020_reporting/appendix---197640---tributary-to-buck-creek.html,"197640","1800092",PSCIS,"ROAD, DEMOGRAPHIC",HABITAT CONFIRMATION,CBS,ROUND,BARRIER,Buck Flats Road,Tributary to Buck Creek,Large tributary on section of tributary connected to salmon bearing Buck Creek.  Fish rising in outlet pool (estimated 130mm).  Some cattle access points downstream.,2020/09/26,Buck Flats Rd,,,,,,,"9","654312","6012383","360737479",28,400.431358.623573.329057,400.431358.623573.329057,BULK,,,"0","1001800428","1",,,,0,0,0,0,0,0,1.12492393986989,5.41,0,1.12,4.96,0,0,0,0,0,0,0,0,0,0,2.3168719075377,0,2.32,0,0,0,0,1.12,1.12,6.6,6.15,6.6,6.15,1204752,6.15,"1",6.15,,14,13,25,18,B
"197645",,,,,,,,,,,,,,,,,,,,,,,,,,,,,"197645","1805185",PSCIS,"ROAD, RESOURCE/OTHER",ASSESSED,OBS,PIPEARCH,PASSABLE,Parrot FSR,Tributary to Buck Creek,Newly constructed passable structure.,2020/08/26,,,,,,,,"9","678411","6002821","360818820",216,400.431358.623573.882933,400.431358.623573.882933,BULK,,,"0",,,,,,0,0,0,0,0,0,0,1.74,0,0,1.74,0,0,0,0,0,0,0,0,0,0,2.76988536033067,0,2.77,0,0,0,0,0,0,2.77,2.77,2.77,2.77,,,,,,,,,,
"197646",,,,,,,,,,,,,,,,,,,,,,,,,,,,,"197646","1802520",PSCIS,"ROAD, RESOURCE/OTHER",ASSESSED,CBS,ROUND,BARRIER,Spur off Parrot FSR,Tributary to Buck Creek,Stream drains Sam Lake.  Old log bridge type stucture tha is collaping with round culvert inserted.  Pipe contains beaver debris. Wetland habitat upstream.,2020/08/26,,,,,,,,"9","672023","6005200","360854760",1580,400.431358.623573.788386,400.431358.623573.788386.213438,BULK,,,"0","1001805034","1",,,,0,0,0,0,0,0,0,1.06,0,0,0.94,0,0,0,0,0,0,0,0,0,0,0.391531495126005,0,0.39,0,0,0,0,0,0,1.45,1.33,1.45,1.33,1208702,1.33,"1",1.33,,75,62,106,80,D
"197648",,,,,,,,,,,,,,,,,,,,,,,,,,,,,"197648","1804154",PSCIS,"ROAD, RESOURCE/OTHER",ASSESSED,OBS,BRIDGE,PASSABLE,Balsam FSR,Tributary to Buck Creek,Bridge. No issues.,2020/08/26,,,,,,,,"9","653549","6015867","360885738",990,400.431358.623573.252376,400.431358.623573.252376.077139,BULK,,,"0",,,,,,0,0,0,0,0,0,0,0,0,0,0,0,0,0,0,0,0,0,0,0,0,3.63496136372265,0,3.63,0,0,0,0,0,0,3.63,3.63,3.63,3.63,,,,,,,,,,
"197649",,,,,,,,,,,,,,,,,,,,,,,,,,,,,"197649","1804151",PSCIS,"ROAD, RESOURCE/OTHER",ASSESSED,OBS,BRIDGE,PASSABLE,Balsam FSR,Tributary to Buck Creek,Bridge. No issues.,2020/08/26,,,,,,,,"9","652877","6017367","360773410",915,400.431358.623573.236484,400.431358.623573.236484,BULK,,,"0",,,,,,0,0,0,0,0,0,0,0,0,0,0,0,0,0,0,0,0,0,0,0,0,4.51580255857005,0,4.51580255857005,0,0,0,0,0,0,4.52,4.52,4.52,4.52,,,,,,,,,,
"197650",,,,,,,,,,,,,,,,,,,,,,,,,,,,,"197650","1804851",PSCIS,"ROAD, RESOURCE/OTHER",ASSESSED,OBS,BRIDGE,PASSABLE,Bob Creek FSR,Bob Creek,Bridge. No issues.,2020/08/26,,,,,,,,"9","654032","6020243","360805488",660,400.431358.623573.185401,400.431358.623573.185401,BULK,Bob Creek,,"0",,,,,,0,0,0,0,0,0,0.879000737041647,0.88,0,0.88,0.88,0,0,0,0,0,0,0,0,0,0,2.08464766352949,0,2.08,0,0,0,0,0.88,0.88,2.08,2.08,2.08,2.08,,,,,,,,,,
"197651",,,,,,,,,,,,,,,,,,,,,,,,,,,,,"197651","1800868",PSCIS,"ROAD, RESOURCE/OTHER",ASSESSED,OTHER,FORD,UNKNOWN,Spur off Parrot FSR,Tributary to Goosly Lake,Ford.  No issues.,2020/08/26,,,,,,,,"9","672888","6005375","360854760",632,400.431358.623573.788386,400.431358.623573.788386,BULK,,,"0","1001805034;197646","2",,,,0,0,0,0,0,0,0,1.4,0,0,1.4,0,0,0,0,0,0,0,0,0,0,1.33953107257957,0,0.95,0,0,0,0,0,0,2.4,2.4,2.4,2.4,,,,,,,,,,
"197653",,Perow Creek,Perow Loop Road,Stream crossing - CBS,MOTI,,Assessed structure that remains data deficient,Habitat confirmation,,,Unknown,,Medium,Easy,650000,Low,,,,,,In-depth habitat investigation (data deficient structures only),2025/01/01,CWF,SFC/OW/SERNBC,Scores as barrier and well watered in 2021 but dry in 2022. Fish presence in stream currently unknown,"Sample for fish, determine passability. Partially embedded but perched. Could be a good candidate for backwatering ($20K).",https://www.newgraphenvironment.com/fish_passage_bulkley_2022_reporting/perow-creek---197653---appendix.html,"197653","1800068",PSCIS,"ROAD, DEMOGRAPHIC",HABITAT CONFIRMATION,CBS,ROUND,BARRIER,Perow Loop Rd,Perow Creek,Stream is dry. Private yards upstream and downstream. Riprap and cement present in channel near crossing. 10:48,2022/08/29,Perow Loop Rd,,,,,,,"9","665518","6044200","360836816",529,400.431358.737582,400.431358.737582.024023,BULK,Perow Creek,,"0",,,,,,0,0,0,0,0,0,0,0,0,0,0,0,0,0,0,0,0,0,0,0,0,7.37750021106463,0,7.38,0,0,0,0,0,0,7.38,7.38,7.38,7.38,1212652,7.38,"1",7.38,,13,12,24,16,B
"197655",,,,,,,,,,,,,,,,,,,,,,,,,,,,,"197655","1800073",PSCIS,"ROAD, DEMOGRAPHIC",ASSESSED,CBS,ROUND,POTENTIAL,Highway 16,McInnes Creek,Small ditch likely modified due to adjacent agriculture.  Culvert fully passabel at the time of the survey because backwatered 100%.  Grasses around inlet and outlet make locating the culvert challenging.,2020/08/27,Hwy 16 E,,,,,,,"9","661766","6039490","360715988",1032,400.431358.703254,400.431358.703254.048478,BULK,McInnes Creek,"1001800217;1001805591","2",,,,,,0,0,0,0,0,0,0,0.14,0,0,0.14,0,0,0,0,0,0,0,0,0,0,0.144000000000117,0,0.14,0,0,0,0,0,0,0.14,0.14,0.14,0.14,15803,0.14,"1",0.14,"[ ""15802"" ]",178,362,241,259,D
"197656",,,,,,,,,,,,,,,,,,,,,,,,,,,,,"197656","1800071",PSCIS,"ROAD, DEMOGRAPHIC",ASSESSED,CBS,ROUND,POTENTIAL,Highway 16,Tributary to Bulkley River,Possible value for coho rearing.  Downstream CNRail crossing could not be located at time of assessment.  Tire at inlet.,2020/08/27,Hwy 16 E,,,,,,,"9","663328","6042066","360747751",18,400.431358.725554,400.431358.725554,BULK,,,"0","1001805596","1",,,,0,0,0,0,0,0,0,1.7,0,0,0.04,0,0,0,0,0,0,0,0,0,0,1.70144302195019,0,0.04,0,0,0,0,0,0,1.7,0.04,1.7,0.04,1220552,1.7,"2",0.85,,108,88,97,87,D
"197657",,Perow Creek,Highway 16,Stream crossing - CBS,MOTI,,Excluded structure,Barrier assessment,Passable,Field assessment,,,,,,,,,,,,,,,,"Fully backwatered, scores as passable",,,"197657","1800067",PSCIS,"ROAD, DEMOGRAPHIC",ASSESSED,CBS,OVAL,PASSABLE,Highway 16,Perow Creek,Stream was dry at the time of survey but had water last year during extremely dry ear. Culvert appears passable for all life stages. There is a private land residential development upstream that's impacting the stream. The channel is constricted upstream and has large chunks of riprap throughout. 10:45,2022/08/29,Hwy 16 E,,,,,,,"9","665520","6044123","360836816",450,400.431358.737582,400.431358.737582.024023,BULK,Perow Creek,,"0","197653","1",,,,0,0,0,0,0,0,0,0,0,0,0,0,0,0,0,0,0,0,0,0,0,7.45650021106463,0,0.08,0,0,0,0,0,0,7.46,7.46,7.46,7.46,,,,,,,,,,
"197658",,Byman Creek,Highway 16,Stream crossing - CBS,MOTI,,Confirmed barrier,Habitat confirmation,,,Yes,Proportion of time,High,Moderate,2000000,Medium,,,,,,Commission engineering designs,2025/01/01,MOTI,,Culvert at end of life cycle and needs replacing. ,Stream needs work downstream to prevent dewatering. DFO pursuing options with MOTI. Passable to most salmon and life stages but velocity barrier at high flows and may be too shallow for adults at low flows.,https://www.newgraphenvironment.com/fish_passage_bulkley_2020_reporting/appendix---197658---byman-creek.html,"197658","1800062",PSCIS,"ROAD, DEMOGRAPHIC",HABITAT CONFIRMATION,CBS,OVAL,BARRIER,Highway 16,Byman Creek,Culvert is likely as passable for most species and life stages at most non-peak and non-lowest flows. Streamkeepers have observed fry moving through culvert in overwintering studies.,2020/08/27,Hwy 16 E,,,,,,,"9","666847","6044305","360856488",1427,400.431358.737582.024023,400.431358.737582.024023.014601,BULK,Byman Creek,,"0",,,,,,4.98837924799206,4.98837924799206,4.99,4.99,0,0,4.98837924799206,4.99,0,4.99,4.99,0,4.98837924799206,4.99,0,0,0,0,0,0,4.98837924799206,5.30499765913848,4.99,5.3,0,0,0,0,4.99,4.99,5.3,5.3,5.3,5.3,1224502,5.3,"1",5.3,,20,18,32,22,C
"197659",,,,,,,,,,,,,,,,,,,,,,,,,,,,,"197659","1805594",PSCIS,RAIL,ASSESSED,CBS,CRTBOX,PASSABLE,CN Railway,Perow Creek,Appears passable. No concerns.,2020/08/27,,None,,,,,,"9","665586","6043993","360836816",302,400.431358.737582,400.431358.737582.024023,BULK,Perow Creek,,"0","197653","1",,,,0,0,0,0,0,0,0,0.15,0,0,0.15,0,0,0,0,0,0,0,0,0,0,7.60450021106448,0,0.23,0,0,0,0,0,0,7.6,7.6,7.6,7.6,,,,,,,,,,
"197660",,,,,,,,,,,,,,,,,,,,,,,,,,,,,"197660","1805595",PSCIS,RAIL,ASSESSED,OBS,BRIDGE,PASSABLE,CN Railway,Byman Creek,Appears passable. No concerns.,2020/08/27,,None,,,,,,"9","665623","6044045","360856488",107,400.431358.737582.024023,400.431358.737582.024023,BULK,Byman Creek,,"0","197658","1",,,,6.30837776816882,6.30837776816882,1.32,1.32,0,0,6.30837776816882,6.31,0,1.32,6.31,0,6.30837776816882,1.32,0,0,0,0,0,0,6.30837776816882,6.62499617931524,1.32,1.32,0,0,0,0,6.31,6.31,6.62,6.62,6.62,6.62,,,,,,,,,,
"197661",,,,,,,,,,,,,,,,,,,,,,,,,,,,,"197661","1800066",PSCIS,"ROAD, DEMOGRAPHIC",ASSESSED,OBS,BRIDGE,PASSABLE,Perow Station Rd,Perow Creek,Private bridge approximately 30 upstrea of confulence with Byman Creek.,2020/08/27,Perow Station Rd,,,,,,,"9","665587","6043991","360836816",300,400.431358.737582,400.431358.737582.024023,BULK,Perow Creek,,"0","197653","1",,,,0,0,0,0,0,0,0,0.15,0,0,0.15,0,0,0,0,0,0,0,0,0,0,7.60650021106457,0,0.23,0,0,0,0,0,0,7.61,7.61,7.61,7.61,,,,,,,,,,
"197662",,Richfield Creek,Highway 16,Stream crossing - CBS,MOTI,,Confirmed barrier,Habitat confirmation,,,No,,High,Difficult,12375000,High,,,,,,Engage with barrier owner,2029/01/01,CWF,MOTI,High quality habitat with high potential habitat gains,"Major barrier, some flooding issues upstream also needs addressing. Aim for completion in next 5-10 years.",https://www.newgraphenvironment.com/fish_passage_bulkley_2020_reporting/appendix---197662---richfield-creek.html,"197662","1800060",PSCIS,"ROAD, DEMOGRAPHIC",HABITAT CONFIRMATION,CBS,ROUND,BARRIER,Highway 16,Richfield Creek,Culvert and habitat measurements taken in 2020.  Multipass closed site electorfishing conducted in 2021 upstream and downstream of highway.  17:25,2021/09/10,Hwy 16 E,,,,,,,"9","672404","6044146","360788426",1203,400.431358.773280,400.431358.773280,BULK,Richfield Creek,,"0",,,,,,2.25799896113707,2.25799896113707,2.26,2.26,0,0,7.65534265756909,12.25,0,7.66,12.25,0,2.25799896113707,2.26,0,0,0,0,0,0,2.25799896113707,13.8336835099249,2.26,13.83,0,0,0,0,7.66,7.66,13.83,13.83,13.83,13.83,1228452,13.83,"1",13.83,,7,7,11,8,A
"197663",,Johnny David Creek,Highway 16,Stream crossing - CBS,MOTI,,Assessed structure that remains data deficient,Habitat confirmation,,,Yes,Other (see notes),High,Moderate,,,,,,,,In-depth habitat investigation (data deficient structures only),2025/01/01,CWF,SFC/OW/SERNBC,"Backwatering conducted  ~2017. Coho upstream and downstream but twice as many downstream, hydraulic conditions in culvert still likely a passage issue to some life stages/at some flows. Monitor to determine passability. ",Look at open bottom replacement as long term fix,https://www.newgraphenvironment.com/fish_passage_bulkley_2020_reporting/appendix---197663-3054---johnny-david-creek.html,"197663","1800213",PSCIS,"ROAD, DEMOGRAPHIC",HABITAT CONFIRMATION,CBS,ROUND,POTENTIAL,Highway 16,Johnny David Creek,Habitat confirmation and sampling completed.,2020/08/28,Hwy 16 E,,,,,,,"9","670241","6044772","360866287",1027,400.431358.763808,400.431358.763808,BULK,Johnny David Creek,,"0","1001800587;3054;3066","3",,,,0,4.50321715498031,0,4.5,0,0,10.2839087234672,22.84,0,10.28,18.18,0,0,0,0,0,0,0,0,0,0,15.7486895719418,0,13.93,0,0,0,0,10.28,10.28,23,18.32,23,18.32,1232402,18.32,"1",18.32,,2,2,4,3,A
"197664",,Barrren Creek,Highway 16,Stream crossing - CBS,MOTI,,Confirmed barrier,Habitat confirmation,,,Unknown,,High,Difficult,1500000,Medium,,,,,,Engage with barrier owner,2026/01/01,CWF,MOTI,"Very high quality habitat, current culvert affected by regular dredging and sediment buildup",Preliminary design was completed 2020 but no timeline for finalizing and completing upgrades ,https://www.newgraphenvironment.com/fish_passage_bulkley_2020_reporting/appendix---197665-197664-3042---barren-creek.html,"197664","1800076",PSCIS,"ROAD, DEMOGRAPHIC",HABITAT CONFIRMATION,CBS,ROUND,POTENTIAL,Highway 16,Barren Creek,Targeted for habitat confirmation due to aggradation and dredging associated impacts on coho.,2020/08/28,Hwy 16 E,,,,,,,"9","660455","6037919","360869846",133,400.431358.694148,400.431358.694148,BULK,Barren Creek,,"0",,,,,,0,0,0,0,0,0,2.67400126373752,2.61,0,2.67,2.61,0,0,0,0,0,0,0,0,0,0,1.75600000000003,0,1.76,0,0,0,0,2.67,2.67,2.67,2.67,2.67,2.67,1236352,2.67,"1",2.67,,38,33,65,42,D
"197665",,Barren Creek,Railway,Stream crossing - CBS,CN Rail,,Confirmed barrier,Habitat confirmation,,,Unknown,,Medium,Difficult,5000000,High,,,,,,Engage with barrier owner,2024/01/01,CWF,OW,Culvert at end of life and needs replacing. Very high quality habitat. ,Preliminary designs complete but don't meet CN standards. Further conversations with CN required. Cost of replacement will depend on preferred structure/solution,https://www.newgraphenvironment.com/fish_passage_bulkley_2020_reporting/appendix---197665-197664-3042---barren-creek.html ,"197665","24740019",PSCIS,RAIL,HABITAT CONFIRMATION,CBS,ROUND,POTENTIAL,CN Railway,Barren Creek,Targeted for habitat confirmation due to upstream aggradation and dredging associated impacts on coho,2020/08/28,,None,,,,,,"9","660628","6037843","360236038",61,"400.431358",400.431358.694148,BULK,,,"0","1001800057;1001800120;1001800182;1001800186;1001800190;1001800192;1001800217;1001800358;1001800361;1001800403;1001800587;1001800621;1001800752;1001801082;1001801115;1001801123;1001801141;1001801185;1001801187;1001801906;1001801950;1001802007;1001802013;1001802016;1001802029;1001802030;1001802031;1001802032;1001802043;1001802239;1001802264;1001802402;1001802639;1001802655;1001802657;1001802690;1001803694;1001803928;1001804955;1001805190;1001805535;1001805539;1001805586;1001805591;1001805596;1001805794;1024748044;1024748047;1024752831;197653;197655;197656;197658;197662;197663;197907;197909;197967;197974;197975;197976;198048;198049;198065;199452;199455;199459;3054;3066;3091;3138;3139;8a5e5281-5b5e-423d-8c66-c1816e9e32b4","73",,,,,,,,,,,,,,,,,,,,,,,,,,,,,,,,,,,,,,,,,,,,,,,
"197667",,Tributary to Bulkley River,Railway,Stream crossing - CBS,CN Rail,,Confirmed barrier,Habitat confirmation,,,Unknown,,High,Difficult,7500000,Medium,,,,,,Non-actionable,2025/01/01,CWF,,"High quality habitat, approx 650 m of potential Coho and steelhead key habitat upstream. ",,https://www.newgraphenvironment.com/fish_passage_bulkley_2020_reporting/appendix---197667-124501---moan-creek.html,"197667","1805606",PSCIS,RAIL,HABITAT CONFIRMATION,CBS,ROUND,BARRIER,CN Railway,Moan Creek,Approximately 17m from the outlet to the Bulkley River.,2020/08/31,,None,,,,,,"9","631092","6055867","360884501",75,400.431358.450642,400.431358.450642,BULK,,,"0","124501","1",,,,0,0,0,0,0,0,1.11599999999998,0.46,0,0.46,0.46,0,0,0,0,0,0,0,0,0,0,1.23599997318098,0,0.46,0,0,0,0,1.12,0.47,1.24,0.47,1.24,0.47,1240302,1.24,"2",0.62,,123,100,119,109,D
"197668",,Coffin Creek,Railway,Stream crossing - CBS,CN Rail,,Assessed structure that remains data deficient,Habitat confirmation,,,Yes,Other (see notes),High,,,,,,,,,In-depth passage assessment (data deficient structures only),2025/01/01,CWF,SFC/OW/SERNBC,Coho captured upstream of crossing. Monitor to determine any fish passage issues.,,https://www.newgraphenvironment.com/fish_passage_bulkley_2020_reporting/appendix---197668-124504---coffin-creek.html,"197668","1805608",PSCIS,RAIL,HABITAT CONFIRMATION,CBS,ROUND,BARRIER,CN Railway,Coffin Creek,CN crossing has had Newbury riffles constructed to decrease the size of the outlet drop but drop still present. Abundant gravels suitable for spawning chinook and coho present. Some deep pools available for fry/parr overwintering.,2020/08/31,,None,,,,,,"9","634342","6054605","360884015",309,400.431358.464077,400.431358.464077,BULK,Coffin Creek,,"0","124504;195476;1f365462-063c-491e-9fb3-bfac004d9183","3",,,,0,4.79640877903582,0,0.03,0,0,5.69143956554857,13.23,0,0.03,0.03,0,0,0,0,0,0,0,0,0,0,12.1039620868272,0,0.03,0,0,0,0,5.69,0.02,16.04,0.02,16.04,0.02,1244252,16.04,"4",4.01,,25,23,7,12,B
"197900","1001805532",Crow Creek,Railway,Stream crossing - OBS,CN Rail,,Excluded structure,Barrier assessment,Passable,Field assessment,,,,,,,,,,,,,,,,Bridge,,,"197900","1805532",PSCIS,RAIL,ASSESSED,OBS,BRIDGE,PASSABLE,CN Railway,Crow Creek,Bridge. 9:46,2021/08/30,,None,,,,,,"9","685314","6030318","360886524",97,400.431358.912160,400.431358.912160,BULK,Crow Creek,,"0","1001800621;1001803694;1001805794","3",,,,4.82209934298603,11.8327038837326,4.82,11.83,0,0,15.5588395287468,21.25,0,15.56,21.25,0,7.8312886671838,7.83,0,0,0,0,0,0,4.82209934298603,24.9373938900119,4.82,21.89,0,0,0,0,15.56,15.56,25.62,25.62,25.62,25.62,,,,,,,,,,
"197901",,,,,,,,,,,,,,,,,,,,,,,,,,,,,"197901",,PSCIS,"ROAD, RESOURCE/OTHER",ASSESSED,OBS,BRIDGE,PASSABLE,Private,Crow Creek,Bridge. 10:36,2021/08/30,,,,,,,,"9","684845","6029752","360886524",999,400.431358.912160,400.431358.912160,BULK,Crow Creek,,"0","1001800621;1001803694;1001805794","3",,,,4.0680973799893,11.0787019207359,4.07,11.08,0,0,14.6568407420511,20.28,0,14.66,20.28,0,7.07728670418707,7.08,0,0,0,0,0,0,4.0680973799893,24.1833919270152,4.07,21.14,0,0,0,0,14.66,14.66,24.65,24.65,24.65,24.65,,,,,,,,,,
"197902","1001800360",Tributary to Bulkley River,Rose Lake Cutoff Road,Stream crossing - CBS,MOTI,,Excluded structure,Barrier assessment,No key upstream habitat,Field assessment,,,,,,,,,,,,,,,,"Low quality habitat, dry at time of assessment","very small channel (1.5 m width), no modeled key habitat upstream, likely due to low discharge values.",,"197902",,PSCIS,"ROAD, DEMOGRAPHIC",ASSESSED,CBS,ROUND,BARRIER,Rose Lake Cuttoff Road,Tributary to Bulkley River,"Dry, small channel. 10:53",2021/08/30,Rose Lake Cutoff Rd,,,,,,,"9","685353","6030520","360742836",43,400.431358.911798,400.431358.911798,BULK,,,"0",,,,,,0,0,0,0,0,0,0,0,0,0,0,0,0,0,0,0,0,0,0,0,0,0,0,0,0,0,0,0,0,0,0,0,0,0,,,,,,,,,,
"197903","1001800180",Tributary to Bulkley River,Rose Lake Cutoff Road,Stream crossing - CBS,MOTI,,Excluded structure,Barrier assessment,No key upstream habitat,Field assessment,,,,,,,,,,,,,,,,"Low quality habitat, dry at time of assessment","very small channel (1.5 m width), no modeled key habitat upstream, likely due to low discharge values.",,"197903","1800180",PSCIS,"ROAD, DEMOGRAPHIC",ASSESSED,CBS,ROUND,BARRIER,Rose Lake Cuttoff Road,Tributary to Bulkley River,"Dry, small stream.  Runs in ditch beside the road. 11:09",2021/08/30,Rose Lake Cutoff Rd,,,,,,,"9","683421","6032258","360578299",52,400.431358.898589,400.431358.898589,BULK,,,"0",,,,,,0,0,0,0,0,0,0,0,0,0,0,0,0,0,0,0,0,0,0,0,0,0,0,0,0,0,0,0,0,0,0,0,0,0,,,,,,,,,,
"197904","1001800372",Tributary to Bulkley River,Crow Creek Road,Stream crossing - CBS,MOTI,,Excluded structure,Barrier assessment,No key upstream habitat,Field assessment,,,,,,,,,,,,,,,,"Low quality habitat, dry with dredged channel at time of assessment",No modeled key habitat upstream,,"197904","1800372",PSCIS,"ROAD, RESOURCE/OTHER",ASSESSED,CBS,ROUND,BARRIER,Crow Creek Road,Tributary to Bulkley River,Dry with dredged channel.  Double pipe (0.9 x 0.9). 11:26,2021/08/30,Crow Creek Rd,,,,,,,"9","681281","6032344","360816550",632,400.431358.886157,400.431358.886157,BULK,,"1001800373","1",,,,,,0,0,0,0,0,0,0,0,0,0,0,0,0,0,0,0,0,0,0,0,0,0,0,0,0,0,0,0,0,0,0,0,0,0,,,,,,,,,,
"197905","1001803682",Crow Creek,Maxan Creek FSR,Stream crossing - OBS,FLNRO,,Excluded structure,,Passable,Field assessment,,,,,,,,,,,,,,,,Bridge,,,"197905","1803682",PSCIS,"ROAD, RESOURCE/OTHER",ASSESSED,OBS,BRIDGE,PASSABLE,Maxan Creek FSR,Crow Creek,Bridge. 12:05,2021/08/30,Maxan Creek FSR,,,,,,,"9","682026","6028531","360886524",5387,400.431358.912160,400.431358.912160.241831,BULK,Crow Creek,,"0","1001800621;1001805794","2",,,,0,6.83338727372859,0,6.83,0,0,10.4115260950438,13.91,0,10.41,13.91,0,2.83197205717981,2.83,0,0,0,0,0,0,0,18.2810586757662,0,16.78,0,0,0,0,10.41,10.41,18.28,18.28,18.28,18.28,,,,,,,,,,
"197906","1001803706",Tributary to Maxan Creek,Maxan Creek FSR,Stream crossing - CBS,FLNRO,,Excluded structure,Barrier assessment,No key upstream habitat,Field assessment,,,,,,,,,,,,,,,,"Low quality habitat, small channel, dry at time of assessment",No modeled key habitat upstream,,"197906","1803706",PSCIS,"ROAD, RESOURCE/OTHER",ASSESSED,CBS,ROUND,BARRIER,Maxan Creek FSR,Tributary to Maxan Creek,Dry channel.  Two pipes (0.5 x 0.5).  FISS site downstream. 12:29,2021/08/30,Maxan Creek FSR,,,,,,,"9","683684","6024930","360636321",399,400.431358.918528.200368,400.431358.918528.200368,BULK,,,"0",,,,,,0,0,0,0,0,0,0,0,0,0,0,0,0,0,0,0,0,0,0,0,0,0,0,0,0,0,0,0,0,0,0,0,0,0,,,,,,,,,,
"197907","1001802611",Tributary to Maxan Creek,Maxan Creek FSR,Stream crossing - CBS,FLNRO,,Excluded structure,Barrier assessment,No key upstream habitat,Field assessment,Unknown,,Low,Easy,150000,,,,,,,,,,,"Low quality habitat, dry at time of assessment. Very short section of modeled key habitat (150 m) located 2 km upstream from crossing.",Recommend as non-actionable,https://www.newgraphenvironment.com/fish_passage_skeena_2021_reporting/appendix---phase-1-fish-passage-assessment-data-and-photos.html#,"197907","1803686",PSCIS,"ROAD, RESOURCE/OTHER",ASSESSED,CBS,ROUND,BARRIER,Maxan Creek FSR,Tributary to Maxan Creek,Dry channel at time of survey.  Runs in ditch on low side of road.  Recently replaces.  12:49,2021/08/30,Maxan Creek FSR,,,,,,,"9","685815","6023703","360853874",783,400.431358.918528.276454,400.431358.918528.276454,BULK,,,"0",,,,,,0,0,0,0,0,0,0,0.22,0,0,0.22,0,0,0,0,0,0,0,0,0,0,0,0,0,0,0,0,0,0,0,0.22,0.22,0.22,0.22,,,,,,,,,,
"197908","1001803697",Tributary to Maxan Creek,Maxan Creek FSR,Stream crossing - CBS,FLNRO,,Excluded structure,Barrier assessment,No key upstream habitat,Field assessment,,,,,,,,,,,,,,,,"Low quality habitat, very small channel, dry at time of assessment",No modeled key habitat upstream,,"197908","1803697",PSCIS,"ROAD, RESOURCE/OTHER",ASSESSED,CBS,ROUND,BARRIER,Maxan Creek FSR,Tributary to Maxan Creek,Dry channel at time of survey. Very small stream. ID # on card in road photo is incorrect. 13:10,2021/08/30,Maxan Creek FSR,,,,,,,"9","687648","6021923","360638225",1249,400.431358.918528.378381,400.431358.918528.378381,BULK,,"1001800611","1",,,,,,0,0,0,0,0,0,0,0,0,0,0,0,0,0,0,0,0,0,0,0,0,0,0,0,0,0,0,0,0,0,0,0,0,0,,,,,,,,,,
"197909",,,,,,,,,,,,,,,,,,,,,,,,,,,,,"197909","1804693",PSCIS,"ROAD, RESOURCE/OTHER",HABITAT CONFIRMATION,CBS,ROUND,BARRIER,Maxan Creek FSR,Tributary to Maxan Creek,Habitat value is low to medium.  Large beaver influenced lake upstream with two dams ~1.5m high at 10m and 30m upstream. Inlet blocked.  Water at inlet is level with the top of the culvert.  At 4m downstream is a 1m high beaver dam. 13:23,2021/08/30,,,,,,,,"9","687559","6020571","360846037",1834,400.431358.918528.389715,400.431358.918528.389715,BULK,,,"0",,,,,,0,0,0,0,0,0,0,0.22,0,0,0.22,0,0,0,0,0,0,0,0,0,0,0,0,0,0,0,0,0,0,0,0.22,0.22,0.22,0.22,1248202,0.22,"1",0.22,,166,275,223,207,D
"197910","1001804694",Trib to Maxan Lake,Spur 30,Stream crossing - OBS,FLNRO,,Excluded structure,Barrier assessment,Passable,Field assessment,,,,,,,,,,,,,,,,Bridge,,,"197910","1804694",PSCIS,"ROAD, RESOURCE/OTHER",ASSESSED,OBS,BRIDGE,PASSABLE,Spur 30,Tributary to Maxan Creek,Bridge. 14:15,2021/08/30,,,,,,,,"9","688604","6019911","360837459",905,400.431358.918528.419839,400.431358.918528.419839,BULK,,,"0",,,,,,0,0,0,0,0,0,0,0,0,0,0,0,0,0,0,0,0,0,0,0,0,5.09040653717809,0,5.09,0,0,0,0,0,0,5.09,5.09,5.09,5.09,,,,,,,,,,
"197911",,,,,,,,,,,,,,,,,,,,,,,,,,,,,"197911","1801847",PSCIS,"ROAD, RESOURCE/OTHER",ASSESSED,OTHER,FORD,UNKNOWN,unnamed,Foxy Creek,Ford. 15:55,2021/08/30,,,,,,,,"9","686935","6023053","360877225",203,400.431358.918528.313709,400.431358.918528.313709,BULK,Foxy Creek,,"0",,,,,,13.9060696639401,15.4423523070461,13.91,15.44,0,0,15.4423523070461,15.44,0,15.44,15.44,0,15.5289751436631,15.53,4.05918927659644,0,0,4.06,0,0,14.5353390082566,15.5289751436631,14.54,15.53,0,0,0,0,15.44,15.44,17.56,17.56,17.56,17.56,,,,,,,,,,
"197912",,Robert Hatch Creek,Unnamed,Stream crossing - OBS,Private,Hatch Creek Ranch,Rehabilitated barrier,Rehabilitated,,,Unknown,,High,Easy,30000,High,Removal/decommissioned,CWF/DFO,2022/01/01,30000,7500,Post-rehabilitation monitoring,2024/01/01,DFO,CWF,Easy fix,,https://cwf-fcf.org/en/resources/downloads/pdf/2021-2022-Projects-Technical-Briefing.pdf,"197912","1802106",PSCIS,"ROAD, RESOURCE/OTHER",HABITAT CONFIRMATION,OBS,BRIDGE,PASSABLE,Private,Robert Hatch Creek,Bridge has collapsed and is impediment to upstream fish passage.  Habitat confirmation conducted. 16:56,2021/08/31,,,,,,,,"9","670963","6046221","360872999",2600,400.431358.773280.070140,400.431358.773280.070140,BULK,Robert Hatch Creek,"197662","1",,,,,,0,0,0,0,0,0,2.79734369643203,7.4,0,2.8,7.4,0,0,0,0,0,0,0,0,0,0,8.9756845487878,0,8.98,0,0,0,0,2.8,2.8,8.98,8.98,8.98,8.98,1252152,8.98,"1",8.98,"[ ""1228452"" ]",11,113,20,56,D
"197913","1001802088",Robert Hatch Creek,Unnamed,Stream crossing - Ford,Private,,Excluded structure,Barrier assessment,Passable,Field assessment,,,,,,,,,,,,,,,,Ford. No passage issues but intense cattle-related impacts.,,,"197913","1802088",PSCIS,"ROAD, RESOURCE/OTHER",ASSESSED,OTHER,FORD,PASSABLE,Private,Robert Hatch Creek,Ford. 17:46,2021/08/31,,,,,,,,"9","669947","6047217","360872999",4141,400.431358.773280.070140,400.431358.773280.070140.151358,BULK,Robert Hatch Creek,"197662","1",,,,,,0,0,0,0,0,0,1.25634404999782,5.86,0,1.26,5.86,0,0,0,0,0,0,0,0,0,0,7.28401595162106,0,7.28,0,0,0,0,1.26,1.26,7.28,7.28,7.28,7.28,,,,,,,,,,
"197914","1001802089",Johnny David Creek,Unnamed,Stream crossing - Ford,Private,,Excluded structure,Barrier assessment,Passable,Field assessment,,,,,,,,,,,,,,,,Ford. No passage issues but intense cattle-related impacts.,,,"197914","1802089",PSCIS,"ROAD, RESOURCE/OTHER",ASSESSED,OTHER,FORD,PASSABLE,Private,Johnny David Creek,Ford. Area is extensively impacted by cattle trampling of banks. 17:56,2021/08/31,,,,,,,,"9","668873","6046967","360866287",3816,400.431358.763808,400.431358.763808.215524,BULK,Johnny David Creek,"197663","1","1001800587;3054;3066","3",,,,0,1.71421751224319,0,1.71,0,0,7.4949090807301,20.05,0,7.49,20.05,0,0,0,0,0,0,0,0,0,0,12.9596899292047,0,11.15,0,0,0,0,7.49,7.49,20.21,20.21,20.21,20.21,,,,,,,,,,
"197955","100180422",Ailport Creek,Transmission line,Stream crossing - Ford,BC Hydro,,Excluded structure,Barrier assessment,Passable,Field assessment,,,,,,,,,,,,,,,,Ford,,,"197955","1800422",PSCIS,"ROAD, RESOURCE/OTHER",ASSESSED,OTHER,FORD,PASSABLE,Powerline,Ailport Creek,Ford. 19:49,2021/09/04,,,,,,,,"9","679525","6039649","360878058",2835,400.431358.815756,400.431358.815756.023392,BULK,Ailport Creek,,"0","1001801115;1001801123;1001802029;1001802030;1001802031;1001802032;1001802043;197974;197975;197976;198065","11",,,,6.84298681493288,8.34583822008283,1.36,1.36,0,0,11.4061511074127,30.79,0,1.36,30.79,0,6.84298681493288,1.36,0,0,0,0,0,0,6.84298681493288,37.1735140533388,1.36,2.2,0,0,0,0,11.41,11.41,40.67,40.67,40.67,40.67,,,,,,,,,,
"197956","1001801133",Tributary to Bulkley River,Spur,Stream crossing - Ford,Unknown,,Excluded structure,Barrier assessment,Passable,Field assessment,,,,,,,,,,,,,,,,No crossing present at this location. Private land access.,,,"197956","1801133",PSCIS,"ROAD, RESOURCE/OTHER",ASSESSED,OTHER,FORD,UNKNOWN,Spur,Tributary to Bulkley River,Beaver dam. 12:41,2021/09/05,,,,,,,,"9","674339","6039596","360846413",4027,400.431358.820938,400.431358.820938.159812,BULK,,,"0","1001800186;1001800403;1001800752;1001801141;1001805190","5",,,,0,0.564942311673596,0,0.56,0,0,4.17716900044985,16.37,0,4.18,16.37,0,0,0,2.2327908211469,15.93,0,2.23,15.93,0,0,9.17556554143555,0,7.28,0,0,0,0,4.52,4.52,31.65,31.65,31.65,31.65,,,,,,,,,,
"197957","1001801969",Tributary to Bulkley River,Spur,Stream crossing - OBS,Unknown,,Excluded structure,Barrier assessment,Passable,Field assessment,,,,,,,,,,,,,,,,ATV bridge over historic culverts that have been washed out. No fish passage issues.,,,"197957","1801969",PSCIS,"ROAD, RESOURCE/OTHER",ASSESSED,OBS,BRIDGE,PASSABLE,Spur,Tributary to Elwin Lake,2 washed out CV's below. 13:20,2021/09/05,,,,,,,,"9","673797","6038907","360846413",5805,400.431358.820938,400.431358.820938.236730,BULK,,,"0","1001800186;1001800752","2",,,,0,0,0,0,0,0,3.18256078931613,7.91,0,3.18,7.91,0,0,0,2.2327908211469,15.93,0,2.23,15.93,0,0,4.80949852890166,0,4.81,0,0,0,0,3.53,3.53,21.28,21.28,21.28,21.28,,,,,,,,,,
"197958",,,,,,,,,,,,,,,,,,,,,,,,,,,,,"197958","1803828",PSCIS,"ROAD, RESOURCE/OTHER",ASSESSED,OBS,BRIDGE,PASSABLE,Spur,Tributary to Bulkley River,Bridge. 13:47,2021/09/05,,,,,,,,"9","674549","6038014","360846413",7102,400.431358.820938,400.431358.820938.291439,BULK,,,"0","1001800186;1001800752","2",,,,0,0,0,0,0,0,1.88556092526857,6.62,0,1.89,6.62,0,0,0,2.2327908211469,15.93,0,2.23,15.93,0,0,1.88556092526857,0,1.89,0,0,0,0,2.23,2.23,18.35,18.35,18.35,18.35,,,,,,,,,,
"197959",,,,,,,,,,,,,,,,,,,,,,,,,,,,,"197959","1804238",PSCIS,"ROAD, RESOURCE/OTHER",ASSESSED,OBS,BRIDGE,PASSABLE,Spur,Tributary to Bulkley River,Newer. 13:55,2021/09/05,,,,,,,,"9","675156","6039878","360846413",2816,400.431358.820938,400.431358.820938.069043,BULK,,,"0","1001800186;1001800403;1001800752;1001801141;1001805190","5",,,,0,1.40180861300232,0,1.4,0,0,5.01403530177857,17.76,0,5.01,17.76,0,0.63155200867544,0.63,2.2327908211469,15.93,0,2.23,15.93,0,0,10.0124318427643,0,8.12,0,0,0,0,5.36,5.36,33.04,33.04,33.04,33.04,,,,,,,,,,
"197960",,Corya Creek,Railway,Stream crossing - CBS,CN Rail,,Confirmed barrier,Habitat confirmation,,,Yes,Proportion of individuals,Medium,Difficult,5000000,Low,,,,,,Engage with barrier owner,2025/01/01,CWF,,Discuss deferring to end of life cycle,Large culvert. Dolly Varden captured upstream and downstream. High quality habitat but glaciated and unlikely to support salmon.,https://www.newgraphenvironment.com/fish_passage_skeena_2021_reporting/corya-creek---197960---appendix.html,"197960","24704566",PSCIS,RAIL,HABITAT CONFIRMATION,CBS,ROUND,BARRIER,CN Railway,Corya Creek,Outlet is cracked and drops. Inlet embedded to 2/3 way. 10:33,2021/09/13,,None,,,,,,"9","605786","6099884","360884284",2747,400.431358.181726,400.431358.181726.120224,BULK,Corya Creek,,"0",,,,,,2.64679385978639,6.79544169498232,2.65,6.8,0,0,9.06600665029643,9.07,0,9.07,9.07,0,9.92879079314919,9.93,0,0,0,0,0,0,5.40289894106427,11.4565040026899,5.4,11.46,0,0,0,0,9.07,9.07,12.34,12.34,12.34,12.34,1402252,12.34,"1",12.34,,8,8,14,10,A
"197961",,,,,,,,,,,,,,,,,,,,,,,,,,,,,"197961","1805496",PSCIS,RAIL,ASSESSED,OBS,BRIDGE,PASSABLE,CN Railway,Owens Creek,Bridge. 11:50,2021/09/15,,None,,,,,,"9","609394","6087111","360868653",505,400.431358.237852.158972,400.431358.237852.158972,BULK,Owens Creek,"57944","1","1001803123","1",,,,0,0,0,0,0,0,2.39233731366804,2.39,0,1.51,2.39,0,0,0,0,0,0,0,0,0,0,3.84959630825064,0,1.51,0,0,0,0,2.39,2.39,3.85,3.85,3.85,3.85,,,,,,,,,,
"197963","1001805531",Tributary to Bulkley River,Railway,Stream crossing - CBS,CN Rail,,Excluded structure,Barrier assessment,No key upstream habitat,Field assessment,,,,,,,,,,,,,,,,"Low quality habitat,  no modeled key habitat upstream.",Beavers have clogged both inlets (double barrel). Significant sized marsh ~40m upstream with beaver dam 1.5 - 2m high on outlet of wetland. ,,"197963","1805531",PSCIS,RAIL,ASSESSED,CBS,ROUND,BARRIER,Railway,Tributary to Bulkley River,Beavers have clogged both inlets (double barrel). Significant sized marsh ~40m upstream with beaver dam 1.5 - 2m high on outlet of wetland. 9:40,2021/08/31,,None,,,,,,"9","690764","6031192","360637837",112,400.431358.934810,400.431358.934810,BULK,,,"0",,,,,,0,0,0,0,0,0,0,0,0,0,0,0,0,0,0,0,0,0,0,0,0,0,0,0,0,0,0,0,0,0,0,0,0,0,,,,,,,,,,
"197964","1001805529",Bulkley River,Railway,Stream crossing - CBS,CN Rail,,Excluded structure,Barrier assessment,Passable,Field assessment,,,,,,,,,,,,,,,,Embedded and backwatered structure. Not likely causing any fish passage issues. Wetland-type area.,,,"197964","1805529",PSCIS,RAIL,ASSESSED,CBS,ROUND,PASSABLE,Railway,Bulkley River,"Backwatered fully, appears fully passable. Fish sighted at outlet. Distance from water surface to top of culvert is 70cm. 9:58",2021/08/31,,None,,,,,,"9","691218","6031478","360873822",263795,"400.431358",400.431358.937031,BULK,Bulkley River,,"0","1001800182;1001802264;1001802402;1001803928;197967;199452;199455;199459","8",,,,4.89530953598137,5.1392682377649,1.81,1.81,0,0,6.97872177491241,26.08,0,1.81,26.08,0,5.1392682377649,1.81,0,0,0,0,0,0,5.1392682377649,12.3697152637312,1.81,1.81,0,0,0,0,6.98,6.98,26.24,26.24,26.24,26.24,,,,,,,,,,
"197966",,,,,,,,,,,,,,,,,,,,,,,,,,,,,"197966","1800049",PSCIS,"ROAD, DEMOGRAPHIC",ASSESSED,OBS,BRIDGE,PASSABLE,Rose Lake Cuttoff Road,Bulkley River,Rose Lake cut-off bridge. 11:38,2021/08/31,Rose Lake Cutoff Rd,,,,,,,"9","692281","6032072","360873822",265261,"400.431358",400.431358.937031,BULK,Bulkley River,,"0","1001800182;1001802264;1001802402;1001803928;197967;199452;199455;199459","8",,,,3.4293095359813,3.67326823776483,0.35,0.35,0,0,5.51272177491234,24.61,0,0.35,24.61,0,3.67326823776483,0.35,0,0,0,0,0,0,3.67326823776483,10.9037152637311,0.35,0.35,0,0,0,0,5.51,5.51,24.77,24.77,24.77,24.77,,,,,,,,,,
"197967",,Taman Ceek,Highway 16,Stream crossing - CBS,MOTI,,Rehabilitated barrier,Post-rehabilitation monitoring,,,,,,,,,,,,,,Post-rehabilitation monitoring,2024/01/01,OW,CWF,Crossing replaced in 2022. Needs follow up assessment to confirm passability status.,,,"197967",,PSCIS,"ROAD, DEMOGRAPHIC",ASSESSED,CBS,ROUND,POTENTIAL,Highway 16,Taman Creek,"This is a brand-new replacement structure, extremely well built with extensive embedment that includes numerous large boulders, cobbles, and gravel. The crossing is passable to fish.  The multiplate round structure is embedded nearly 2m. Upstream, woody debris and boulder structures are cabled together providing habitat and added stability. This massive construction project involved a substantial amount of fill extending 60m downstream and over 200m upstream. Monitoring work was conducted and is included in the 2024 report. MoTi chris_culvert_id: 2076452",2024/10/03,Hwy 16 W,,,,,,,"9","692434","6032341","360873822",265609,"400.431358",400.431358.937031,BULK,Bulkley River,,"0","1001800182;1001802264;1001802402;1001803928;199452;199455;199459","7",,,,3.08130953598143,3.32526823776496,3.08,3.33,0,0,5.16472177491247,24.27,0,5.16,17.58,0,3.32526823776496,3.33,0,0,0,0,0,0,3.32526823776496,10.5557152637312,3.33,7.72,0,0,0,0,5.16,5.16,24.42,17.6,24.42,17.6,1406202,17.6,"1",17.6,,3,3,2,2,A
"197968",,,,,,,,,,,,,,,,,,,,,,,,,,,,,"197968","1801117",PSCIS,"ROAD, RESOURCE/OTHER",ASSESSED,OBS,BRIDGE,PASSABLE,Spur,Bulkley River,Observed water pump and intake hose below bridge (downstream). 13:42,2021/08/31,,,,,,,,"9","690733","6032353","360873822",267556,"400.431358",400.431358.946172,BULK,Bulkley River,"197967","1","1001800182;199455","2",,,,1.37826645434337,1.37826645434337,1.38,1.38,0,0,2.2824140778993,13.88,0,2.28,13.88,0,1.37826645434337,1.38,0,0,0,0,0,0,1.37826645434337,1.40321374619233,1.38,1.4,0,0,0,0,2.28,2.28,13.9,13.9,13.9,13.9,,,,,,,,,,
"197969","1001800583",Bulkley River,Raymond Road,Stream crossing - OBS,Unknown,,Excluded structure,Barrier assessment,Passable,Field assessment,,,,,,,,,,,,,,,,Bridge,,,"197969","1800583",PSCIS,"ROAD, RESOURCE/OTHER",ASSESSED,OBS,BRIDGE,PASSABLE,Raymond Road,Bulkley River,"Bridge at outflow of Conrad Lake, on Bulkley River. Access via Mulligan road, then start of Raymond Road. 14:08",2021/08/31,,,,,,,,"9","689262","6033535","360873822",270452,"400.431358",400.431358.954488,BULK,Bulkley River,"197967","1","199455","1",,,,0,0,0,0,0,0,0.904147623555927,9.66,0,0.9,9.66,0,0,0,0,0,0,0,0,0,0,0.0249472918489533,0,0.02,0,0,0,0,0.9,0.9,9.69,9.69,9.69,9.69,,,,,,,,,,
"197970","1001803813",Tributary to Broman Lake,Broman Lake FSR,Stream crossing - CBS,Chinook Comfor Ltd,,Excluded structure,Barrier assessment,No key upstream habitat,Field assessment,,,,,,,,,,,,,,,,Low quality habitat. Channel dry with small amount of water downstream. No modeled key habitat upstream,,,"197970","1803813",PSCIS,"ROAD, RESOURCE/OTHER",ASSESSED,CBS,ROUND,BARRIER,Broman Lake FSR,Tributary to Broman Lake,"Just before km 3. Inlet embedded with vegetation ~0.2m. Channel dry, small amount of water in pool downstream. ~5cm. Hard to see channel downstream. 15:14",2021/08/31,Broman Lake FSR,,,,,,,"9","684415","6035809","360465946",31,400.431358.979010.269812,400.431358.979010.269812,BULK,,"197972;1001802047;197967","3",,,,,,0,0,0,0,0,0,0,0,0,0,0,0,0,0,0,0,0,0,0,0,0,0,0,0,0,0,0,0,0,0,0,0,0,0,,,,,,,,,,
"197972","1001802040",Tributary to Broman Lake,Transmission line,Stream crossing - CBS,BC Hydro,,Excluded structure,Barrier assessment,No key upstream habitat,Field assessment,,,,,,,,,,,,,,,,Stream dry upstream and downstream except small outlet pool. No modeled key habitat upstream,,,"197972","1802040",PSCIS,"ROAD, RESOURCE/OTHER",ASSESSED,CBS,ROUND,BARRIER,Powerline,Tributary to Broman Lake,"Powerline ascend via Broman Lake road, does not have outlet drop but does have gentle height change that could be a challenge for passage. Channel upstream dry, downstream dry except 5-10cm pool. Salamander young found in outlet pool. 16:27",2021/08/31,,,,,,,,"9","684950","6035440","360622753",559,400.431358.979010,400.431358.979010,BULK,,"1001802047;197967","2",,,,,,0,0,0,0,0,0,0,0,0,0,0,0,0,0,0,0,0,0,0,0,0,0,0,0,0,0,0,0,0,0,0,0,0,0,,,,,,,,,,
"197974",,Watson Creek,Highway 16,Stream crossing - CBS,MOTI,,Assessed structure that remains data deficient,Habitat confirmation,,,No,,Medium,Difficult,1500000,,,,,,,In-depth habitat investigation (data deficient structures only),2027/01/01,CWF,SFC/OW/SERNBC,"Full barrier to passage, historic Coho rearing point upstream but flows were lacking during 1 of 2 years sampled. Further sampling to determine habitat quality and species presence upstream and downstream of crossing would be helpful in determining level of priority.","Upgraded from low quality habitat during barrier assessment to medium during habitat confirmation, with improved flows. ",https://www.newgraphenvironment.com/fish_passage_bulkley_2022_reporting/watson-creek---197974---appendix.html,"197974","1800356",PSCIS,"ROAD, DEMOGRAPHIC",HABITAT CONFIRMATION,CBS,ROUND,BARRIER,Highway 16,Watson Creek,Deep and large outlet pool indicate the culvert is significantly undersized. Condition of the pipe is poor with corrosion and some collapsing in the middle of the pipe. 0.6m diameter overflow pipe located adjacent to the main culvert. Some decent gravels downstream. 15:52,2022/08/28,Hwy 16 W,,,,,,,"9","680390","6040069","360798765",381,400.431358.815756.166390,400.431358.815756.166390,BULK,Watson Creek,,"0","1001801115;1001801123;198065","3",,,,0,0,0,0,0,0,0,11.27,0,0,1.97,0,0,0,0,0,0,0,0,0,0,13.9328958395919,0,1.97,0,0,0,0,0,0,14.08,1.96,14.08,1.96,1086252,14.08,"4",3.52,,31,27,10,17,B
"197975",,Ailport Creek,Private,Stream crossing - CBS,Private,Kerry and Sandra (250) 696-3205,Confirmed barrier,Habitat confirmation,,,No,,Medium,Moderate,500000,High,,,,,,Engage with barrier owner,2025/01/01,CWF/OW,,"Abundant fish present, non-highway barrier","Initial contact with landowner seemed open to replacement; however, landowner became unresponsive in 2021. Continue to work with landowner for potential solution",https://www.newgraphenvironment.com/fish_passage_skeena_2021_reporting/ailport-creek---197976-197975---appendix.html,"197975","1801122",PSCIS,"ROAD, RESOURCE/OTHER",HABITAT CONFIRMATION,CBS,ROUND,BARRIER,Private Driveway,Ailport Creek,"Dredging upstream, channel width not natural. Signs of major flooding including wear on upstream sides of culvert. No riparian zone on river left upstream. Culvert 4% but has bend at last 2m outlet drop and outlet pool depth are estimates. This stream could use some restoration. 17:46",2021/08/31,,,,,,,,"9","680831","6040045","360878058",4587,400.431358.815756,400.431358.815756.166390,BULK,Ailport Creek,"197976","1","1001802029;1001802030;1001802031;1001802032;1001802043","5",,,,5.09098725857173,6.59383866372168,5.09,6.59,0,0,9.65415155105151,17.23,0,9.26,14.78,0,5.09098725857173,5.09,0,0,0,0,0,0,5.09098725857173,20.6514169845342,5.09,16.28,0,0,0,0,9.65,9.26,23.85,18.84,23.85,18.84,1256102,19.24,"2",9.62,,10,10,3,6,A
"197976",,Ailport Creek,Highway 16,Stream crossing - CBS,MOTI,,Assessed structure that remains data deficient,Habitat confirmation,,,Yes,Proportion of time,Medium,,,,,,,,,In-depth passage assessment (data deficient structures only),2025/01/01,CWF,SFC/OW/SERNBC,Scores as barrier but unlikely an issue for any life stage except potentially at high flows.,Monitor during migration to determine extent of barrier. Juvenile-sized fish observed swimming through crossing (~140mm),https://www.newgraphenvironment.com/fish_passage_skeena_2021_reporting/ailport-creek---197976-197975---appendix.html#,"197976","1800355",PSCIS,"ROAD, DEMOGRAPHIC",HABITAT CONFIRMATION,CBS,OVAL,POTENTIAL,Highway 16,Ailport Creek,"Fish sighted upstream, not aligned with stream, channel runs into rip rap berm of highway then over to closed bottom structure. Pool (40cn) on upstream inlet. Fish sighted in downstream pool. 18:16",2021/08/31,Hwy 16 W,,,,,,,"9","680645","6039756","360878058",4194,400.431358.815756,400.431358.815756.166390,BULK,Ailport Creek,,"0","1001802029;1001802030;1001802031;1001802032;1001802043;197975","6",,,,5.48398725857186,6.98683866372181,0.39,0.39,0,0,10.0471515510516,17.63,0,0.39,0.4,0,5.48398725857186,0.39,0,0,0,0,0,0,5.48398725857186,21.0444169845344,0.39,0.39,0,0,0,0,10.05,0.4,24.25,0.4,24.25,0.4,1256102,19.24,"2",9.62,,10,10,3,6,A
"198031",,,,,,,,,,,,,,,,,,,,,,,,,,,,,"198031","1801166",PSCIS,"ROAD, RESOURCE/OTHER",ASSESSED,OTHER,FORD,UNKNOWN,Spur,Cesford Creek,Ford. 13:01,2021/09/05,,,,,,,,"9","675439","6044630","360765936",2373,400.431358.785328,400.431358.785328.192986,BULK,Cesford Creek,"198049;198048","2","1024752831","1",,,,0,0,0,0,0,0,1.89100007091234,1.89,0,1.89,1.89,0,0,0,0,0,0,0,0,0,0,5.29633872401063,0,4.97,0,0,0,0,1.89,1.89,5.3,5.3,5.3,5.3,,,,,,,,,,
"198032",,,,,,,,,,,,,,,,,,,,,,,,,,,,,"198032","1801165",PSCIS,"ROAD, RESOURCE/OTHER",ASSESSED,OTHER,FORD,UNKNOWN,Spur,McRea Creek,Ford. 13:21,2021/09/05,,,,,,,,"9","675402","6044908","360774334",361,400.431358.785328.192986,400.431358.785328.192986,BULK,McCrea Creek,"198049;198048","2",,,,,,0,0,0,0,0,0,0,0.45,0,0,0.45,0,0,0,0,0,0,0,0,0,0,4.01514425531366,0,4.02,0,0,0,0,0,0,4.02,4.02,4.02,4.02,,,,,,,,,,
"198041","1001802760",Deep Creek,Spur,Stream crossing - OBS,Unknown,,Excluded structure,Barrier assessment,Passable,Field assessment,,,,,,,,,,,,,,,,Bridge,,,"198041","1802760",PSCIS,"ROAD, RESOURCE/OTHER",ASSESSED,OBS,BRIDGE,PASSABLE,Spur,Deep Creek,"Old rail can deck, now bridge. Owner says nothing else downstream. 8:55",2021/09/12,,,,,,,,"9","640551","6053250","360880400",3608,400.431358.485911,400.431358.485911.155397,BULK,Deep Creek,,"0",,,,,,3.49542979656855,6.50323941599483,3.5,6.5,0,0,8.63193452474424,16.05,0,8.63,16.05,0,7.81289565291028,7.81,0,0,0,0,0,0,5.43642489636231,7.70560882084077,5.44,7.71,0,0,0,0,8.63,8.63,17.26,17.26,17.26,17.26,,,,,,,,,,
"198042","1001805553",Glass Creek,Railway,Stream crossing - CBS,CN Rail,,Excluded structure,Barrier assessment,Passable,Field assessment,,,,,,,,,,,,,,,,"Likely closed-bottom structures (concrete boxes) but look like bridges. Deep channel with lake upstream. Not likely presenting much of barrier due to deep, slow flows.",,,"198042","1805553",PSCIS,RAIL,ASSESSED,CBS,CRTBOX,PASSABLE,CN Railway,Toboggan Creek,"2 concrete box. Not backwatered but fully wetted due to slow flowing water. Stream slope estimated. Lake/wetland habitat upstream, flowing very slowly through, assuming the crossing is embedded or an open bottom. Appears to be fish friendly. Length was taken with rangefinder. 11:13",2021/09/12,,None,,,,,,"9","611695","6082110","360870106",215,400.431358.237852.484634,400.431358.237852.484634,BULK,Glass Creek,"57944","1","1001805547;1001805548;199457;199458;57912;57914","6",,,,0,0.0416842765677073,0,0.04,0,0,4.80084116884333,9.92,0,4.8,9.92,0,0,0,0,0,0,0,0,0,0,6.78598527653003,0,4.2,0,0,0,0,4.8,4.8,12.12,12.12,13.02,13.02,,,,,,,,,,
"198043",,,,,,,,,,,,,,,,,,,,,,,,,,,,,"198043",,PSCIS,"ROAD, RESOURCE/OTHER",ASSESSED,OTHER,FORD,UNKNOWN,Powerline,John Brown,Ford. 12:47,2021/09/14,,,,,,,,"9","605360","6096554","360849615",1921,400.431358.197707,400.431358.197707.086636,BULK,John Brown Creek,"123770","1",,,,,,3.17327388872584,9.41531192257741,3.17327388872584,9.41531192257741,0,0,10.1043970070538,10.1,0,10.1043970070538,10.1,0,12.863262900948,12.863262900948,0,0,0,0,0,0,8.65439117777144,14.2355813934931,8.65439117777144,14.2355813934931,0,0,0,0,10.1,10.1,14.24,14.24,14.24,14.24,,,,,,,,,,
"198044","1001805573",Tributary to Toboggan Creek,Railway,Stream crossing - CBS,CN Rail,,Assessed structure that remains data deficient,Barrier assessment,,,No,,Low,Difficult,1000000,,,,,,,Engage with barrier owner,,,,No crossing present at this location but should be given the water upstream. Historic Coho point upstream. Needs further assessment and discussion with railway owner to determine status of crossing.,Stream upstream of railway appears to be ephemeral and follows ditch a short ways before dissipating into shrubs.,https://www.newgraphenvironment.com/fish_passage_skeena_2021_reporting/appendix---phase-1-fish-passage-assessment-data-and-photos.html#,"198044","1805573",PSCIS,RAIL,ASSESSED,CBS,ROUND,BARRIER,Railway,Tributary to Toboggan Creek,Crossing does not exist on railway.  Site entered as a placeholder because there should be connection. Surveyed above and below modelled crossing.  There is ephemeral channel upstream of the railway that is directed to go along the railway in ditch and quickly dissipates into shrubs and grasses. 12:19,2021/09/15,,None,,,,,,"9","610393","6084973","360616617",444,400.431358.237852.347471,400.431358.237852.347471,BULK,,"57944","1","57922;57925","2",,,,0,0,0,0,0,0,0,2.34,0,0,0.13,0,0,0,0,0,0,0,0,0,0,0,0,0,0,0,0,0,0,0,2.34,0.13,2.34,0.13,1469402,1.85,"2",0.925,"[ ""1331152"" ]",103,144,76,111,D
"198045",,,,,,,,,,,,,,,,,,,,,,,,,,,,,"198045","1805549",PSCIS,RAIL,ASSESSED,OBS,BRIDGE,PASSABLE,CN Railway,Elliot Creek,Bridge. 13:40,2021/09/15,,None,,,,,,"9","611346","6083669","360853551",111,400.431358.237852.410773,400.431358.237852.410773,BULK,Elliot Creek,"57944","1",,,,,,0,0,0,0,0,0,0.254992370583964,1.41,0,0.254992370583964,1.41,0,0,0,0,0,0,0,0,0,0,1.58499996078737,0,1.58499996078737,0,0,0,0,0.25,0.25,1.58,1.58,1.58,1.58,,,,,,,,,,
"198047","1001801773",Boulder Creek,Unnamed,Stream crossing - Ford,Unknown,,Excluded structure,Barrier assessment,Passable,Field assessment,,,,,,,,,,,,,,,,"Structure does not exist; road deactivated",,,"198047","1801773",PSCIS,"ROAD, RESOURCE/OTHER",ASSESSED,OTHER,FORD,UNKNOWN,Unnamed,Boulder Creek,No structure present.,2021/09/16,,,,,,,,"9","603432","6107844","360851705",2084,400.431358.140529,400.431358.140529.051002,BULK,Boulder Creek,,"0","124197;124198","2",,,,0.178301158403295,2.4618165927591,0.07,1.89,0,0,2.79443931969273,2.9,0,1.89,2.9,0,4.2997213804979,3.63,0,0,0,0,0,0,1.15636056871361,6.64438701449224,0.89,5.68,0,0,0,0,2.79,2.79,6.98,6.98,6.98,6.98,,,,,,,,,,
"198048",,Cesford Creek,Highway 16,Stream crossing - CBS,MOTI,,Assessed structure that remains data deficient,Habitat confirmation,,,Unknown,,Medium,,,,,,,,,In-depth passage assessment (data deficient structures only),2029/01/01,CWF,SFC/OW/SERNBC,Fish observed upstream. Monitor for fish passage once downstream railway crossing addressed,Two culverts,https://www.newgraphenvironment.com/fish_passage_skeena_2021_reporting/cesford-creek---198048-198049---appendix.html,"198048","1800048",PSCIS,"ROAD, DEMOGRAPHIC",HABITAT CONFIRMATION,CBS,ROUND,BARRIER,Highway 16,Cesford Creek,Habitat confirmation conducted.  Two pipes (2.5m x 2.5m).  Culvert slope measured with lazel level.  Fish observed.  Could not locate downstream crossing on railway.  Garmin backroads mapbook shows stream connecting with side channel of the Bulkley. 9:17,2021/09/05,Hwy 16 E,,,,,,,"9","674396","6043432","360765936",610,400.431358.785328,400.431358.785328,BULK,Cesford Creek,,"0","1024752831;198049","2",,,,0,0,0,0,0,0,3.65400014362733,4.46,0,0.67,0.67,0,0,0,0,0,0,0,0,0,0,11.4354830520392,0,0.67,0,0,0,0,3.65,0.67,11.44,0.68,11.44,0.68,1271902,11.11,"2",5.555,,19,17,16,13,B
"198049",,Cesford Creek,Highway 118,Stream crossing - CBS,MOTI,,Confirmed barrier,Habitat confirmation,,,Unknown,,High,Moderate,2000000,Low,,,,,,Engage with barrier owner,2027/01/01,CWF,OW,Need to determine status of CN Rail crossing downstream before proceeding to design,Fish observed in outlet pool,https://www.newgraphenvironment.com/fish_passage_skeena_2021_reporting/cesford-creek---198048-198049---appendix.html,"198049","1800193",PSCIS,"ROAD, DEMOGRAPHIC",HABITAT CONFIRMATION,CBS,ROUND,BARRIER,Highway 118,Cesford Creek,Habitat confirmation conducted.  ~110mm fish observed in outlet pool.  Culvert slope surveyed with lazer level. 8:37,2021/09/05,Hwy 118,,,,,,,"9","674875","6043782","360765936",1282,400.431358.785328,400.431358.785328.078274,BULK,Cesford Creek,"198048","1","1024752831","1",,,,0,0,0,0,0,0,2.98200101653159,3.79,0,2.98,3.79,0,0,0,0,0,0,0,0,0,0,10.7634839249435,0,10.44,0,0,0,0,2.98,2.98,10.76,10.43,10.76,10.43,1271902,11.11,"2",5.555,,19,17,16,13,B
"198065",,Watson Creek,Montgomery Road,Stream crossing - CBS,Unknown,MOTI?,Assessed structure that remains data deficient,Barrier assessment,,,,,,,,,,,,,,Habitat confirmation (data deficient structures only),2027/01/01,CWF,SFC/OW/SERNBC,very low flow but channel mostly watered during assessment. Historic Coho point upstream,Abundant gravels and excellent vegetation cover.,https://www.newgraphenvironment.com/fish_passage_skeena_2021_reporting/appendix---phase-1-fish-passage-assessment-data-and-photos.html,"198065","1800191",PSCIS,"ROAD, DEMOGRAPHIC",ASSESSED,CBS,ROUND,BARRIER,Montgomery Road,Watson Creek,Very low flow but channel is mostly watered. Abundant gravels and excellent vegetation cover. 15:58,2021/09/11,Montgomery Rd,,,,,,,"9","680197","6041646","360798765",2348,400.431358.815756.166390,400.431358.815756.166390.160692,BULK,Watson Creek,"197974","1","1001801115;1001801123","2",,,,0,0,0,0,0,0,0,9.3,0,0,0.99,0,0,0,0,0,0,0,0,0,0,11.9658957698901,0,0.99,0,0,0,0,0,0,12.12,0.99,12.12,0.99,1086252,14.08,"4",3.52,,31,27,10,17,B
"198066",,Thompson Creek,Unnamed,Stream crossing - CBS,Private,Udder View Dairy,Confirmed barrier,Habitat confirmation,Passable,Field assessment,Yes,Proportion of time,High,Easy,150000,Low,,,,,,,2025/01/01,CWF,,Passable to all life stages and species but may be slight barrier during high flows. ,,https://www.newgraphenvironment.com/fish_passage_skeena_2021_reporting/thompson-creek---198066-123377-123375---appendix.html,"198066","1802488",PSCIS,"ROAD, RESOURCE/OTHER",HABITAT CONFIRMATION,CBS,ROUND,POTENTIAL,Private Road,Thompson Creek,Udder View Farm. Curently appears passable for all life stages and species but may present slight barrier at time of year when flow are high.  Large outlet pool indicates that culvert is undersized. Landowners adjacent to the stream report that the channel was historically relocated through the fields near the river and they would like to work together to relocate. 16:48,2021/09/12,,,,,,,,"9","640244","6048060","360779258",61,400.431358.506488,400.431358.506488,BULK,Thompson Creek,,"0","1001802267;123375;123377;123380;123382","5",,,,0,6.16399826733087,0,2.38,0,0,10.1801753761725,13.32,0,2.38,2.38,0,0,0,0,0,0,0,0,0,0,6.16399826733087,0,2.38,0,0,0,0,10.18,2.38,13.32,2.38,13.32,2.38,707052,2.38,"1",2.38,,48,39,13,23,C
"198090",,Cesford Creek,Railway,Other,CN Rail,,Assessed structure that remains data deficient,Informal assessment,,,Unknown,,High,,,,,,,,,Engage with barrier owner,2025/01/01,CWF,OW,Crossing could not be located in field. Need to determine location and status with barrier owner,,https://www.newgraphenvironment.com/fish_passage_skeena_2021_reporting/cesford-creek---198048-198049---appendix.html,"198090","24742368",PSCIS,RAIL,ASSESSED,CBS,ROUND,BARRIER,CN Railway,Cesford Creek,No crossing actually exists in the field however site entered as a placeholder because there should be connection between Bulkley and Cesford at this location.  Survey found no culvert and landowner reported none present. Large man-made ditch through adjacent field may be draining some water.  Lower section of stream dry at time of survey. 11:22,2021/09/05,,None,,,,,,"9","673247","6043223","360237077",54,"400.431358",400.431358.784754,BULK,,,"0","1001800057;1001800120;1001800182;1001800186;1001800190;1001800192;1001800358;1001800361;1001800403;1001800621;1001800752;1001801115;1001801123;1001801141;1001801185;1001801187;1001801906;1001802013;1001802016;1001802029;1001802030;1001802031;1001802032;1001802043;1001802239;1001802264;1001802402;1001802639;1001802655;1001802657;1001803694;1001803928;1001804955;1001805190;1001805535;1001805539;1001805586;1001805794;1024748044;1024748047;1024752831;197907;197909;197967;197974;197975;197976;198048;198049;198065;199452;199455;199459;8a5e5281-5b5e-423d-8c66-c1816e9e32b4","54",,,,,,,,,,,,,,,,,,,,,,,,,,,,,,,,,,,,,,,,,,,,,,,
"198109",,Perow Creek,Transmission line,Stream crossing - Ford,BC Hydro,,Excluded structure,Barrier assessment,Passable,Field assessment,,,,,,,,,,,,,,,,Ford,,,"198109","1801071",PSCIS,"ROAD, RESOURCE/OTHER",ASSESSED,OTHER,FORD,PASSABLE,Transmission Line,Perow Creek,No crossing. Transmission line. 12:49,2022/08/29,,,,,,,,"9","665440","6044495","360836816",845,400.431358.737582,400.431358.737582.024023,BULK,Perow Creek,"197653","1",,,,,,0,0,0,0,0,0,0,0,0,0,0,0,0,0,0,0,0,0,0,0,0,7.06150021106451,0,7.06,0,0,0,0,0,0,7.06,7.06,7.06,7.06,,,,,,,,,,
"198110",,,,,,,,,,,,,,,,,,,,,,,,,,,,,"198110",,PSCIS,"ROAD, RESOURCE/OTHER",ASSESSED,OBS,BRIDGE,PASSABLE,Private,Stock Creek,"Private property, farm bridge, concrete slabs on both banks upstream of culvert. 12:02",2022/08/30,,,,,,,,"9","645359","6034869","360876951",2266,400.431358.576280,400.431358.576280.147580,BULK,Stock Creek,,"0","1001801055;195943;195944","3",,,,0,0,0,0,0,0,0,0.42,0,0,0.42,0,0,0,0,0,0,0,0,0,0,8.124774665207,0,0.2,0,0,0,0,0,0,8.12,8.12,8.12,8.12,,,,,,,,,,
"198111",,Coffin Creek,Spur,Stream crossing - Ford,Unknown,,Excluded structure,Barrier assessment,Passable,Field assessment,,,,,,,,,,,,,,,,Ford. No signs of obstruction visible.,,https://www.newgraphenvironment.com/fish_passage_bulkley_2022_reporting/appendix---phase-1-fish-passage-assessment-data-and-photos.html,"198111","1802798",PSCIS,"ROAD, RESOURCE/OTHER",ASSESSED,OTHER,FORD,PASSABLE,Spur,Coffin Creek,Walked in.  No crossing present. Road is more like a hiking trail than a road.  17:34,2022/08/31,,,,,,,,"9","634177","6053317","360884015",1680,400.431358.464077,400.431358.464077,BULK,Coffin Creek,"124504;197668","2","195476;1f365462-063c-491e-9fb3-bfac004d9183","2",,,,0,3.42540877903584,0,0.81,0,0,4.3204395655486,11.86,0,0.81,11.86,0,0,0,0,0,0,0,0,0,0,10.7329620868272,0,0.81,0,0,0,0,4.32,4.32,14.67,14.67,14.67,14.67,,,,,,,,,,
"198112",,Stock Creek,Railway,Stream crossing - CBS,CN Rail,,Confirmed barrier,Barrier assessment,Passable,Field assessment,,,,,,,,,,,,,,,,Passable. Fully backwatered and embedded concrete box.,,,"198112","1805507",PSCIS,RAIL,ASSESSED,CBS,CRTBOX,PASSABLE,CN Railway,Stock Creek,Fully backwatered and embedded concrete box structure on the Railway. Not a fish passage issue at this time. 13:37,2022/08/30,,None,,,,,,"9","645010","6033154","360876951",302,400.431358.576280,400.431358.576280,BULK,Stock Creek,,"0","1001801055;195934;195935;195943;195944;195963","6",,,,0,0,0,0,0,0,1.55651547076688,4.33,0,1.56,4.33,0,0,0,0,0,0,0,0,0,0,12.2366379610322,0,2.25,0,0,0,0,1.56,1.56,12.97,12.97,12.97,12.97,,,,,,,,,,
"198113",,Johnny David Creek,Spur,Stream crossing - Ford,Unknown,,Excluded structure,Barrier assessment,Passable,Field assessment,,,,,,,,,,,,,,,,Ford,Beaver dam in old road location. No obstructions noted.,,"198113","1802069",PSCIS,"ROAD, RESOURCE/OTHER",ASSESSED,OTHER,FORD,UNKNOWN,Spur,Johnny David Creek,Beaver dam in historic road location. 15:47,2022/08/29,,,,,,,,"9","665602","6052305","360866287",11697,400.431358.763808,400.431358.763808.714550,BULK,Johnny David Creek,"197663","1","3066","1",,,,0,0,0,0,0,0,0,4.94,0,0,4.94,0,0,0,0,0,0,0,0,0,0,0.179583509476664,0,0.18,0,0,0,0,0,0,4.94,4.94,4.94,4.94,,,,,,,,,,
"198114",,,,,,,,,,,,,,,,,,,,,,,,,,,,,"198114",,PSCIS,"ROAD, RESOURCE/OTHER",ASSESSED,OBS,BRIDGE,PASSABLE,Private,Stock Creek,Bridge is old CN railway metal structure and there is extensive concrete slabs in the stream used as rip rap. Private bridge within farmland. 12:20,2022/08/30,,,,,,,,"9","645565","6035218","360876951",2686,400.431358.576280,400.431358.576280.147580,BULK,Stock Creek,"195943","1","1001801055;195944","2",,,,0,0,0,0,0,0,0,0,0,0,0,0,0,0,0,0,0,0,0,0,0,7.704774665207,0,0.54,0,0,0,0,0,0,7.7,7.7,7.7,7.7,,,,,,,,,,
"198420",,,,,,,,,,,,,,,,,,,,,,,,,,,,,"198420","1802374",PSCIS,"ROAD, RESOURCE/OTHER",ASSESSED,OTHER,FORD,UNKNOWN,Spur,Causqua Creek,No crossing structure present. Fast flowing stream. Not a fish passage issue at this time.,2022/09/01,,,,,,,,"9","608305","6100269","360886043",250,400.431358.184601,400.431358.184601,BULK,Causqua Creek,,"0",,,,,,0.196237321506272,1.05408603195835,0.2,1.05,0,0,1.05408603195835,1.05,0,1.05,1.05,0,2.63111472632724,2.63,0,0,0,0,0,0,0.568086031958265,3.14099898230564,0.57,3.14,0,0,0,0,1.05,1.05,3.14,3.14,3.14,3.14,,,,,,,,,,
"199443","1806259",Maish Creek,Upper Fulton Spur,None,,,Excluded structure,Barrier assessment,No structure,Field assessment,,,,,,,,,,,,,,,,"Road deactivated, bridge removed",,,"199443","1806259",PSCIS,"ROAD, RESOURCE/OTHER",ASSESSED,OTHER,FORD,UNKNOWN,Upper FultonSpur Rd,Maish Creek,"This road has been deactivated, and the bridge has been removed.",2024/08/10,,,,,,,,"9","630941","6121928","360836622",4705,400.431358.079962.441999.336998,400.431358.079962.441999.336998.408545,BULK,Maish Creek,,"0",,,,,,0,0,0,0,0,0,0.0901222940696779,3.36,0,0.09,3.36,0,0,0,0,0,0,0,0,0,0,1.64377158776466,0,1.64,0,0,0,0,0.09,0.09,3.58,3.58,3.58,3.58,,,,,,,,,,
"199444","24756606",Trib to Touhy Creek,Unnamed,Stream crossing - Ford,,,Excluded structure,Barrier assessment,Passable,Field assessment,,,,,,,,,,,,,,,,Road deactivated. ,Makeshift bridge has been placed across the channel,,"199444","24756606",PSCIS,"ROAD, RESOURCE/OTHER",ASSESSED,OTHER,FORD,UNKNOWN,,Trib to Touhy Creek,"Road has been deactivated, and the crossing has been pulled out. A makeshift bridge has been placed accross the (currently) dewatered channel, most likely for ATV use or winter sled access.",2024/09/10,,,,,,,,"9","625297","6115678","360534384",905,400.431358.079962.441999.443832.262058.419735,400.431358.079962.441999.443832.262058.419735.217361,BULK,,,"0",,,,,,0,0,0,0,0,0,0,0.46,0,0,0.46,0,0,0,0,0,0,0,0,0,0,1.59845923704698,0,1.59845923704698,0,0,0,0,0,0,2.06,2.06,2.06,2.06,,,,,,,,,,
"199445","24756607",Touhy Creek,338 FSR,Stream crossing - OBS,West Fraser,,Excluded structure,Barrier assessment,Passable,Field assessment,,,,,,,,,,,,,,,,,,,"199445","24756607",PSCIS,"ROAD, RESOURCE/OTHER",ASSESSED,OBS,BRIDGE,PASSABLE,338 FSR,Touhey Creek,"Nice stream with decent pools and riffle/runs. Bridge is in decent shape, and spans more than channel width.",2024/09/10,,,,,,,,"9","625876","6115664","360881993",8600,400.431358.079962.441999.443832.262058,400.431358.079962.441999.443832.262058.419735,BULK,Touhy Creek,,"0",,,,,,0,0.201524797144255,0,0.201524797144255,0,0,5.21699623935217,10.27,0,5.21699623935217,10.27,0,0,0,0,0,0,0,0,0,0,4.89332158923776,0,4.89332158923776,0,0,0,0,5.22,5.22,11.48,11.48,11.51,11.51,,,,,,,,,,
"199446","1804808",Trib to Maish Creek,Unnamed,Stream crossing - OBS,West Fraser,,Excluded structure,Barrier assessment,Passable,Field assessment,,,,,,,,,,,,,,,,,,,"199446",,PSCIS,"ROAD, RESOURCE/OTHER",ASSESSED,OBS,BRIDGE,PASSABLE,,Trib to Maish Creek,Bridge in good condition,2024/09/10,,,,,,,,"9","630354","6122137","360655376",289,400.431358.079962.441999.336998.437215.050417,400.431358.079962.441999.336998.437215.050417,BULK,,,"0",,,,,,0,0,0,0,0,0,0,0,0,0,0,0,0,0,0,0,0,0,0,0,0,0,0,0,0,0,0,0,0,0,0,0,0,0,,,,,,,,,,
"199447","1804826",Maish Creek,Upper Fulton,Stream crossing - CBS,West Fraser,,Confirmed barrier,Barrier assessment,,,,,Medium,,,,,,,,,Engage with barrier owner,2025/10/31,OW,CWF,Industry barrier with Dolly Varden presence and spawning confirmed,See Triton 1996 report in supporting links,https://a100.gov.bc.ca/pub/acat/documents/r2651/2651-1_1520022508712_0021917326.pdf,"199447","1804826",PSCIS,"ROAD, RESOURCE/OTHER",ASSESSED,CBS,ROUND,BARRIER,Upper Fulton,Maish Creek,"Beaver pond us of culvert, which caused a side channel to form. DS of culvert  is an outlet drop. Stream is nice, with small boulders AND COBBLES",2024/09/10,,,,,,,,"9","630851","6122047","360836622",4940,400.431358.079962.441999.336998,400.431358.079962.441999.336998.437215,BULK,Maish Creek,,"0",,,,,,0,0,0,0,0,0,0,0,0,0,0,0,0,0,0,0,0,0,0,0,0,0,0,0,0,0,0,0,0,0,0,0,0,0,,,,,,,,,,
"199448","1804520",Trib to Klo Creek,Klo Creek FSR,Stream crossing - CBS,Dungate Community Forest LP,,Confirmed barrier,Barrier assessment,,,,,,,,,,,,,,In-depth habitat investigation (data deficient structures only),,OW,CWF,Fish observed but not clear on species,Complete fish sampling to determine species present before presenting to barrier owner.,,"199448","1804520",PSCIS,"ROAD, RESOURCE/OTHER",ASSESSED,CBS,ROUND,BARRIER,Klo Creek FSR,Trib to Klo Creek,"Fish obsserved downstream, good habitat upstream. Good little pools and riffles.",2024/09/11,,,,,,,,"9","668634","6021387","360671266",1395,400.431358.623573.718570.812228,400.431358.623573.718570.812228,BULK,,,"0","1001806279","1",,,,0,0,0,0,0,0,0,0.62,0,0,0.62,0,0,0,0,0,0,0,0,0,0,1.04609967623644,0,0.93,0,0,0,0,0,0,1.05,0.93,1.05,0.93,1418052,0.93,"1",0.93,,102,84,137,112,D
"199449","1801075",Trib to Klo Creek,Houston Snowmobile Dungate Trail,Stream crossing - Ford,,,Excluded structure,Barrier assessment,Passable,Field assessment,,,,,,,,,,,,,,,,,,,"199449","1801075",PSCIS,"ROAD, RESOURCE/OTHER",ASSESSED,OTHER,FORD,UNKNOWN,Houston Snowmobile Dungate Trail,Trib to Klo Creek,Recreational trail for ATV and snowmobile use. No culvert or bridge. Stream drains into a wetland complex.,2024/09/11,,,,,,,,"9","667738","6019117","360799429",348,400.431358.623573.718570.731096,400.431358.623573.718570.731096,BULK,,,"0","199450","1",,,,0,0,0,0,0,0,0,0.94,0,0,0.94,0,0,0,0,0,0,0,0,0,0,0.943507772481239,0,0.92,0,0,0,0,0,0,0.94,0.94,0.94,0.94,,,,,,,,,,
"199450",,Trib to Klo Creek,Equity Mine FSR,Stream crossing - CBS,,,Assessed structure that remains data deficient,Barrier assessment,,,,,Medium,,,,,,,,,Habitat confirmation (data deficient structures only),2025/10/31,OW,CWF,Industry barrier with confirmed Rainbow Trout presence. See supporting link. Habitat confirmation to determine salmon values.,,https://a100.gov.bc.ca/pub/acat/documents/r582/i028_1067978004519_acaaee50271c4783b64bcd3f79b0e3af.pdf ,"199450","1800247",PSCIS,"ROAD, DEMOGRAPHIC",ASSESSED,CBS,ROUND,BARRIER,Equity Mine FSR,Trib to Klo Creek,"2 Culverts next to each other, but one is buried with no flow. Beaver dam downstream.",2024/09/11,Equity Mine Rd,,,,,,,"9","666891","6019033","360799429",1271,400.431358.623573.718570.731096,400.431358.623573.718570.731096,BULK,,,"0",,,,,,0,0,0,0,0,0,0,0.02,0,0,0.02,0,0,0,0,0,0,0,0,0,0,0.0205077724812659,0,0.0205077724812659,0,0,0,0,0,0,0.02,0.02,0.02,0.02,1422002,0.02,"1",0.02,,190,303,269,244,D
"199451","1804408",Trib to Klo Creek,Foxy FSR,Stream crossing - CBS,Canfor,,Confirmed barrier,Barrier assessment,,,,,Medium,,,,,,,,,Engage with barrier owner,2025/10/31,OW,CWF,Industry barrier with fish observed downstream,,,"199451","1804408",PSCIS,"ROAD, RESOURCE/OTHER",ASSESSED,CBS,ROUND,BARRIER,Foxy FSR,Trib to Klo Creek,Beautiful clear stream ds. Inlet drop of 0.4m. Logs at inlet blocking fish passage. 2nd culvert buried beside this one. Fish observed downstream. Debris jam observed 50m ds.,2024/09/11,,,,,,,,"9","673134","6015930","360869637",690,400.431358.623573.718570.532035.199790,400.431358.623573.718570.532035.199790,BULK,,,"0",,,,,,0,0,0,0,0,0,0,0,0,0,0,0,0,0,0,0,0,0,0,0,0,0,0,0,0,0,0,0,0,0,0,0,0,0,,,,,,,,,,
"199452","1805040",Taman Creek,Taman Creek FSR,Stream crossing - CBS,Babine Forest Products Ltd.,,Assessed structure that remains data deficient,Barrier assessment,,,,,Medium,,,,,,,,,Engage with barrier owner,2025/10/31,OW,CWF,Industry barrier with confirmed Rainbow Trout presence. See supporting link.,,https://a100.gov.bc.ca/pub/acat/documents/r13641/SM07-35801_1209485671609_8e248a8d30d9584b1b8916e14f14aee0caac657ee227.pdf,"199452","1805040",PSCIS,"ROAD, RESOURCE/OTHER",ASSESSED,CBS,ROUND,BARRIER,Taman Creek FSR,Taman Creek,"Nice Stream with good flow, and small cobbles",2024/10/02,Taman FSR,,,,,,,"9","691405","6036231","360774530",4877,400.431358.946172,400.431358.946172.302086,BULK,Taman Creek,"1001802402;197967","2",,,,,,0,0,0,0,0,0,0,2.05,0,0,2.05,0,0,0,0,0,0,0,0,0,0,2.1809971839582,0,2.18,0,0,0,0,0,0,2.18,2.18,2.18,2.18,185652,2.55,"2",1.275,"[ ""1406202"" ]",79,135,70,101,D
"199453","1804882",Trib to Maxan Creek,Colleymount FSR,Stream crossing - CBS,WEst Fraser,,Excluded structure,Barrier assessment,No key upstream habitat,Field assessment,,,,,,,,,,,,,,,,,"No modeled key habitat, confirmed no habitat in the field. Crossing not mapped.",,"199453","1804882",PSCIS,"ROAD, RESOURCE/OTHER",ASSESSED,CBS,ROUND,BARRIER,Colleymount FSR,Trib to Maxan Creek,Crossing not as mapped. Stream flows down the ditch then crosses the road.,2024/10/03,,,,,,,,"9","694083","6005372","360814958",235,400.431358.918528.856544,400.431358.918528.856544,BULK,,,"0",,,"67273480000085",,,0,0,0,0,0,0,0,0,0,0,0,0,0,0,0,0,0,0,0,0,0,0,0,0,0,0,0,0,0,0,0,0,0,0,,,,,,,,,,
"199454","1804716",Trib to Conrad Lake,Conrad Lake FSR,Stream crossing - CBS,Chinook Comfor Ltd.,,Assessed structure that remains data deficient,Barrier assessment,,,,,Medium,,,,,,,,,Engage in public consultation,2025/10/31,OW,CWF,No modeled habitat but Rainbow Trout confirmed at crossing (see supporting link). Industry barrier.,,https://a100.gov.bc.ca/pub/acat/documents/r13641/SM07-35801_1209485671609_8e248a8d30d9584b1b8916e14f14aee0caac657ee227.pdf,"199454","1804716",PSCIS,"ROAD, RESOURCE/OTHER",ASSESSED,CBS,ROUND,BARRIER,Conrad Lake FSR,Trib to Conrad Lake,Culvert inlet in obstructed by another culvert and some debris.,2024/10/02,,,,,,,,"9","690372","6036814","360841027",4974,400.431358.963818,400.431358.963818.307540,BULK,,"1001805019;197967","2",,,,,,0,0,0,0,0,0,0,0,0,0,0,0,0,0,0,0,0,0,0,0,0,0,0,0,0,0,0,0,0,0,0,0,0,0,,,,,,,,,,
"199455","1804538",Trib to Old Woman,Conrad Lake FSR,Stream crossing - CBS,Chinook Comfor Ltd.,,Assessed structure that remains data deficient,Barrier assessment,,,,,Medium,,,,,,,,,Habitat confirmation (data deficient structures only),2025/10/31,OW,CWF,,"Small stream, Rainbow Trout confirmed to crossing and farther upstream. Industry barrier but salmon habitat values unclear.",,"199455","1804538",PSCIS,"ROAD, RESOURCE/OTHER",ASSESSED,CBS,ROUND,BARRIER,Conrad Lake FSR,Trib to Old Woman,"Small stream, culvert is in bad condition at inlet.",2024/10/02,,,,,,,,"9","688086","6037493","360865721",4415,400.431358.972546,400.431358.972546.242866,BULK,,"197967","1",,,,,,0,0,0,0,0,0,0,2.62,0,0,2.62,0,0,0,0,0,0,0,0,0,0,0,0,0,0,0,0,0,0,0,2.62,2.62,2.62,2.62,1275852,2.62,"1",2.62,"[ ""1406202"" ]",40,121,66,88,D
"199456","1803589",Trib to Maxan Creek,Colleymount FSR,Stream crossing - CBS,West Fraser,,Excluded structure,Barrier assessment,No key upstream habitat,Field assessment,,,,,,,,,,,,,,,,"No modeled key habitat, confirmed no habitat in field. ",Entered erroneously in PSCIS as crossing 1803586. ,,"199456","1803589",PSCIS,"ROAD, RESOURCE/OTHER",ASSESSED,CBS,ROUND,BARRIER,Colleymount FSR,Trib to Maxan Creek,"Large outlet drop, which created small cascades and 20% stream slope at outflow. Low priority",2024/10/03,,,,,,,,"9","693377","6008139","360466712",522,400.431358.918528.776797,400.431358.918528.776797,BULK,,,"0",,,,,,0,0,0,0,0,0,0,0,0,0,0,0,0,0,0,0,0,0,0,0,0,0,0,0,0,0,0,0,0,0,0,0,0,0,,,,,,,,,,
"199457","1803151",Glass Creek,Private,Stream crossing - CBS,,,Assessed structure that remains data deficient,Barrier assessment,,,,,Medium,,,,,,,,,Habitat confirmation (data deficient structures only),2025/10/31,OW,CWF,Coho confirmed a short distance downstream of crossing,"From satellite imagery, road may cut off main channel and be diverted to ditch at this location.",http://a100.gov.bc.ca/pub/pscismap/imageViewer.do?assessmentId=200817,"199457",,PSCIS,"ROAD, RESOURCE/OTHER",ASSESSED,CBS,ROUND,BARRIER,Highway 16 Farm field access,Toboggan Creek,"Deep channel, fine sediment. Poor riparian, just a hay field and some shrubs. Because of the water level we couldn't safely get all the pictures.",2024/10/04,,,,,,,,"9","613248","6081291","360870106",2142,400.431358.237852.484634,400.431358.237852.484634.204505,BULK,Glass Creek,"57944","1","1001805547;1001805548;199458;57912;57914","5",,,,0,0,0,0,0,0,0,4.73,0,0,0.06,0,0,0,0,0,0,0,0,0,0,2.58530261168625,0,0.06,0,0,0,0,0,0,6.43,0.06,6.43,0.06,880852,4.14,"3",1.38,"[ ""1331152"" ]",71,132,27,73,D
"199458","1803148",Glass Creek,Private,Stream crossing - CBS,Private,,Assessed structure that remains data deficient,Barrier assessment,,,,,Medium,,,,,,,,,Habitat confirmation (data deficient structures only),2025/10/31,OW,CWF,Coho confirmed a short distance downstream,,http://a100.gov.bc.ca/pub/pscismap/imageViewer.do?assessmentId=200818,"199458",,PSCIS,"ROAD, RESOURCE/OTHER",ASSESSED,CBS,ROUND,BARRIER,Highway 16 Farm field access,Toboggan Creek,"Deep channel, fine sediment. Poor riparian, just a hay field and some shrubs. Because of the water level we couldn't safely get all the pictures.",2024/10/04,,,,,,,,"9","613283","6081246","360870106",2202,400.431358.237852.484634,400.431358.237852.484634.204505,BULK,Glass Creek,"199457;57944","2","1001805547;1001805548;57912;57914","4",,,,0,0,0,0,0,0,0,4.67,0,0,0.98,0,0,0,0,0,0,0,0,0,0,2.5280180309585,0,1.49,0,0,0,0,0,0,6.37,1.63,6.37,1.63,880852,4.14,"3",1.38,"[ ""1331152"" ]",71,132,27,73,D
"199459","1802664",Trib to Taman Creek,Taman Creek FSR,Stream crossing - CBS,,,Excluded structure,Barrier assessment,No key upstream habitat,Field assessment,,,Low,,,,,,,,,,,,,,"Upstream is a pond, no known flow. Water is stagnant and orange.",,"199459","1802664",PSCIS,"ROAD, DEMOGRAPHIC",ASSESSED,CBS,ROUND,BARRIER,Taman Creek FSR,Trib to Taman Creek,"Upstream is a pond, no known flow. Water is stagnant and orange.",2024/10/02,Taman Creek Rd,,,,,,,"9","692595","6035383","360775491",463,400.431358.946172.238844,400.431358.946172.238844,BULK,,"197967","1",,,,,,0,0,0,0,0,0,0,0.5,0,0,0.5,0,0,0,0,0,0,0,0,0,0,0.284389112576806,0,0.28,0,0,0,0,0,0,0.5,0.5,0.5,0.5,,,,,,,,,,
"199460","1802663",Taman Creek,Hydro lines,Stream crossing - Ford,BC Hydro,,Excluded structure,Barrier assessment,Passable,Field assessment,,,,,,,,,,,,,,,,,,,"199460","1802663",PSCIS,"ROAD, RESOURCE/OTHER",ASSESSED,OTHER,FORD,UNKNOWN,Hydro lines,Taman Creek,"Culvert has been removed, now just a ford. Channel width @ crossing 4.2m",2024/10/02,,,,,,,,"9","691791","6033969","360774530",1784,400.431358.946172,400.431358.946172.104894,BULK,Taman Creek,"197967","1","1001802402;199452;199459","3",,,,0,0,0,0,0,0,0,6.07,0,0,6.07,0,0,0,0,0,0,0,0,0,0,5.42149995180456,0,2.59,0,0,0,0,0,0,6.2,6.2,6.2,6.2,,,,,,,,,,
"199461","197967",Taman Creek,Highway 16,Stream crossing - CBS,MOTI,,Excluded structure,Post-rehabilitation monitoring,Passable,,,,Medium,,,,,,,,,,,,,,Structure upgraded to embedded CBS 2024.,,"199461","1800050",PSCIS,"ROAD, DEMOGRAPHIC",ASSESSED,CBS,OVAL,UNKNOWN,Highway 16,Taman Creek,"No outlet pool, culvert is full of rip rap. Structure upgrade complete summer 2024.",2024/10/02,Hwy 16 W,,,,,,,"9","692435","6032330","360873822",265598,"400.431358",400.431358.937031,BULK,Bulkley River,,"0","1001800182;1001802264;1001802402;1001803928;197967;199452;199455;199459","8",,,,3.09230953598135,3.33626823776488,0.01,0.01,0,0,5.17572177491239,24.28,0,0.01,24.28,0,3.33626823776488,0.01,0,0,0,0,0,0,3.33626823776488,10.5667152637311,0.01,0.01,0,0,0,0,5.18,5.18,24.43,24.43,24.43,24.43,,,,,,,,,,
"199462","1801813",Trib to Maxan Lake,Thompson FSR spur,None,,,Excluded structure,Barrier assessment,No structure,Field assessment,,,,,,,,,,,,,,,,,"Road overgrown, no structure identified.",,"199462","1801813",PSCIS,"ROAD, RESOURCE/OTHER",ASSESSED,OTHER,FORD,UNKNOWN,Thompson FSR spur rd,Trib to Maxan Lake,"Road is very grown in, walked to crossing waypoint but there was nothing identifiable.",2024/10/03,,,,,,,,"9","689603","6023682","360720743",1453,400.431358.918528.356561,400.431358.918528.356561,BULK,,,"0",,,,,,0,0,0,0,0,0,0,1.5,0,0,1.5,0,0,0,0,0,0,0,0,0,0,0.505091505185181,0,0.51,0,0,0,0,0,0,1.5,1.5,1.5,1.5,,,,,,,,,,
1f365462-063c-491e-9fb3-bfac004d9183,,Coffin Creek,n/a,Dam,Ducks Unlimited Canada,,Assessed structure that remains data deficient,Barrier assessment,,,,,,,,,,,,,,Habitat confirmation (data deficient structures only),2025/01/01,CWF,OW/Gitxsan/Witset,High quality habitat for both Coho and Lamprey,Formerly dam no. 1100001493,https://www.newgraphenvironment.com/fish_passage_bulkley_2022_reporting/results-and-discussion.html,1f365462-063c-491e-9fb3-bfac004d9183,,CABD,DAM,,OTHER,DAM,BARRIER,,,,,,,Coffin Lake Dam,,Ducks Unlimited (Canada),Unknown,Active,"9","634763","6051171","360884015",5302.62747883522,400.431358.464077,400.431358.464077.271811,BULK,Coffin Creek,"195476;124504;197668","3",,,,,,0,0,0,0,0,0,0.895030786512752,8.22,0,0.9,8.22,0,0,0,0,0,0,0,0,0,0,7.30755330779135,0,7.31,0,0,0,0,0.9,0.9,11.04,11.04,11.04,11.04,1244252,16.04,"4",4.01,,25,23,7,12,B
"203122",,,,,,,,,,,,,,,,,,,,,,,,,,,,,"203122","1805555",PSCIS,RAIL,HABITAT CONFIRMATION,CBS,ROUND,BARRIER,Railway,Simpson Creek,"Two 1.5m diameter pipes run under the railway, approximately 30m apart. The southern pipe is fully embedded with an average embedment depth of 25cm, while the northern pipe is currently passing all stream flow. This is a high-value stream with extensive gravel areas suitable for steelhead, coho, and chinook salmon spawning upstream. The adjacent landowner has reported recent observations of steelhead spawning and has historical knowledge of chinook spawning approximately 300m downstream from Nielsen Road.",2024/09/20,,None,,,,,,"9","614943","6075233","360804808",685,400.431358.338841.321949,400.431358.338841.321949.055994,BULK,Simpson Creek,"203126;58245;58287;1001800009;58271;58242","6","58213;58261;58263","3",,,,0,0,0,0,0,0,1.09600015574931,1.69,0,0.72,0.9,0,0,0,0,0,0,0,0,0,0.962000155749383,0.962000155749383,0.72,0.72,0,0,0,0,1.1,0.72,1.69,0.9,1.69,0.9,1287702,1.92,"6",0.32,"[ ""884802"", ""884803"" ]",154,352,79,175,D
"203126",,,,,,,,,,,,,,,,,,,,,,,,,,,,,"203126",,PSCIS,"ROAD, RESOURCE/OTHER",ASSESSED,CBS,ROUND,BARRIER,Private driveway,Simpson Creek,"Three 0.95 m pipes run under a private driveway. The pipe lengths and gradients are estimated, with two pipes appearing fully embedded and one slightly elevated by approximately 30 cm. The stream is channelized with large boulders throughout the property. Beaver activity is evident, with debris at the inlet and three dams ranging from 0.4 to 1 m high within 150 m upstream. The landowner reported previous blockages caused by beavers, requiring the inlet to be cleared and significant amounts of accumulated material to be dredged out.",2024/09/20,,,,,,,,"9","615299","6075101","360804808",291,400.431358.338841.321949,400.431358.338841.321949,BULK,Simpson Creek,"58245;58287;1001800009;58271;58242","5","203122;58213;58261;58263","4",,,,0.236036659022177,0,0.24,0,0,0,1.48999940071915,2.08,0,0.39,0.39,0,0,0,0,0,0,0,0,0,1.35599940071922,1.35599940071922,0.39,0.39,0,0,0,0,1.49,0.39,2.08,0.39,2.08,0.39,1287702,1.92,"6",0.32,"[ ""884802"", ""884803"" ]",154,352,79,175,D
"3054",,Johnny David Creek,North Road FSR,Stream crossing - CBS,Canfor/Cody Creek Contracting,,Assessed structure that remains data deficient,Habitat confirmation,,,Unknown,,High,Difficult,650000,Medium,,,,,,In-depth habitat investigation (data deficient structures only),2025/01/01,CWF,OW,Industry barrier,Investigate if waterfall present downstream,https://www.newgraphenvironment.com/fish_passage_bulkley_2020_reporting/appendix---197663-3054---johnny-david-creek.html,"3054","1803558",PSCIS,"ROAD, RESOURCE/OTHER",HABITAT CONFIRMATION,CBS,ROUND,BARRIER,North road,Johnny David Creek,Fill depth approximatley 12m.  Fish observed upstream of crossing.,2020/09/03,North Road FSR,,,,,,,"9","664884","6052690","360810755",835,400.431358.763808.706575,400.431358.763808.706575.030205,BULK,,"197663","1","1001800587","1",,,,0,0,0,0,0,0,0,4.02,0,0,1.05,0,0,0,0,0,0,0,0,0,0,1.81369238250843,0,1.05,0,0,0,0,0,0,4.04,1.04,4.04,1.04,1433852,4.04,"2",2.02,"[ ""1232402"" ]",56,127,40,79,D
"3066",,,,,,,,,,,,,,,,,,,,,,,,,,,,,"3066","1803566",PSCIS,"ROAD, RESOURCE/OTHER",ASSESSED,CBS,ROUND,BARRIER,North Road,,,2009/11/05,North Road FSR,,,,,,,"9","666074","6055225","360810225",239,400.431358.763808.913288,400.431358.763808.913288,BULK,,"197663","1",,,,,,0,0,0,0,0,0,0,0.64,0,0,0.64,0,0,0,0,0,0,0,0,0,0,0,0,0,0,0,0,0,0,0,0.64,0.64,0.64,0.64,1437802,0.64,"1",0.64,"[ ""1232402"" ]",121,157,161,148,D
"3086",,,,,,,,,,,,,,,,,,,,,,,,,,,,,"3086","1803569",PSCIS,"ROAD, RESOURCE/OTHER",ASSESSED,CBS,ROUND,BARRIER,North Road,,,2009/11/05,North Road FSR,,,,,,,"9","658127","6037706","360826607",2198,400.431358.669545,400.431358.669545.238872,BULK,,"1001800222;1001800226;1001805563","3",,,,,,0,0,0,0,0,0,0,0,0,0,0,0,0,0,0,0,0,0,0,0,0,0.203413642482432,0,0.2,0,0,0,0,0,0,0.2,0.2,0.2,0.2,643853,0.2,"1",0.2,"[ ""643852"" ]",170,373,225,256,D
"3091",,,,,,,,,,,,,,,,,,,,,,,,,,,,,"3091","1803532",PSCIS,"ROAD, RESOURCE/OTHER",ASSESSED,CBS,ROUND,BARRIER,North Road,,,2009/11/05,North Road FSR,,,,,,,"9","656850","6048636","360796776",886,400.431358.732614.379558,400.431358.732614.379558,BULK,,,"0",,,59203f50-5ba0-44e8-bf61-410023249dd7,,,0,0,0,0,0,0,0,0,0,0,0,0,0,0,0,0,0,0,0,0,0,3.82277178073986,0,3.82277178073986,0,0,0,0,0,0,3.82,3.82,3.82,3.82,1299552,3.82,"1",3.82,,28,24,41,27,C
"3138",,,,,,,,,,,,,,,,,,,,,,,,,,,,,"3138","1803543",PSCIS,"ROAD, RESOURCE/OTHER",ASSESSED,CBS,OVAL,BARRIER,North Road,McQuarrie Creek,,2009/11/03,North Road FSR,,,,,,,"9","656523","6048132","360875378",11645,400.431358.732614,400.431358.732614.408992,BULK,McQuarrie Creek,,"0",,,59203f50-5ba0-44e8-bf61-410023249dd7,,,0,0,0,0,0,0,0,0,0,0,0,0,0,0,0,0,0,0,0,0,1.13904180140808,7.87335564049985,1.14,7.87,0,0,0,0,1.14,1.14,7.87,7.87,7.87,7.87,1303502,7.87,"1",7.87,,12,11,23,14,B
"3139",,,,,,,,,,,,,,,,,,,,,,,,,,,,,"3139","1803553",PSCIS,"ROAD, RESOURCE/OTHER",HABITAT CONFIRMATION,CBS,ROUND,BARRIER,North Road,Trib to McQuarrie Creek,Inlet plugged with small and large woody debris. Fry and juvenile fish observed upstream.,2020/09/01,North Road FSR,,,,,,,"9","656651","6048543","360698740",508,400.431358.732614.408992,400.431358.732614.408992,BULK,,,"0",,,59203f50-5ba0-44e8-bf61-410023249dd7,,,0,0,0,0,0,0,0,0,0,0,0,0,0,0,0,0,0,0,0,0,0,5.05316509565207,0,5.05316509565207,0,0,0,0,0,0,5.05,5.05,5.05,5.05,1307452,5.05,"1",5.05,,22,20,35,25,C
"3143",,,,,,,,,,,,,,,,,,,,,,,,,,,,,"3143","1800069",PSCIS,"ROAD, DEMOGRAPHIC",ASSESSED,OBS,PIPEARCH,PASSABLE,Highway 16,McQuarrie Creek,,2009/11/02,Hwy 16 E,,,,,,,"9","664203","6043658","360875378",94,400.431358.732614,400.431358.732614,BULK,McQuarrie Creek,,"0","3091;3138;3139","3",,,,2.43882273776841,3.69499007488185,2.44,3.69,0,0,3.69499007488185,3.69,0,3.69,3.69,0,3.70508087508399,3.71,0,0,0,0,0,0,11.9173347263936,29.6933707904918,10.78,12.94,0,0,0,0,11.92,11.92,29.69,29.69,29.69,29.69,,,,,,,,,,
"57760",,,,,,,,,,,,,,,,,,,,,,,,,,,,,"57760","1800496",PSCIS,"ROAD, RESOURCE/OTHER",ASSESSED,OBS,BRIDGE,PASSABLE,R165402,Tributary to Emerson Creek,"Passable, no action required",2012/09/07,,,,,,,,"9","638117","6030828","360780250",2333,400.431358.554646.208239,400.431358.554646.208239,BULK,,,"0",,,,,,0,0,0,0,0,0,0,0.23,0,0,0.23,0,0,0,0,0,0,0,0,0,0,0.0523591010398276,0,0.05,0,0,0,0,0,0,0.23,0.23,0.23,0.23,,,,,,,,,,
"57764",,,,,,,,,,,,,,,,,,,,,,,,,,,,,"57764",,PSCIS,"ROAD, RESOURCE/OTHER",ASSESSED,OBS,BRIDGE,PASSABLE,Walcott FSR,Emerson Creek,"Passable, no action required",2012/09/07,,,,,,,,"9","641058","6034730","360865670",1943,400.431358.554646,400.431358.554646,BULK,Emerson Creek,,"0",,,,,,7.40902073389983,9.1275298519378,7.41,9.13,0,0,10.9279232391156,11.69,0,10.93,11.69,0,10.6349484229941,10.63,0,0,0,0,0,0,9.00111342649971,13.1483809258459,9,13.15,0,0,0,0,10.93,10.93,13.33,13.33,13.62,13.62,,,,,,,,,,
"57776",,,,,,,,,,,,,,,,,,,,,,,,,,,,,"57776","24704548",PSCIS,"ROAD, RESOURCE/OTHER",ASSESSED,OBS,BRIDGE,PASSABLE,Walcott FSR,Tributary to Bulkley River,"Passable, no action required",2012/09/08,Morice Telkwa FSR,,,,,,,"9","640162","6036706","360831532",461,400.431358.549915,400.431358.549915,BULK,,,"0",,,,,,0,0,0,0,0,0,1.02719896376393,1.03,0,1.03,1.03,0,0,0,0,0,0,0,0,0,0,2.70689141593953,0,2.71,0,0,0,0,1.03,1.03,2.71,2.71,2.71,2.71,,,,,,,,,,
"57777",,,,,,,,,,,,,,,,,,,,,,,,,,,,,"57777","24704547",PSCIS,"ROAD, RESOURCE/OTHER",ASSESSED,OBS,BRIDGE,PASSABLE,Walcott FSR,Dockrill Creek,"Passable, no action required",2012/09/08,Morice Telkwa FSR,,,,,,,"9","640424","6037535","360873219",606,400.431358.549072,400.431358.549072,BULK,Dockrill Creek,,"0",,,,,,14.2552436209576,18.8126283467596,14.26,18.81,0,0,19.5608484875954,19.56,0,19.56,19.56,0,20.6676809990124,20.67,0,0,0,0,0,0,18.2569905634101,21.4566443433178,18.26,21.46,0,0,0,0,19.59,19.59,21.98,21.98,21.98,21.98,,,,,,,,,,
"57779",,,,,,,,,,,,,,,,,,,,,,,,,,,,,"57779","1803821",PSCIS,"ROAD, DEMOGRAPHIC",ASSESSED,OBS,BRIDGE,PASSABLE,Walcott FSR,Tributary to Bulkley River,"Passable, no action required",2012/09/08,Walcott Quick Rd,,,,,,,"9","638647","6041811","360821722",1416,400.431358.529247,400.431358.529247,BULK,,,"0",,,,,,0.633411497944667,4.54071812810039,0.63,4.54,0,0,4.54071812810039,4.54,0,4.54,4.54,0,5.652161328664,5.65,0,0,0,0,0,0,4.54071812810039,5.69700120770548,4.54,5.7,0,0,0,0,4.54,4.54,5.7,5.7,5.7,5.7,,,,,,,,,,
"57786",,,,,,,,,,,,,,,,,,,,,,,,,,,,,"57786","1800150",PSCIS,"ROAD, DEMOGRAPHIC",ASSESSED,CBS,ROUND,POTENTIAL,Anderson Road,Vallee Creek,"Very low habitat value, no action required",2012/09/09,Anderson Rd,,,,,,,"9","646590","6039383","360887375",10739,400.431358.515992,400.431358.515992.468571,BULK,Vallee Creek,"57801;1001800041;57793","3",,,,,,0,0,0,0,0,0,0,1.25,0,0,1.25,0,0,0,0,0,0,0,0,0,0,0,0,0,0,0,0,0,0,0,1.25,1.25,1.25,1.25,1445704,1.91,"2",0.955,"[ ""1445702"", ""1445703"" ]",100,191,91,135,D
"57793",,Vallee Creek,Walcott Road,Stream crossing - CBS,MOTI,,Assessed structure that remains data deficient,Habitat confirmation,,,Unknown,Proportion of time,High,Moderate,850000,,,,,,,In-depth passage assessment (data deficient structures only),2025/01/01,CWF,SFC/OW/SERNBC,"Small outlet drop, may not be a barrier at some flows. Fish sampling recommended to better understand status of barrier and fish community present",Excellent habitat quality with suitable spawning habitat and moderate rearing potential,https://www.newgraphenvironment.com/fish_passage_bulkley_2022_reporting/vallee-creek---57793---appendix.html,"57793","1800406",PSCIS,"ROAD, DEMOGRAPHIC",HABITAT CONFIRMATION,CBS,ROUND,BARRIER,Walcott Rd,Vallee Creek,"Slight outlet drop, low water levels would be a fish passage issue. Little amount of water running through culvert. Deep pool at outlet of culvert, good for fish. Boulders in culvert, which are obstacles to fish. 9:34",2022/08/31,Walcott Rd,,,,,,,"9","641467","6044065","360887375",1947,400.431358.515992,400.431358.515992.045966,BULK,Vallee Creek,,"0","1001800041;57786;57801","3",,,,0,0,0,0,0,0,1.77802895615975,10.08,0,1.78,5.59,0,0,0,0,0,0,0,0,0,0,6.66853388697366,0,5.24,0,0,0,0,1.78,1.78,10.08,5.59,10.08,5.59,1445702,5.59,"1",5.59,,18,16,19,15,B
"57799",,,,,,,,,,,,,,,,,,,,,,,,,,,,,"57799","1801054",PSCIS,"ROAD, RESOURCE/OTHER",ASSESSED,OBS,BRIDGE,PASSABLE,Seinen Rd,Tributary to Mathews Creek,"Passable, no action required",2012/09/10,,,,,,,,"9","645996","6033212","360782090",1517,400.431358.578967,400.431358.578967.214405,BULK,Mathews Creek,"1001805508","1","57800","1",,,,0,0,0,0,0,0,0,0.11,0,0,0.11,0,0,0,0,0,0,0,0,0,0,0.351135026678341,0,0.11,0,0,0,0,0,0,0.35,0.35,0.35,0.35,,,,,,,,,,
"57800",,,,,,,,,,,,,,,,,,,,,,,,,,,,,"57800",,PSCIS,"ROAD, RESOURCE/OTHER",ASSESSED,CBS,ROUND,BARRIER,Seinen Rd,Tributary to Mathews Creek,"Landowner said stream flow has increased significantly with loggin upstream. Landowner is currently replacing the crossing with a larger culvert, as it is in danger of washing his driveway away as it currently exists.",2012/09/10,,,,,,,,"9","646058","6033298","360782090",1624,400.431358.578967,400.431358.578967.214405,BULK,Mathews Creek,"1001805508","1",,,,,,0,0,0,0,0,0,0,0,0,0,0,0,0,0,0,0,0,0,0,0,0,0.244135026678343,0,0.24,0,0,0,0,0,0,0.24,0.24,0.24,0.24,632003,0.24,"1",0.24,"[ ""632002"" ]",164,326,218,229,D
"57801",,,,,,,,,,,,,,,,,,,,,,,,,,,,,"57801","1800024",PSCIS,"ROAD, DEMOGRAPHIC",ASSESSED,CBS,ROUND,BARRIER,Hwy 16,Vallee Creek,"Fish observed downstream, good habitat present upstream.",2012/09/09,Hwy 16 W,,,,,,,"9","646110","6039276","360887375",10141,400.431358.515992,400.431358.515992.468571,BULK,Vallee Creek,"1001800041;57793","2","57786","1",,,,0,0,0,0,0,0,0,1.91,0,0,0.66,0,0,0,0,0,0,0,0,0,0,0.399758005484856,0,0.4,0,0,0,0,0,0,1.91,0.66,1.91,0.66,1445704,1.91,"2",0.955,"[ ""1445702"", ""1445703"" ]",100,191,91,135,D
"57812",,,,,,,,,,,,,,,,,,,,,,,,,,,,,"57812","24704497",PSCIS,"ROAD, DEMOGRAPHIC",ASSESSED,OBS,BRIDGE,PASSABLE,Billeter Rd,Canyon Creek,"Passable, no action required",2012/09/11,Telkwa High Rd,,,,,,,"9","624003","6073019","360873164",8509,400.431358.319200,400.431358.319200.169118,BULK,Canyon Creek,,"0","1001800311;1001801548;1001803263;124221;195497;195498;195938;57873;57876;57878;57880;57883;58139","13",,,,27.6741081893983,34.3403682898989,27.67,34.34,0.132000731098531,0.13,38.8727625233315,63.93,0,38.87,63.93,0,31.3130746686873,31.31,0,0,0,0,0,0,30.6268647679249,61.7227405415871,30.63,52.06,0,0,0,0,38.87,38.87,74.02,74.02,74.02,74.02,,,,,,,,,,
"57815",,,,,,,,,,,,,,,,,,,,,,,,,,,,,"57815","24704498",PSCIS,"ROAD, DEMOGRAPHIC",ASSESSED,OBS,BRIDGE,PASSABLE,Old Babine Lake Rd,Canyon Creek,"Passable, no action required",2012/09/11,Old Babine Lake Rd,,,,,,,"9","621175","6073843","360873164",4940,400.431358.319200,400.431358.319200.068501,BULK,Canyon Creek,,"0","1001800311;1001801548;1001803263;124221;195497;195498;195938;57873;57876;57878;57880;57883;58139","13",,,,31.2171410905321,37.9093689840075,31.22,37.91,0.132000731098531,0.13,42.4417632174401,67.5,0,42.44,67.5,0,34.8820753627958,34.88,0,0,0,0,0,0,34.1958654620334,65.319186086772,34.2,55.66,0,0,0,0,42.44,42.44,77.62,77.62,77.62,77.62,,,,,,,,,,
"57823",,,,,,,,,,,,,,,,,,,,,,,,,,,,,"57823","1800676",PSCIS,"ROAD, RESOURCE/OTHER",ASSESSED,OBS,BRIDGE,PASSABLE,Private/Snake Rd,Canyon Creek,"Passable, no action required",2012/09/12,,,,,,,,"9","618839","6076651","360873164",133,400.431358.319200,400.431358.319200,BULK,Canyon Creek,,"0","1001800311;1001801548;1001803263;124221;195497;195498;195938;57873;57876;57878;57880;57883;58139","13",,,,35.8879638718969,42.7163689770824,35.89,42.72,0.132000731098531,0.13,47.248763210515,72.31,0,47.25,72.31,0,39.6890753558707,39.69,0,0,0,0,0,0,39.0028654551084,70.1261860798469,39,60.46,0,0,0,0,47.25,47.25,82.43,82.43,82.43,82.43,,,,,,,,,,
"57842",,,,,,,,,,,,,,,,,,,,,,,,,,,,,"57842","24704496",PSCIS,"ROAD, DEMOGRAPHIC",ASSESSED,OBS,BRIDGE,PASSABLE,Old Babine Lake FSR,Gonakwa Creek,"Passable, no action required",2012/09/13,Old Babine Lake Rd,,,,,,,"9","631870","6074800","360791695",7170,400.431358.319200.259997,400.431358.319200.259997.341415,BULK,Ganokwa Creek,,"0",,,,,,0,2.39999975228326,0,2.39999975228326,0,0,2.39999975228326,2.4,0,2.39999975228326,2.4,0,0,0,0,0,0,0,0,0,0,2.39999975228326,0,2.39999975228326,0,0,0,0,2.4,2.4,2.4,2.4,2.4,2.4,,,,,,,,,,
"57867",,,,,,,,,,,,,,,,,,,,,,,,,,,,,"57867","24704504",PSCIS,"ROAD, RESOURCE/OTHER",ASSESSED,OBS,BRIDGE,PASSABLE,Private/Babine Lake Rd,Canyon Creek,"Passable, no action required",2012/09/14,,,,,,,,"9","631929","6070885","360873164",21213,400.431358.319200,400.431358.319200.398563,BULK,Canyon Creek,,"0","1001801548;1001803263;124221;195497;195498;195938;57873;57876;57878;57880;57883","11",,,,11.8570382376783,12.2015124933619,11.86,12.2,0.132000731098531,0.13,16.7339067267945,39.8,0,16.73,39.8,0,12.2015124933619,12.2,0,0,0,0,0,0,12.2015124933619,36.9758275153539,12.2,29,0,0,0,0,16.73,16.73,47.28,47.28,47.28,47.28,,,,,,,,,,
"57868",,,,,,,,,,,,,,,,,,,,,,,,,,,,,"57868","24704493",PSCIS,"ROAD, DEMOGRAPHIC",ASSESSED,OBS,BRIDGE,PASSABLE,Babine lake Rd,Canyon Creek,"Passable, no action required, lots of beaver dams in channel",2012/09/14,Babine Lake Rd,,,,,,,"9","632771","6070980","360873164",22385,400.431358.319200,400.431358.319200.447286,BULK,Canyon Creek,,"0","1001801548;1001803263;124221;195497;195498;195938;57873;57876;57878;57880;57883","11",,,,11.5896583912769,11.9341326469605,11.59,11.93,0.132000731098531,0.13,16.466526880393,38.18,0,16.47,38.18,0,11.9341326469605,11.93,0,0,0,0,0,0,11.9341326469605,36.7084476689524,11.93,28.73,0,0,0,0,16.47,16.47,45.66,45.66,45.66,45.66,,,,,,,,,,
"57873",,,,,,,,,,,,,,,,,,,,,,,,,,,,,"57873","1801416",PSCIS,"ROAD, RESOURCE/OTHER",ASSESSED,CBS,ROUND,BARRIER,Private,Tributary to Canyon Creek,"If fish present, replace with OBS",2012/09/14,,,,,,,,"9","635364","6070747","360822070",1406,400.431358.319200.515081,400.431358.319200.515081.012845,BULK,,,"0","57878;57880;57883","3",,,,0,0,0,0,0,0,0,0.64,0,0,0.64,0,0,0,0,0,0,0,0,0,0,3.02536470793588,0,2.37,0,0,0,0,0,0,3.03,2.38,3.03,2.38,1311402,2.38,"1",2.38,,48,40,57,41,D
"57876",,,,,,,,,,,,,,,,,,,,,,,,,,,,,"57876","1803284",PSCIS,"ROAD, RESOURCE/OTHER",ASSESSED,CBS,ROUND,BARRIER,Private/Babine Lake Rd,Tributary to Canyon Creek,"No fish habitat present, but raod edges are slumping over culvert inlet and outlet and this should be fixed for drainage purposes",2012/09/14,,,,,,,,"9","636124","6069270","360640854",1715,400.431358.319200.552528,400.431358.319200.552528.137043,BULK,,,"0","1001803263","1",,,,0,0,0,0,0,0,0,0,0,0,0,0,0,0,0,0,0,0,0,0,0,2.2017606676993,0,2.17,0,0,0,0,0,0,2.2,2.17,2.2,2.17,797902,2.17,"1",2.17,,55,45,82,53,D
"57877",,,,,,,,,,,,,,,,,,,,,,,,,,,,,"57877","1801417",PSCIS,"ROAD, RESOURCE/OTHER",ASSESSED,OTHER,FORD,PASSABLE,"130m d/s of ""Marlim 286785""",Tributary to Canyon Creek,"Passable, no action required",2012/09/14,,,,,,,,"9","635274","6070665","360822070",1281,400.431358.319200.515081,400.431358.319200.515081.012845,BULK,,,"0","57873;57878;57880;57883","4",,,,0,0,0,0,0,0,0,0.76,0,0,0.76,0,0,0,0,0,0,0,0,0,0,3.15036470793585,0,0.12,0,0,0,0,0,0,3.15,3.15,3.15,3.15,,,,,,,,,,
"57878",,,,,,,,,,,,,,,,,,,,,,,,,,,,,"57878","1800294",PSCIS,"ROAD, DEMOGRAPHIC",ASSESSED,CBS,ROUND,BARRIER,Babine lake Rd,Tributary to Canyon Creek,"Currently 2 culverts next to each other, but water only flowing though 1",2012/09/14,Babine Lake Rd,,,,,,,"9","635615","6071525","360822070",2310,400.431358.319200.515081,400.431358.319200.515081.223528,BULK,,"57873","1",,,,,,0,0,0,0,0,0,0,0,0,0,0,0,0,0,0,0,0,0,0,0,0,0.114000000000064,0,0.11,0,0,0,0,0,0,0.11,0.11,0.11,0.11,1311403,0.11,"1",0.11,"[ ""1311402"" ]",181,339,250,254,D
"57880",,,,,,,,,,,,,,,,,,,,,,,,,,,,,"57880","1803288",PSCIS,"ROAD, RESOURCE/OTHER",ASSESSED,CBS,ROUND,BARRIER,R01944,Tributary to Canyon Creek,Remove culvert and deactivate road,2012/09/15,,,,,,,,"9","637143","6071732","360647944",1908,400.431358.319200.515081.186254,400.431358.319200.515081.186254.296906,BULK,,"57883;57873","2",,,,,,0,0,0,0,0,0,0,0,0,0,0,0,0,0,0,0,0,0,0,0,0,0.0993643141662385,0,0.1,0,0,0,0,0,0,0.1,0.1,0.1,0.1,1327203,0.1,"1",0.1,"[ ""1311402"", ""1327202"" ]",182,364,252,264,D
"57883",,,,,,,,,,,,,,,,,,,,,,,,,,,,,"57883","1800296",PSCIS,"ROAD, DEMOGRAPHIC",ASSESSED,CBS,ROUND,BARRIER,Babine lake Rd,Tributary to Canyon Creek,"Culvert approximately 50m downstream of upstream channel, water flows through ditch to culvert",2012/09/15,Babine Lake Rd,,,,,,,"9","636768","6071510","360647944",1466,400.431358.319200.515081.186254,400.431358.319200.515081.186254,BULK,,"57873","1","57880","1",,,,0,0,0,0,0,0,0,0,0,0,0,0,0,0,0,0,0,0,0,0,0,0.541363947676454,0,0.44,0,0,0,0,0,0,0.54,0.44,0.54,0.44,1327202,0.44,"1",0.44,"[ ""1311402"" ]",144,310,173,197,D
"57911",,,,,,,,,,,,,,,,,,,,,,,,,,,,,"57911","1803251",PSCIS,"ROAD, DEMOGRAPHIC",ASSESSED,CBS,ROUND,PASSABLE,Horlings Rd,Tributary to Glass Creek,"Passable, no action required",2012/09/21,Horlings Rd,,,,,,,"9","613831","6079059","360870106",4979,400.431358.237852.484634,400.431358.237852.484634.729261,BULK,,"1001805548;199458;199457;57944","4",,,,,,0,0,0,0,0,0,0,0.77,0,0,0.77,0,0,0,0,0,0,0,0,0,0,0,0,0,0,0,0,0,0,0,0.77,0.77,0.77,0.77,,,,,,,,,,
"57912",,,,,,,,,,,,,,,,,,,,,,,,,,,,,"57912","1803225",PSCIS,"ROAD, DEMOGRAPHIC",ASSESSED,CBS,ROUND,POTENTIAL,Raceway Rd,Tributary to Glass Creek,"If culvert is a barrier to fish, use weirs to backwater",2012/09/21,Raceway Rd,,,,,,,"9","614099","6080433","360830594",452,400.431358.237852.484634.459069,400.431358.237852.484634.459069,BULK,,"57914;199458;199457;57944","4",,,,,,0,0,0,0,0,0,0,1.56,0,0,1.56,0,0,0,0,0,0,0,0,0,0,0.130648880528261,0,0.13,0,0,0,0,0,0,1.7,1.7,1.7,1.7,1457552,2.12,"2",1.06,"[ ""880852"", ""1331152"" ]",94,213,86,143,D
"57914",,,,,,,,,,,,,,,,,,,,,,,,,,,,,"57914","1803242",PSCIS,"ROAD, DEMOGRAPHIC",ASSESSED,CBS,ROUND,POTENTIAL,Hwy 16,Tributary to Glass Creek,"No fish habitat present, no action required",2012/09/21,Hwy 16 W,,,,,,,"9","613743","6080570","360830594",27,400.431358.237852.484634.459069,400.431358.237852.484634.459069,BULK,,"199458;199457;57944","3","57912","1",,,,0,0,0,0,0,0,0,1.56,0,0,0,0,0,0,0,0,0,0,0,0,0,0.555648880528197,0,0.42,0,0,0,0,0,0,2.12,0.42,2.12,0.42,1457552,2.12,"2",1.06,"[ ""880852"", ""1331152"" ]",94,213,86,143,D
"57918",,,,,,,,,,,,,,,,,,,,,,,,,,,,,"57918","1800003",PSCIS,"ROAD, DEMOGRAPHIC",ASSESSED,OBS,BRIDGE,PASSABLE,Owens Rd,Toboggan Creek,"passable, no action required",2012/09/21,Owens Rd,,,,,,,"9","611358","6083828","360863724",8742,400.431358.237852,400.431358.237852.394278,BULK,Toboggan Creek,"57944","1","1001805547;1001805548;199457;199458;57912;57914;58345","7",,,,0.513616949225508,2.21743113718982,0.51,1.41,0,0,9.87533220950375,17.07,0,7.74,17.07,0,3.25883680911738,1.15,0,0,0,0,0,0,2.76300046702113,10.6577324756148,2.38,7.26,0,0,0,0,9.88,9.88,19.44,19.44,20.34,20.34,,,,,,,,,,
"57922",,,,,,,,,,,,,,,,,,,,,,,,,,,,,"57922",,PSCIS,"ROAD, RESOURCE/OTHER",ASSESSED,CBS,ROUND,BARRIER,Private,Tributary to Toboggan Creek,"Observed fish swimming through culvert, no action required",2012/09/22,,,,,,,,"9","609524","6083681","360616617",2296,400.431358.237852.347471,400.431358.237852.347471.273774,BULK,,"57925;198044;57944","3",,,,,,0,0,0,0,0,0,0,0.49,0,0,0.49,0,0,0,0,0,0,0,0,0,0,0,0,0,0,0,0,0,0,0,0.49,0.49,0.49,0.49,1469403,0.49,"1",0.49,"[ ""1331152"", ""1469402"" ]",139,366,183,233,D
"57925",,,,,,,,,,,,,,,,,,,,,,,,,,,,,"57925","1800005",PSCIS,"ROAD, DEMOGRAPHIC",ASSESSED,CBS,OVAL,BARRIER,Pope Rd,Tributary to Toboggan Creek,Fish observed upstream of the culvert,2012/09/22,Owens Rd,,,,,,,"9","610303","6085041","360616617",569,400.431358.237852.347471,400.431358.237852.347471,BULK,,"198044;57944","2","57922","1",,,,0,0,0,0,0,0,0,2.21,0,0,1.72,0,0,0,0,0,0,0,0,0,0,0,0,0,0,0,0,0,0,0,2.21,1.72,2.21,1.72,1469402,1.85,"2",0.925,"[ ""1331152"" ]",103,144,76,111,D
"57928",,,,,,,,,,,,,,,,,,,,,,,,,,,,,"57928","1800137",PSCIS,"ROAD, DEMOGRAPHIC",ASSESSED,OBS,BRIDGE,PASSABLE,Pope Rd,Tributary to Toboggan Creek,"Passable, no action required",2012/09/22,Owens Rd,,,,,,,"9","609367","6087057","360868653",566,400.431358.237852.158972,400.431358.237852.158972,BULK,Owens Creek,"57944","1","1001803123","1",,,,0,0,0,0,0,0,2.33133731366792,2.33,0,1.45,2.33,0,0,0,0,0,0,0,0,0,0,3.78859630825053,0,1.45,0,0,0,0,2.33,2.33,3.79,3.79,3.79,3.79,,,,,,,,,,
"57933",,,,,,,,,,,,,,,,,,,,,,,,,,,,,"57933","1803195",PSCIS,"ROAD, DEMOGRAPHIC",ASSESSED,CBS,ROUND,POTENTIAL,Hwy 16,Tributary to Toboggan Creek,Culvert is very damaged and should be replaced,2012/09/22,Hwy 16 W,,,,,,,"9","610732","6085877","360866240",237,400.431358.237852.272899,400.431358.237852.272899,BULK,,"57944","1",,,,,,0,0,0,0,0,0,0,0.72,0,0,0.72,0,0,0,0,0,0,0,0,0,0,0,0,0,0,0,0,0,0,0,0.72,0.72,0.72,0.72,1473352,0.72,"1",0.72,"[ ""1331152"" ]",115,152,156,147,D
"57938",,,,,,,,,,,,,,,,,,,,,,,,,,,,,"57938","1803247",PSCIS,"ROAD, RESOURCE/OTHER",ASSESSED,OBS,BRIDGE,PASSABLE,Private,Toboggan Creek,"Passable, no action required",2012/09/22,,,,,,,,"9","609509","6087651","360863724",3297,400.431358.237852,400.431358.237852.107314,BULK,Toboggan Creek,"57944","1","1001803123;1001805547;1001805548;198044;199457;199458;57912;57914;57922;57925;57933;58345","12",,,,3.77228714680272,5.524611905625,3.77,4.72,0,0,18.2176711309724,29.98,0,15.21,29.98,0,8.70383841691807,6.6,0,0,0,0,0,0,8.20800207482182,18.7635095523005,7.83,13.03,0,0,0,0,18.22,18.22,33.82,33.82,34.71,34.71,,,,,,,,,,
"57939",,,,,,,,,,,,,,,,,,,,,,,,,,,,,"57939","24704488",PSCIS,"ROAD, DEMOGRAPHIC",ASSESSED,OBS,BRIDGE,PASSABLE,Hwy 16,Trout Creek,"Passable, no action required",2012/09/22,Trout Creek Bridge,,,,,,,"9","607317","6089511","360877435",82,400.431358.236625,400.431358.236625,BULK,Trout Creek,,"0","1001803133;1001803134;1001805272;1001805785;57978;57982;58056;58059;58208;58209;58210","11",,,,9.04736448230218,11.1796765461843,9.05,11.18,0,0,16.2100556729753,30.12,0,14.64,30.12,0,11.4421877832084,11.44,0,0,0,0,0,0,10.2992592690769,28.8582577180307,10.3,20.76,0,0,0,0,16.21,16.21,36.32,36.32,36.32,36.32,,,,,,,,,,
"57940",,,,,,,,,,,,,,,,,,,,,,,,,,,,,"57940","1800168",PSCIS,"ROAD, DEMOGRAPHIC",ASSESSED,CBS,ROUND,BARRIER,Hwy 16,Tributary to Bulkley River,"If culvert is a barrier to fish, use weirs to backwater",2012/09/22,Hwy 16 W,,,,,,,"9","606582","6091052","360687833",282,400.431358.230637,400.431358.230637,BULK,,,"0","1001805491;57949","2",,,,0,0,0,0,0,0,0,0,0,0,0,0,0,0,0,0,0,0,0,0,0,1.26200068291889,0,0.75,0,0,0,0,0,0,1.26,0.75,1.26,0.75,1339052,0.86,"2",0.43,,145,246,116,157,D
"57941",,,,,,,,,,,,,,,,,,,,,,,,,,,,,"57941","1800165",PSCIS,"ROAD, DEMOGRAPHIC",ASSESSED,CBS,ROUND,BARRIER,Hwy 16,Tributary to Bulkley River,"If culvert is a barrier to fish, use weirs to backwater",2012/09/22,Hwy 16 W,,,,,,,"9","606460","6091439","360786812",335,400.431358.229480,400.431358.229480.051189,BULK,Beavery Creek,,"0","57948","1",,,,0,0,0,0,0,0,0,0,0,0,0,0,0,0,0,0,0,0,0,0,0,0.730729741681577,0,0.12,0,0,0,0,0,0,0.73,0.12,0.73,0.12,1335102,0.73,"2",0.365,,151,255,155,167,D
"57944",,Toboggan Creek,Highway 16,Stream crossing - CBS,MOTI,,Confirmed barrier,Habitat confirmation,,,Yes,Other (see notes),Medium,Difficult,15000000,Low,,,,,,Leave until end of lifecycle,,,,Past backwatering work conducted. Pink Salmon present at fences upstream.,"High quality habitat with moderate cover. Monitor for continued passage functionality; aim for replacement at end of culvert life.",https://www.newgraphenvironment.com/fish_passage_skeena_2021_reporting/toboggan-creek---57944---appendix.html,"57944","1800167",PSCIS,"ROAD, DEMOGRAPHIC",HABITAT CONFIRMATION,CBS,OVAL,POTENTIAL,Highway 16,Toboggan Creek,Oval culvert. 9:34,2021/09/15,Hwy 16 W,,,,,,,"9","607729","6089383","360863724",187,400.431358.237852,400.431358.237852,BULK,Toboggan Creek,,"0","1001803123;1001805497;1001805547;1001805548;198044;199457;199458;57912;57914;57922;57925;57933;58043;58345","14",,,,6.88228824470722,8.6346130035295,6.88,7.83,0,0,21.3276722288769,36.7,0,18.32,23.01,0,11.8138395148226,9.71,0,0,0,0,0,0,11.3180031727263,25.3630425081482,10.94,17.02,0,0,0,0,21.33,18.32,40.54,23.69,41.43,24.58,1331152,24.58,"1",24.58,,1,1,1,1,A
"57948",,,,,,,,,,,,,,,,,,,,,,,,,,,,,"57948","1803248",PSCIS,"ROAD, DEMOGRAPHIC",ASSESSED,CBS,ROUND,BARRIER,Kitsequecla Loop,Tributary to Bulkley River,"If culvert is a barrier to fish, use weirs to backwater",2012/09/23,Kitseguecla Loop Rd,,,,,,,"9","606339","6091455","360786812",459,400.431358.229480,400.431358.229480.051189,BULK,Beavery Creek,"57941","1",,,,,,0,0,0,0,0,0,0,0,0,0,0,0,0,0,0,0,0,0,0,0,0,0.60672974168162,0,0.61,0,0,0,0,0,0,0.61,0.61,0.61,0.61,1335102,0.73,"2",0.365,,151,255,155,167,D
"57949",,,,,,,,,,,,,,,,,,,,,,,,,,,,,"57949","1806014",PSCIS,"ROAD, RESOURCE/OTHER",ASSESSED,CBS,ROUND,BARRIER,Private off of Kitsequecla Loop,Tributary to Bulkley River,"If culvert is proven to be a barrier to fish, replace with a larger, embeded culvert",2012/09/23,,,,,,,,"9","605931","6091069","360687833",1035,400.431358.230637,400.431358.230637.189907,BULK,,"57940","1","1001805491","1",,,,0,0,0,0,0,0,0,0,0,0,0,0,0,0,0,0,0,0,0,0,0,0.50899999999991,0,0.11,0,0,0,0,0,0,0.51,0.11,0.51,0.11,1339052,0.86,"2",0.43,,145,246,116,157,D
"57978",,,,,,,,,,,,,,,,,,,,,,,,,,,,,"57978","1800352",PSCIS,"ROAD, DEMOGRAPHIC",ASSESSED,CBS,ROUND,BARRIER,Kitsequecla Road,Tributary to Trout Creek,"Observed fish swimming through culvert, no action required",2012/09/24,Kitseguecla Lake Rd,,,,,,,"9","597230","6088397","360877435",13118,400.431358.236625,400.431358.236625.668177,BULK,Trout Creek,,"0",,,,,,0,0,0,0,0,0,0,0,0,0,0,0,0,0,0,0,0,0,0,0,0,0.375999999999927,0,0.38,0,0,0,0,0,0,0.38,0.38,0.38,0.38,1485202,0.38,"1",0.38,,149,253,198,183,D
"57980",,,,,,,,,,,,,,,,,,,,,,,,,,,,,"57980","1801572",PSCIS,"ROAD, RESOURCE/OTHER",ASSESSED,OBS,BRIDGE,PASSABLE,Private at 10.4km Kitsequecla rd,Trout Creek,"Passable, no action required",2012/09/25,,,,,,,,"9","597381","6088414","360877435",12965,400.431358.236625,400.431358.236625.619208,BULK,Trout Creek,,"0","57978;57982","2",,,,0,0,0,0,0,0,0.0896663659426992,4.53,0,0.09,4.53,0,0,0,0,0,0,0,0,0,0,2.94909252348227,0,2.19,0,0,0,0,0.09,0.09,5.68,5.68,5.68,5.68,,,,,,,,,,
"57982",,,,,,,,,,,,,,,,,,,,,,,,,,,,,"57982","1800354",PSCIS,"ROAD, DEMOGRAPHIC",ASSESSED,CBS,ROUND,BARRIER,Kitsequecla Road,Tributary to Trout Creek,"No habitat present, no action required",2012/09/25,Kitseguecla Lake Rd,,,,,,,"9","595767","6088473","360861778",342,400.431358.236625.668177.293757,400.431358.236625.668177.293757,BULK,,,"0",,,,,,0,0,0,0,0,0,0,0,0,0,0,0,0,0,0,0,0,0,0,0,0,0.38199999999981,0,0.38,0,0,0,0,0,0,0.38,0.38,0.38,0.38,1489152,0.38,"1",0.38,,149,254,199,184,D
"57998",,,,,,,,,,,,,,,,,,,,,,,,,,,,,"57998","1805155",PSCIS,"ROAD, RESOURCE/OTHER",ASSESSED,OBS,BRIDGE,PASSABLE,Kitseguecla-Trout,Trout Creek,"Passable, no action required",2012/09/25,Hankin-Evelyn FSR,,,,,,,"9","599301","6088295","360877435",10915,400.431358.236625,400.431358.236625.555248,BULK,Trout Creek,,"0","57978;57982","2",,,,0.609186992996948,0.609186992996948,0.61,0.61,0,0,1.2745823180676,8.2,0,1.27,8.2,0,0.609186992996948,0.61,0,0,0,0,0,0,0.609186992996948,4.57841680019431,0.61,3.82,0,0,0,0,1.27,1.27,9.34,9.34,9.34,9.34,,,,,,,,,,
"57999",,,,,,,,,,,,,,,,,,,,,,,,,,,,,"57999","1803964",PSCIS,"ROAD, RESOURCE/OTHER",ASSESSED,OTHER,FORD,PASSABLE,Branch off Kitseqguecla-Trout at 1km,Trout Creek,"Passable, no action required",2012/09/25,,,,,,,,"9","599336","6088016","360816018",312,400.431358.236625.555248,400.431358.236625.555248,BULK,,,"0","1001803133;1001803134;1001805272;58059","4",,,,0,0,0,0,0,0,0.992198477317027,4.65,0,0.99,4.65,0,0,0,0,0,0,0,0,0,0,6.85299888502551,0,3.37,0,0,0,0,0.99,0.99,6.85,6.85,6.85,6.85,,,,,,,,,,
"58000",,,,,,,,,,,,,,,,,,,,,,,,,,,,,"58000","1803674",PSCIS,"ROAD, RESOURCE/OTHER",ASSESSED,OBS,BRIDGE,PASSABLE,R10836 608A,Tributary to Trout Creek,"Passable, no action required",2012/09/25,,,,,,,,"9","599746","6087076","360743641",1257,400.431358.236625.524806,400.431358.236625.524806.084132,BULK,,"58210","1",,,,,,0,0,0,0,0,0,0,0,0,0,0,0,0,0,0,0,0,0,0,0,0,0.999000000000002,0,0.999000000000002,0,0,0,0,0,0,1,1,1,1,,,,,,,,,,
"58034",,,,,,,,,,,,,,,,,,,,,,,,,,,,,"58034","1803778",PSCIS,"ROAD, RESOURCE/OTHER",ASSESSED,OTHER,FORD,PASSABLE,R10836 608A-B-2,Owens Creek,"Passable, no action required",2012/10/02,,,,,,,,"9","607330","6086315","360868653",3045,400.431358.237852.158972,400.431358.237852.158972.265652,BULK,Owens Creek,"1001803123;57944","2",,,,,,0,0,0,0,0,0,0.441999999999984,0.44,0,0.44,0.44,0,0,0,0,0,0,0,0,0,0,1.30959507706217,0,1.31,0,0,0,0,0.44,0.44,1.31,1.31,1.31,1.31,,,,,,,,,,
"58043",,,,,,,,,,,,,,,,,,,,,,,,,,,,,"58043","1801626",PSCIS,"ROAD, RESOURCE/OTHER",ASSESSED,CBS,ROUND,BARRIER,R 10836 608A,Tributary to Toboggan Creek,"If culvert is proven a barrier, replace with a larger, embedded culvert",2012/10/02,,,,,,,,"9","608543","6087537","360737628",1002,400.431358.237852.107314,400.431358.237852.107314,BULK,,"1001805497;57944","2",,,,,,0,0,0,0,0,0,0,2.57,0,0,2.57,0,0,0,0,0,0,0,0,0,0,2.5682852407142,0,2.57,0,0,0,0,0,0,2.57,2.57,2.57,2.57,620152,2.61,"2",1.305,"[ ""1331152"" ]",77,134,67,97,D
"58056",,,,,,,,,,,,,,,,,,,,,,,,,,,,,"58056","1801601",PSCIS,"ROAD, RESOURCE/OTHER",ASSESSED,OTHER,FORD,BARRIER,30m W of 2.8 km R08762 608-1,Tributary to Trout Creek,"No habitat present, no action required",2012/10/03,,,,,,,,"9","599260","6086309","360494149",1628,400.431358.236625.524806.084132,400.431358.236625.524806.084132.271420,BULK,,"1001805785;58210","2",,,,,,0,0,0,0,0,0,0,0,0,0,0,0,0,0,0,0,0,0,0,0,0,0.239999999999956,0,0.24,0,0,0,0,0,0,0.24,0.24,0.24,0.24,1493102,1.3,"2",0.65,"[ ""1520752"" ]",119,155,115,129,D
"58059",,,,,,,,,,,,,,,,,,,,,,,,,,,,,"58059","1805276",PSCIS,"ROAD, RESOURCE/OTHER",ASSESSED,CBS,ROUND,BARRIER,R08762 608-1,Tributary to Trout Creek,"If culvert is proven a barrier, replace with a larger, embedded culvert",2012/10/03,Hankin-Evelyn FSR,,,,,,,"9","598438","6085791","360573383",834,400.431358.236625.555248.293932,400.431358.236625.555248.293932.065887,BULK,,"1001803134;1001803133","2",,,,,,0,0,0,0,0,0,0,0,0,0,0,0,0,0,0,0,0,0,0,0,0,0.552999999999952,0,0.552999999999952,0,0,0,0,0,0,0.55,0.55,0.55,0.55,793953,0.55,"1",0.55,"[ ""588552"", ""793952"" ]",132,204,170,160,D
"58065",,,,,,,,,,,,,,,,,,,,,,,,,,,,,"58065","1804830",PSCIS,"ROAD, RESOURCE/OTHER",ASSESSED,OBS,BRIDGE,PASSABLE,R09533 230-1,Gramophone Creek,"Passable, no action required",2012/10/04,,,,,,,,"9","612494","6093823","360871856",5820,400.431358.218821,400.431358.218821.230845,BULK,Gramophone Creek,"58067","1",,,,,,0,0,0,0,0,0,0.184000000000031,0.18,0,0.18,0.18,0,0,0,0,0,0,0,0,0,0,0.247999999999936,0,0.25,0,0,0,0,0.18,0.18,0.25,0.25,0.25,0.25,,,,,,,,,,
"58067",,Gramophone Creek,Telkwa High Road,Stream crossing - CBS,MOTI,,Confirmed barrier,Habitat confirmation,,,Unknown,,High,Moderate,750000,High,,,,,,Commission engineering designs,2025/01/01,MOTI,Witset,Canyon downstream acts as low flow barrier for steelhead and full barrier to Coho. Locally important to Witset and as a steelhead stream.,,https://www.newgraphenvironment.com/fish_passage_bulkley_2022_reporting/gramophone-creek---58067---appendix.html,"58067","1803245",PSCIS,"ROAD, DEMOGRAPHIC",HABITAT CONFIRMATION,CBS,OVAL,BARRIER,Telkwa High Rd,Gramophone Creek,Gradient of culvert shot with laser level. Inside of pipe is bent downward at the outlet. Upstream side of the road is eroding. Enormous outlet pool indicates culvert is undersized. Water flowing under overflow. Just outside of Witset community. Seems like a really good candidate for replacement. 10:26,2022/09/01,Telkwa High Rd,,,,,,,"9","609735","6092894","360871856",2646,400.431358.218821,400.431358.218821.115796,BULK,Gramophone Creek,,"0",,,,,,0,0.0480000000000479,0,0.05,0,0,3.30799829350699,3.31,0,3.31,3.31,0,0,0,0,0,0,0,0,0,0.097999999999916,3.42199829350676,0.1,3.42,0,0,0,0,3.36,3.36,3.42,3.42,3.42,3.42,1501002,3.42,"1",3.42,,32,28,49,32,D
"58068",,,,,,,,,,,,,,,,,,,,,,,,,,,,,"58068","1800349",PSCIS,"ROAD, DEMOGRAPHIC",ASSESSED,CBS,OVAL,BARRIER,Telkwa High Road,Tributary to Gramophone Creek,replace with OBS,2012/10/04,Telkwa High Rd,,,,,,,"9","609660","6093553","360736668",838,400.431358.218821.115796,400.431358.218821.115796,BULK,Wiggs Creek,"58285","1",,,,,,0,0,0,0,0,0,1.33223721013219,1.33,0,1.33,1.33,0,0,0,0,0,0,0,0,0,0,1.59152302655027,0,1.59,0,0,0,0,1.33,1.33,1.59,1.59,1.59,1.59,1504952,2.33,"2",1.165,,84,69,78,66,D
"58074",,,,,,,,,,,,,,,,,,,,,,,,,,,,,"58074",,PSCIS,"ROAD, RESOURCE/OTHER",ASSESSED,OBS,BRIDGE,PASSABLE,Private Access,Schippers Creek,"Passable, no action required",2012/10/04,,,,,,,,"9","601338","6089848","360823909",4344,400.431358.236625.192900,400.431358.236625.192900.281893,BULK,Schippers Creek,"58209;58208","2",,,,,,0,0,0,0,0,0,0.119999999999951,0.12,0,0.12,0.12,0,0,0,0,0,0,0,0,0,0,0,0,0,0,0,0,0,0.12,0.12,0.12,0.12,0.12,0.12,,,,,,,,,,
"58075",,,,,,,,,,,,,,,,,,,,,,,,,,,,,"58075","1801566",PSCIS,"ROAD, RESOURCE/OTHER",ASSESSED,OBS,WOODBOX,PASSABLE,N/A - 250m from R08762 608-1 @ 2 km,Tributary to Trout Creek,"Passable, no action required",2012/10/04,,,,,,,,"9","599371","6087046","360494149",865,400.431358.236625.524806.084132,400.431358.236625.524806.084132,BULK,,"1001805785;58210","2","58056","1",,,,0,0,0,0,0,0,0,0.32,0,0,0.32,0,0,0,0,0,0,0,0,0,0,1.00300018307758,0,0.76,0,0,0,0,0,0,1,1,1,1,,,,,,,,,,
"58139",,,,,,,,,,,,,,,,,,,,,,,,,,,,,"58139","1801431",PSCIS,"ROAD, RESOURCE/OTHER",ASSESSED,CBS,ROUND,BARRIER,Unnamed,Gonakwa Creek,"Culvert is blown out, and should be replaced with an embedded culvert",2012/10/16,,,,,,,,"9","631055","6074359","360872749",274,400.431358.319200.259997.305607,400.431358.319200.259997.305607,BULK,,,"0",,,,,,0,0,0,0,0,0,0,0,0,0,0,0,0,0,0,0,0,0,0,0,0,0.333149061957305,0,0.33,0,0,0,0,0,0,0.33,0.33,0.33,0.33,1508902,0.33,"1",0.33,,153,258,204,187,D
"58151",,McDowell Creek,Woodmere Road,Stream crossing - CBS,MOTI,,Confirmed barrier,Habitat confirmation,,,Unknown,,Low,Moderate,500000,Low,,,,,,Leave until end of lifecycle,2025/01/01,CWF,,Low quality habitat. Consider deferring to end of life cycle,"Water over allocation issues in stream, signs of sedimentation from adjacent land uses. Dewatered at time of survey",https://www.newgraphenvironment.com/fish_passage_skeena_2021_reporting/mcdowell-creek---123544-58151---appendix.html,"58151","1802775",PSCIS,"ROAD, DEMOGRAPHIC",HABITAT CONFIRMATION,CBS,ROUND,BARRIER,Woodmere Road,McDowell Creek,"Channel dry. Current pool water depth is 0.31, outlet drop measured using long tape to simulate riffle crest height. 14:48",2021/09/15,Woodmere Rd,,,,,,,"9","629753","6061126","360685108",2657,400.431358.427289,400.431358.427289,BULK,McDowell Creek,"123544;58158","2","1001801385;1001802776","2",,,,0,0,0,0,0,0,0,0,0,0,0,0,0,0,0,0,0,0,0,0,0,2.53900064548515,0,0.61,0,0,0,0,0,0,2.54,0.61,2.54,0.61,209353,4.44,"4",1.11,,89,74,36,47,D
"58158",,McDowell Creek,Highway 16,Stream crossing - CBS,MOTI,,Rehabilitated barrier,Barrier assessment,,,Unknown,,High,Difficult,,,,,,,,Post-rehabilitation monitoring,2026/01/01,CWF,,Baffled and embedded CBS installed 2017. Appears to be passable to most adult fish though baffles may be too sharp.,,https://www.newgraphenvironment.com/fish_passage_bulkley_2020_reporting/appendix---58159---mcdowell-creek.html,"58158","1800275",PSCIS,"ROAD, DEMOGRAPHIC",ASSESSED,CBS,ROUND,BARRIER,Highway 16,McDowell Creek,New culvert horizontally drilled under highway in 2017. Structure has baffles made of oured concrete and boulders.  Often deep pools up to 50cm before baffles. Baffles seem sarp and have potential to injure fish ascending?,2020/09/03,Hwy 16 E,,,,,,,"9","628037","6060541","360685108",587,400.431358.427289,400.431358.427289,BULK,McDowell Creek,,"0","1001801385;1001802776;123544;58151","4",,,,0,0,0,0,0,0,1.23699999999994,1.24,0,0.3,0.3,0,0,0,0,0,0,0,0,0,0,4.60900064548517,0,0.3,0,0,0,0,1.24,0.3,4.61,0.3,4.61,0.3,209353,4.44,"4",1.11,,89,74,36,47,D
"58159",,McDowell Creek,Unnamed,Stream crossing - CBS,Private,Woodmere Nursery,Rehabilitated barrier,Post-rehabilitation monitoring,,,Yes,Proportion of individuals,Medium,Easy,250000,High,Replacement - OBS,CWF/Woodmere Nursery,2023/01/01,250000,75700,N/A - project complete (rehabilitated structures only),,,,"Direct trib to Bulkley River, important off-channel habitat",,https://www.newgraphenvironment.com/fish_passage_bulkley_2020_reporting/appendix---58159---mcdowell-creek.html ,"58159","1802236",PSCIS,"ROAD, RESOURCE/OTHER",REMEDIATED,OBS,BRIDGE,PASSABLE,Woodmere Nursery Road,McDowell Creek,Stream flows through the Woodmere Nursury from small culvert on burn pile access road to the Highway.  Electrofishing conducted.  Abundant cover available primarily as overhanging vegetation and cobbles. Upstream culvert under Highway 16 has been recently replaced by horizontal drilling.  Baffles at upstream crossing.  Coho fry captured below the Highway crossing.,2020/09/03,,,,,,,,"9","627642","6060449","360685108",132,400.431358.427289,400.431358.427289,BULK,McDowell Creek,,"0","1001801385;1001802776;123544;58151;58158","5",,,,0,0,0,0,0,0,1.69200000000001,1.69,0,0.46,1.69,0,0,0,0,0,0,0,0,0,0,5.06400064548524,0,0.46,0,0,0,0,1.69,1.69,5.06,5.06,5.06,5.06,209352,5.06,"1",5.06,,21,19,34,24,C
"58162",,,,,,,,,,,,,,,,,,,,,,,,,,,,,"58162","1800147",PSCIS,"ROAD, DEMOGRAPHIC",ASSESSED,CBS,ROUND,BARRIER,Unnamed,Seymour Creek,Beaver dam is creating a barrier at the inlet and should be removed,2012/11/11,Pacific St,,,,,,,"9","619894","6070635","360787101",211,400.431358.359172,400.431358.359172,BULK,Seymour Creek,,"0","123488;123491;123492;123495;123496;123498;123499;123501;7feee1fe-ac20-4584-a6ae-7e9e41a97b16","9",,,,0,0,0,0,0,0,0,6.44,0,0,0.39,0,0,0,0,0,0,0,0,0,0,5.75002152833584,0,0.39,0,0,0,0,0,0,6.44,0.39,6.44,0.39,738652,6.44,"10",0.644,,120,96,26,50,D
"58163",,,,,,,,,,,,,,,,,,,,,,,,,,,,,"58163","24703649",PSCIS,"ROAD, DEMOGRAPHIC",ASSESSED,OBS,BRIDGE,PASSABLE,Telkwa River Road,Tenas Creek,No action required,2012/11/11,Aveling Coalmine Rd,,,,,,,"9","620687","6058062","360859802",1255,400.431358.415251.107412,400.431358.415251.107412,BULK,Tenas Creek,,"0","1001801265;1001803049;195424;195451","4",,,,24.2734577841215,35.0275802748225,24.27,35.03,0,0,40.5429371121443,43.5,0,40.54,43.5,0,34.9637214318425,34.96,0,0,0,0,0,0,33.6718390872439,49.6618657677775,33.67,47.29,0,0,0,0,40.55,40.55,50.94,50.94,50.94,50.94,,,,,,,,,,
"58181",,,,,,,,,,,,,,,,,,,,,,,,,,,,,"58181","1803364",PSCIS,"ROAD, RESOURCE/OTHER",ASSESSED,OTHER,FORD,PASSABLE,Branch off of R16340 3 at 0.8km,Tributary to Gramophone Creek,"Crossing has been removed, no action required",2012/10/10,,,,,,,,"9","611652","6093583","360871856",4896,400.431358.218821,400.431358.218821.230845,BULK,Gramophone Creek,"58067","1",,,,,,0,0,0,0,0,0,1.10800000000003,1.11,0,1.11,1.11,0,0,0,0,0,0,0,0,0,0,1.17199999999993,0,1.17,0,0,0,0,1.11,1.11,1.17,1.17,1.17,1.17,,,,,,,,,,
"58201",,,,,,,,,,,,,,,,,,,,,,,,,,,,,"58201","1803244",PSCIS,"ROAD, RESOURCE/OTHER",ASSESSED,OBS,BRIDGE,PASSABLE,"Farm road on west side of Highway 16, across from Engman Road",Toboggan Creek,"Passable, no action required",2012/10/11,,,,,,,,"9","610372","6086503","360863724",5174,400.431358.237852,400.431358.237852.215001,BULK,Toboggan Creek,"57944","1","1001805547;1001805548;198044;199457;199458;57912;57914;57922;57925;57933;58345","11",,,,2.89695208387097,4.64927684269325,2.9,3.84,0,0,13.4433336717157,24.71,0,11.31,24.71,0,6.82683827132933,4.72,0,0,0,0,0,0,6.33100192923308,13.5335781811182,5.95,10.14,0,0,0,0,13.44,13.44,27.08,27.08,27.98,27.98,,,,,,,,,,
"58203",,,,,,,,,,,,,,,,,,,,,,,,,,,,,"58203","1803238",PSCIS,"ROAD, RESOURCE/OTHER",ASSESSED,OTHER,FORD,PASSABLE,Driveway/ farm road at end of Owens Road,Owen's Creek,"Bridge has been removed, no action required",2012/10/11,,,,,,,,"9","608990","6086678","360868653",1146,400.431358.237852.158972,400.431358.237852.158972,BULK,Owens Creek,"57944","1","1001803123","1",,,,0,0,0,0,0,0,1.75133731366788,1.75,0,0.87,1.75,0,0,0,0,0,0,0,0,0,0,3.20859630825048,0,0.87,0,0,0,0,1.75,1.75,3.21,3.21,3.21,3.21,,,,,,,,,,
"58204",,,,,,,,,,,,,,,,,,,,,,,,,,,,,"58204",,PSCIS,"ROAD, RESOURCE/OTHER",ASSESSED,OTHER,FORD,PASSABLE,Driveway/ farm road at end of Owens Road,Owen's Creek,"Passable, no action required",2012/10/11,,,,,,,,"9","609011","6086684","360868653",1125,400.431358.237852.158972,400.431358.237852.158972,BULK,Owens Creek,"57944","1","1001803123","1",,,,0,0,0,0,0,0,1.77233731366796,1.77,0,0.89,1.77,0,0,0,0,0,0,0,0,0,0,3.22959630825057,0,0.89,0,0,0,0,1.77,1.77,3.23,3.23,3.23,3.23,,,,,,,,,,
"58208",,,,,,,,,,,,,,,,,,,,,,,,,,,,,"58208","1801613",PSCIS,"ROAD, RESOURCE/OTHER",ASSESSED,OBS,BRIDGE,BARRIER,Branch off of Kitsequecla Road at 2.6 km,Schippers Creek,"Old bridge starting to fall into creek, should be removed",2012/10/11,,,,,,,,"9","603056","6089058","360823909",2112,400.431358.236625.192900,400.431358.236625.192900.107594,BULK,Schippers Creek,,"0","58209","1",,,,0,0,0,0,0,0,1.56898472155027,2.74,0,1.39,2.56,0,0,0,0,0,0,0,0,0,0,0.0458409360660907,0,0.05,0,0,0,0,1.57,1.39,2.74,2.56,2.74,2.56,1512852,2.56,"1",2.56,,43,36,63,43,D
"58209",,,,,,,,,,,,,,,,,,,,,,,,,,,,,"58209","1803203",PSCIS,"ROAD, RESOURCE/OTHER",ASSESSED,OTHER,FORD,BARRIER,Branch off of Kitsequecla Road at 4.9 km,Schippers Creek,"Crossing has been removed, but lots of debris still in stream that needs to be removed",2012/10/11,,,,,,,,"9","601344","6089794","360823909",4289,400.431358.236625.192900,400.431358.236625.192900.281893,BULK,Schippers Creek,"58208","1",,,,,,0,0,0,0,0,0,0.175000000000054,0.18,0,0.18,0.18,0,0,0,0,0,0,0,0,0,0,0,0,0,0,0,0,0,0.18,0.18,0.18,0.18,0.18,0.18,1512853,0.18,"1",0.18,"[ ""1512852"" ]",174,332,230,240,D
"58210",,,,,,,,,,,,,,,,,,,,,,,,,,,,,"58210","1801550",PSCIS,"ROAD, RESOURCE/OTHER",ASSESSED,CBS,ROUND,POTENTIAL,Branch off of 6008 Road at 1.0km- toward east,Tributary to Trout Creek,"If culvert is proven a barrier install a single, embedded culvert",2012/10/11,,,,,,,,"9","599753","6087923","360743641",316,400.431358.236625.524806,400.431358.236625.524806,BULK,,,"0","1001805785;58056","2",,,,0,0,0,0,0,0,0,2.11,0,0,1.49,0,0,0,0,0,0,0,0,0,0,3.80800076721938,0,2.51,0,0,0,0,0,0,3.81,2.51,3.81,2.51,1520752,2.51,"1",2.51,,45,37,42,34,D
"58213",,,,,,,,,,,,,,,,,,,,,,,,,,,,,"58213","1800011",PSCIS,"ROAD, DEMOGRAPHIC",ASSESSED,CBS,ROUND,BARRIER,Nelson Road,Tributary to Simpson Creek,"Culvert is damaged and restricting flow, needs to be replaced",2012/10/14,Nielsen Rd,,,,,,,"9","614261","6075384","360625081",275,400.431358.338841.321949.133965,400.431358.338841.321949.133965,BULK,,"203122;203126;58245;58287;1001800009;58271;58242","7","58261","1",,,,0,0,0,0,0,0,0,0.41,0,0,0.02,0,0,0,0,0,0,0,0,0,0,0,0,0,0,0,0,0,0,0,0.41,0.02,0.41,0.02,1540502,0.41,"2",0.205,"[ ""884802"", ""884803"", ""1287702"" ]",169,394,190,252,D
"58221",,,,,,,,,,,,,,,,,,,,,,,,,,,,,"58221","1803132",PSCIS,"ROAD, RESOURCE/OTHER",ASSESSED,OBS,BRIDGE,PASSABLE,New road off 6008 Road at 1.3 km,Tributary to Trout Creek,"Passable, no action required",2012/10/12,,,,,,,,"9","599206","6087441","360816018",916,400.431358.236625.555248,400.431358.236625.555248,BULK,,,"0","1001803133;1001803134;1001805272;58059","4",,,,0,0,0,0,0,0,0.388198477316988,4.04,0,0.39,4.04,0,0,0,0,0,0,0,0,0,0,6.24899888502547,0,2.77,0,0,0,0,0.39,0.39,6.25,6.25,6.25,6.25,,,,,,,,,,
"58222",,,,,,,,,,,,,,,,,,,,,,,,,,,,,"58222","1801590",PSCIS,"ROAD, RESOURCE/OTHER",ASSESSED,OTHER,FORD,PASSABLE,Branch off 6008 Road at 0.6km,Trout Creek,"Passable, no action required",2012/10/12,,,,,,,,"9","599586","6088301","360877435",10592,400.431358.236625,400.431358.236625.524806,BULK,Trout Creek,,"0","1001803133;1001803134;1001805272;57978;57982;58059","6",,,,0.932187388175325,0.932187388175325,0.93,0.93,0,0,2.90178119056291,13.48,0,2.9,13.48,0,0.932187388175325,0.93,0,0,0,0,0,0,0.932187388175325,12.0664160803981,0.93,7.83,0,0,0,0,2.9,2.9,16.83,16.83,16.83,16.83,,,,,,,,,,
"58236",,,,,,,,,,,,,,,,,,,,,,,,,,,,,"58236","1802938",PSCIS,"ROAD, DEMOGRAPHIC",ASSESSED,OBS,BRIDGE,PASSABLE,Calgary Street,Kathlyn Creek,"Passable, no action required",2012/10/13,Calgary St,,,,,,,"9","616147","6073867","360715518",2869,400.431358.338841,400.431358.338841.174463,BULK,Kathlyn Creek,"58242","1","1001800009;1001805550;203122;203126;58213;58245;58257;58261;58263;58271;58287","11",,,,0.274036659022185,0.879999924087989,0,0.88,0,0,6.81999883775941,8.85,0,1.07,8.85,0,0.722307767905297,0.72,0,0,0,0,0,0,3.36099947511205,6.45567265155565,1.07,1.06,0,0,0,0,6.85,6.85,9.79,9.79,11.47,11.47,,,,,,,,,,
"58237",,,,,,,,,,,,,,,,,,,,,,,,,,,,,"58237","1800832",PSCIS,"ROAD, RESOURCE/OTHER",ASSESSED,OBS,BRIDGE,PASSABLE,Walking trail at south end of Simcoe Avenue,Tributary to Kathlyn Creek,"Passable, no action required",2012/10/13,,,,,,,,"9","615910","6073476","360816221",377,400.431358.338841.174463,400.431358.338841.174463,BULK,,"58242","1","1001805544;58238","2",,,,0,0,0,0,0,0,0,0.9,0,0,0.9,0,0,0,0,0,0,0,0,0,0,1.41599974270276,0,0.44,0,0,0,0,0,0,1.55,1.55,1.55,1.55,,,,,,,,,,
"58238",,,,,,,,,,,,,,,,,,,,,,,,,,,,,"58238","1802971",PSCIS,"ROAD, DEMOGRAPHIC",ASSESSED,CBS,ROUND,BARRIER,Muir Road,Tributary to Kathlyn Creek,"If culvert is proven a barrier install a larger, embedded culvert",2012/10/13,Muir Rd,,,,,,,"9","615226","6073863","360816221",1293,400.431358.338841.174463,400.431358.338841.174463.248120,BULK,,"1001805544;58242","2",,,,,,0,0,0,0,0,0,0,0,0,0,0,0,0,0,0,0,0,0,0,0,0,0.500000000000057,0,0.5,0,0,0,0,0,0,0.5,0.5,0.5,0.5,872953,0.5,"1",0.5,"[ ""872952"", ""884802"" ]",138,206,178,162,D
"58241",,,,,,,,,,,,,,,,,,,,,,,,,,,,,"58241","1800644",PSCIS,"ROAD, RESOURCE/OTHER",ASSESSED,OBS,BRIDGE,PASSABLE,Road on Golf Course,Kathlyn Creek,"Passable, no action required",2012/10/13,,,,,,,,"9","616510","6073357","360715518",1979,400.431358.338841,400.431358.338841.106484,BULK,Kathlyn Creek,"58242","1","1001800009;1001805544;1001805550;203122;203126;58213;58238;58245;58257;58261;58263;58271;58287","13",,,,0.274036659022185,1.76999856929215,0,1.77,0,0,7.70999748296357,11.02,0,1.96,11.02,0,1.61230641310946,1.61,0,0,0,0,0,0,4.25099812031621,9.1386710394625,1.96,2.76,0,0,0,0,7.74,7.74,12.61,12.61,14.28,14.28,,,,,,,,,,
"58242","1800247",Kathlyn Creek,Hihgway 16,Stream crossing - CBS,MOTI,,Assessed structure that remains data deficient,Barrier assessment,,,,,,,,,,,,,,Habitat confirmation (data deficient structures only),2025/01/01,CWF,,"Requires reassessment to determine whether crossing is blocking fish passage, habitat confirmation if found to be a barrier. May be partially passable",Steelhead and Coho historically observed upstream. ,https://a100.gov.bc.ca/pub/pscismap/imageViewer.do?assessmentId=58282,"58242","1802965",PSCIS,"ROAD, DEMOGRAPHIC",ASSESSED,CBS,OVAL,BARRIER,Highway 16,Kathlyn Creek,"If culvert is proven to be a barrier, install OBS",2012/10/13,Hwy 16,,,,,,,"9","616947","6073197","360715518",1371,400.431358.338841,400.431358.338841.092217,BULK,Kathlyn Creek,,"0","1001800009;1001805482;1001805544;1001805550;1024742364;203122;203126;58213;58238;58245;58257;58261;58263;58271;58272;58287;58290;58291","18",,,,0.383090860679411,2.37799918277943,0.11,2.38,0,0,8.96599892486078,13.22,0,3.22,4.06,0,2.22030702659673,2.22,0,0,0,0,0,0,4.85899873380349,11.6429566353789,2.57,4.35,0,0,0,0,9,3.22,15.11,4.36,16.89,4.48,884802,4.48,"1",4.48,,23,21,5,11,B
"58243",,,,,,,,,,,,,,,,,,,,,,,,,,,,,"58243","1802969",PSCIS,"ROAD, DEMOGRAPHIC",ASSESSED,CBS,OVAL,PASSABLE,Highway 16,Kathlyn Creek,"Passable, no action required",2012/10/13,Hwy 16 W,,,,,,,"9","615486","6074988","360715518",4531,400.431358.338841,400.431358.338841.321949,BULK,Kathlyn Creek,"58271;58242","2","1001805550;58257","2",,,,0,0,0,0,0,0,3.41199936264726,4.87,0,3.35,4.87,0,0,0,0,0,0,0,0,0,0.0999999999998954,3.20944825036902,0.1,0.7,0,0,0,0,3.41,3.41,5.77,5.77,7.43,7.43,,,,,,,,,,
"58245",,,,,,,,,,,,,,,,,,,,,,,,,,,,,"58245",,PSCIS,"ROAD, RESOURCE/OTHER",HABITAT CONFIRMATION,CBS,ROUND,BARRIER,Lake Kathlyn Road,Simpson Creek,"Two 1.25 m pipes are present and are heavily corroded. Upstream and downstream, the streambanks are heavily modified adjacent to private land, including riparian vegetation removal, stream channelization, and bank armouring. High-value steelhead, coho, and chinook spawning habitat is documented further upstream above the railway crossing. MoTi chris_culvert_id: 1514706, 1514705",2024/09/20,,,,,,,,"9","615328","6075075","360804808",252,400.431358.338841.321949,400.431358.338841.321949,BULK,Simpson Creek,"58287;1001800009;58271;58242","4","203122;203126;58213;58261;58263","5",,,,0.274036659022185,0,0.04,0,0,0,1.52799940071915,2.12,0,0.04,0.04,0,0,0,0,0,0,0,0,0,1.39399940071923,1.39399940071923,0.04,0.04,0,0,0,0,1.53,0.04,2.12,0.04,2.12,0.04,1287702,1.92,"6",0.32,"[ ""884802"", ""884803"" ]",154,352,79,175,D
"58246",,,,,,,,,,,,,,,,,,,,,,,,,,,,,"58246","1802922",PSCIS,"ROAD, DEMOGRAPHIC",ASSESSED,CBS,ROUND,PASSABLE,Lake Kathlyn Road (from South end),Tributary to Kathlyn Lake,Inlet of W culvert is badly damaged and needs to be replaced,2012/10/13,Lake Kathlyn Rd,,,,,,,"9","614618","6076034","360715518",7902,400.431358.338841,400.431358.338841.502225,BULK,Kathlyn Creek,"1001805550;58271;58242","3",,,,,,0,0,0,0,0,0,0.0410000000000077,2.38,0,0.04,2.38,0,0,0,0,0,0,0,0,0,0,2.49282983573406,0,2.49,0,0,0,0,0.04,0.04,3.28,3.28,3.28,3.28,,,,,,,,,,
"58257",,,,,,,,,,,,,,,,,,,,,,,,,,,,,"58257","1806028",PSCIS,"ROAD, DEMOGRAPHIC",ASSESSED,CBS,ROUND,BARRIER,Highway 16,Tributary to Kathlyn Lake,"No fish acess, downstream channel flows through ditch only, no action required",2012/10/13,Hwy 16 W,,,,,,,"9","615910","6077193","360846855",793,400.431358.338841.450732,400.431358.338841.450732,BULK,,"58271;58242","2",,,,,,0,0,0,0,0,0,0,0.79,0,0,0.79,0,0,0,0,0,0,0,0,0,0,0,0,0,0,0,0,0,0,0,0.79,0.79,0.79,0.79,1536552,0.79,"1",0.79,"[ ""884802"", ""884803"" ]",110,195,149,153,D
"58261",,,,,,,,,,,,,,,,,,,,,,,,,,,,,"58261","1800010",PSCIS,"ROAD, DEMOGRAPHIC",ASSESSED,CBS,ROUND,BARRIER,Husky Road,Tributary to Simpson Creek,"sign on road indicates fish presence, should be replaced with larger, embedded cv if fish present",2012/10/14,Husky Rd,,,,,,,"9","614241","6075376","360625081",296,400.431358.338841.321949.133965,400.431358.338841.321949.133965,BULK,,"58213;203122;203126;58245;58287;1001800009;58271;58242","8",,,,,,0,0,0,0,0,0,0,0.39,0,0,0.39,0,0,0,0,0,0,0,0,0,0,0,0,0,0,0,0,0,0,0,0.39,0.39,0.39,0.39,1540502,0.41,"2",0.205,"[ ""884802"", ""884803"", ""1287702"" ]",169,394,190,252,D
"58262",,,,,,,,,,,,,,,,,,,,,,,,,,,,,"58262","1801576",PSCIS,"ROAD, RESOURCE/OTHER",ASSESSED,CBS,ROUND,PASSABLE,Husky Road,Tributary to Simpson Creek,"passable, debris should be cleared from inlet",2012/10/14,,,,,,,,"9","613968","6075313","360625081",580,400.431358.338841.321949.133965,400.431358.338841.321949.133965,BULK,,"58261;58213;203122;203126;58245;58287;1001800009;58271;58242","9",,,,,,0,0,0,0,0,0,0,0.11,0,0,0.11,0,0,0,0,0,0,0,0,0,0,0,0,0,0,0,0,0,0,0,0.11,0.11,0.11,0.11,,,,,,,,,,
"58263",,,,,,,,,,,,,,,,,,,,,,,,,,,,,"58263","1801500",PSCIS,"ROAD, RESOURCE/OTHER",ASSESSED,CBS,ROUND,BARRIER,Driveway to 40640 Nelson Road,Simpson Creek,"Appears passable at site, if proven barrier, replace with OBS (Currently 2 cv's)",2012/10/14,,,,,,,,"9","614503","6075378","360804808",1305,400.431358.338841.321949,400.431358.338841.321949.133965,BULK,Simpson Creek,"203122;203126;58245;58287;1001800009;58271;58242","7",,,,,,0,0,0,0,0,0,0.375999999999896,0.38,0,0.38,0.38,0,0,0,0,0,0,0,0,0,0.241999999999969,0.241999999999969,0.24,0.24,0,0,0,0,0.38,0.38,0.38,0.38,0.38,0.38,1287702,1.92,"6",0.32,"[ ""884802"", ""884803"" ]",154,352,79,175,D
"58269",,,,,,,,,,,,,,,,,,,,,,,,,,,,,"58269","1802930",PSCIS,"ROAD, DEMOGRAPHIC",ASSESSED,OBS,BRIDGE,PASSABLE,Lund Ave,Kathlyn Creek,"Passable, no action required",2012/10/14,Lund Ave,,,,,,,"9","616099","6074587","360715518",3725,400.431358.338841,400.431358.338841.258381,BULK,Kathlyn Creek,"58242","1","1001800009;1001805550;203122;203126;58213;58245;58257;58261;58263;58271;58287","11",,,,0.274036659022185,0.0239999999999565,0,0.02,0,0,5.96399891367137,8,0,0.22,8,0,0,0,0,0,0,0,0,0,2.50499955102402,5.59967272746762,0.22,0.2,0,0,0,0,6,6,8.93,8.93,10.61,10.61,,,,,,,,,,
"58270",,,,,,,,,,,,,,,,,,,,,,,,,,,,,"58270","1801504",PSCIS,"ROAD, RESOURCE/OTHER",ASSESSED,OBS,BRIDGE,PASSABLE,Power Line access from where Powell Frontage Road meets Highway 16,Kathlyn Creek,"Passable, no action required",2012/10/14,,,,,,,,"9","615703","6074783","360715518",4225,400.431358.338841,400.431358.338841.270789,BULK,Kathlyn Creek,"58271;58242","2","1001800009;1001805550;203122;203126;58213;58245;58257;58261;58263;58287","10",,,,0.274036659022185,0,0,0,0,0,5.46399868382371,7.51,0,3.66,7.51,0,0,0,0,0,0,0,0,0,2.00499932117636,5.11444757154548,0.39,0.99,0,0,0,0,5.5,5.5,8.45,8.45,10.11,10.11,,,,,,,,,,
"58271",,,,,,,,,,,,,,,,,,,,,,,,,,,,,"58271","1802927",PSCIS,"ROAD, DEMOGRAPHIC",ASSESSED,CBS,ROUND,BARRIER,Henry Road,Kathlyn Creek,"Only partially embedded, may need to install 2.7m OBS if proven a barrier",2012/10/14,Henry Rd,,,,,,,"9","615887","6074598","360715518",3942,400.431358.338841,400.431358.338841.270789,BULK,Kathlyn Creek,"58242","1","1001800009;1001805550;203122;203126;58213;58245;58257;58261;58263;58287","10",,,,0.274036659022185,0,0,0,0,0,5.74699868382368,7.79,0,3.94,2.27,0,0,0,0,0,0,0,0,0,2.28799932117633,5.39744757154545,0.68,1.27,0,0,0,0,5.78,3.97,8.73,2.31,10.39,3.97,884803,3.97,"1",3.97,"[ ""884802"" ]",27,118,18,59,D
"58272",,,,,,,,,,,,,,,,,,,,,,,,,,,,,"58272","1802937",PSCIS,"ROAD, DEMOGRAPHIC",ASSESSED,CBS,ROUND,POTENTIAL,Railway Avenue,Chicken Creek,Boulders at inlet should be removed,2012/10/14,Railway Ave,,,,,,,"9","616530","6072571","360809713",803,400.431358.338841.106484,400.431358.338841.106484.102764,BULK,Chicken Lake Creek,"58291;58242","2","1001805482;1024742364;58290","3",,,,0,0,0,0,0,0,0,0.79,0,0,0.03,0,0,0,0,0,0,0,0,0,0,0.790425260912932,0,0.03,0,0,0,0,0,0,0.79,0.03,0.79,0.03,675452,0.91,"5",0.182,"[ ""884802"" ]",173,331,143,193,D
"58284",,,,,,,,,,,,,,,,,,,,,,,,,,,,,"58284","1801637",PSCIS,"ROAD, RESOURCE/OTHER",ASSESSED,OTHER,FORD,BARRIER,"Fenceline access, 200 m N of end of fenceline",Tributary to Gramophone Creek,"No habitat, no action required",2012/10/16,,,,,,,,"9","609319","6091974","360884108",1397,400.431358.218821.096929,400.431358.218821.096929.278538,BULK,,,"0",,,,,,0,0,0,0,0,0,0,0.78,0,0,0.78,0,0,0,0,0,0,0,0,0,0,0,0,0,0,0,0,0,0,0,0.78,0.78,0.78,0.78,1378552,0.78,"1",0.78,,111,89,150,118,D
"58285",,,,,,,,,,,,,,,,,,,,,,,,,,,,,"58285","1801606",PSCIS,"ROAD, RESOURCE/OTHER",ASSESSED,OTHER,FORD,BARRIER,Private off Telkwa High Road at 6.4km,Wiggs Creek,Old collapsed bridge in stream is blocking passage and flow - Remove debris,2012/10/16,,,,,,,,"9","609106","6093156","360736668",99,400.431358.218821.115796,400.431358.218821.115796,BULK,Wiggs Creek,,"0","58068","1",,,,0,0,0,0,0,0,2.07123721013215,2.07,0,0.74,0.74,0,0,0,0,0,0,0,0,0,0,2.33052302655023,0,0.74,0,0,0,0,2.07,0.74,2.33,0.74,2.33,0.74,1504952,2.33,"2",1.165,,84,69,78,66,D
"58286",,,,,,,,,,,,,,,,,,,,,,,,,,,,,"58286",,PSCIS,"ROAD, RESOURCE/OTHER",ASSESSED,OTHER,FORD,PASSABLE,Private off Telkwa High Road at 5.9km,Wiggs Creek,"Passable, no action required",2012/10/16,,,,,,,,"9","609803","6093838","360736668",1164,400.431358.218821.115796,400.431358.218821.115796.175633,BULK,Wiggs Creek,"58068;58285","2",,,,,,0,0,0,0,0,0,1.00623647473045,1.01,0,1.01,1.01,0,0,0,0,0,0,0,0,0,0,1.26552229114853,0,1.27,0,0,0,0,1.01,1.01,1.27,1.27,1.27,1.27,,,,,,,,,,
"58287",,,,,,,,,,,,,,,,,,,,,,,,,,,,,"58287","1800013",PSCIS,"ROAD, DEMOGRAPHIC",ASSESSED,CBS,ROUND,BARRIER,Proctor Junction,Tributary to Kathlyn Creek,"No fish access, no action required",2012/10/16,Proctor Junction Rd,,,,,,,"9","615421","6074980","360804808",118,400.431358.338841.321949,400.431358.338841.321949,BULK,Simpson Creek,"1001800009;58271;58242","3","203122;203126;58213;58245;58261;58263","6",,,,0.274036659022185,0,0,0,0,0,1.66299940071917,2.25,0,0.14,0.13,0,0,0,0,0,0,0,0,0,1.52899940071924,1.52899940071924,0.14,0.14,0,0,0,0,1.66,0.13,2.25,0.13,2.25,0.13,1287702,1.92,"6",0.32,"[ ""884802"", ""884803"" ]",154,352,79,175,D
"58288",,,,,,,,,,,,,,,,,,,,,,,,,,,,,"58288","1800819",PSCIS,"ROAD, DEMOGRAPHIC",ASSESSED,OBS,BRIDGE,PASSABLE,Private off Hwy 16,Chicken Creek,"Passable, no action required",2012/10/16,private driveway,,,,,,,"9","616835","6073248","360715518",1504,400.431358.338841,400.431358.338841.106484,BULK,Kathlyn Creek,"58242","1","1001800009;1001805544;1001805550;203122;203126;58213;58238;58245;58257;58261;58263;58271;58287","13",,,,0.274036659022185,2.24499856929215,0,2.24,0,0,8.18499748296357,11.49,0,2.44,11.49,0,2.08730641310946,2.09,0,0,0,0,0,0,4.72599812031621,9.6136710394625,2.44,3.24,0,0,0,0,8.22,8.22,13.08,13.08,14.76,14.76,,,,,,,,,,
"58289",,,,,,,,,,,,,,,,,,,,,,,,,,,,,"58289",,PSCIS,"ROAD, DEMOGRAPHIC",ASSESSED,OBS,BRIDGE,PASSABLE,Private off Hwy 16,Chicken Creek,"Passable, no action required",2012/10/16,private driveway,,,,,,,"9","616841","6073237","360715518",1492,400.431358.338841,400.431358.338841.106484,BULK,Kathlyn Creek,"58242","1","1001800009;1001805544;1001805550;203122;203126;58213;58238;58245;58257;58261;58263;58271;58287","13",,,,0.274036659022185,2.25699856929213,0,2.26,0,0,8.19699748296354,11.5,0,2.45,11.5,0,2.09930641310943,2.1,0,0,0,0,0,0,4.73799812031619,9.62567103946248,2.45,3.25,0,0,0,0,8.23,8.23,13.09,13.09,14.77,14.77,,,,,,,,,,
"58290",,,,,,,,,,,,,,,,,,,,,,,,,,,,,"58290","1802943",PSCIS,"ROAD, DEMOGRAPHIC",ASSESSED,CBS,ROUND,BARRIER,Zobnick Road,Chicken Creek,Replace with OBS if proven a barrier,2012/10/16,Zobnick Rd,,,,,,,"9","616405","6072651","360809713",1003,400.431358.338841.106484,400.431358.338841.106484.183870,BULK,Chicken Lake Creek,"1024742364;1001805482;58272;58291;58242","5",,,,,,0,0,0,0,0,0,0,0.59,0,0,0.59,0,0,0,0,0,0,0,0,0,0,0.589666137203161,0,0.59,0,0,0,0,0,0,0.59,0.59,0.59,0.59,675452,0.91,"5",0.182,"[ ""884802"" ]",173,331,143,193,D
"58291",,,,,,,,,,,,,,,,,,,,,,,,,,,,,"58291","1802942",PSCIS,"ROAD, DEMOGRAPHIC",ASSESSED,CBS,ROUND,BARRIER,Alfred Ave (from Toronto Street),Chicken Creek,Replace with OBS if proven a barrier,2012/10/16,Alfred Cres,,,,,,,"9","616565","6072689","360809713",679,400.431358.338841.106484,400.431358.338841.106484.102764,BULK,Chicken Lake Creek,"58242","1","1001805482;1024742364;58272;58290","4",,,,0,0,0,0,0,0,0,0.91,0,0,0.12,0,0,0,0,0,0,0,0,0,0,0.913666704937028,0,0.12,0,0,0,0,0,0,0.91,0.12,0.91,0.12,675452,0.91,"5",0.182,"[ ""884802"" ]",173,331,143,193,D
"58294",,,,,,,,,,,,,,,,,,,,,,,,,,,,,"58294","1802976",PSCIS,"ROAD, DEMOGRAPHIC",ASSESSED,OBS,BRIDGE,PASSABLE,10th Avenue from Columbia,Kathlyn Creek,"Passable, no action required",2012/10/16,Rosenthal Rd,,,,,,,"9","618081","6073458","360715518",76,400.431358.338841,400.431358.338841,BULK,Kathlyn Creek,,"0","1001800009;1001805482;1001805544;1001805550;1024742364;203122;203126;58213;58238;58242;58245;58257;58261;58263;58271;58272;58287;58290;58291","19",,,,1.67909025822477,3.67399858032478,1.3,1.3,0,0,10.2619983224061,14.51,0,1.3,14.51,0,3.51630642414209,1.3,0,0,0,0,0,0,6.15499813134884,12.9389560329243,1.3,1.3,0,0,0,0,10.3,10.3,16.41,16.41,18.18,18.18,,,,,,,,,,
"58324",,,,,,,,,,,,,,,,,,,,,,,,,,,,,"58324","24703644",PSCIS,"ROAD, DEMOGRAPHIC",ASSESSED,OBS,BRIDGE,PASSABLE,Telkwa High Road,Reiseter Creek,"Passable, no action required",2012/10/18,Telkwa High Rd,,,,,,,"9","615175","6086365","360885112",632,400.431358.273988,400.431358.273988,BULK,Reiseter Creek,,"0","1001801846","1",,,,7.38392013332063,24.4884431798957,7.38,24.49,0,0,27.4914701993397,28.99,0,27.49,28.99,0,26.4187960391364,26.42,0,0,0,0,0,0,19.9211393410257,29.718006882833,19.92,29.54,0,0,0,0,27.49,27.49,32.73,32.73,32.73,32.73,,,,,,,,,,
"58342",,,,,,,,,,,,,,,,,,,,,,,,,,,,,"58342","1803222",PSCIS,"ROAD, RESOURCE/OTHER",ASSESSED,OBS,BRIDGE,PASSABLE,Private off Hwy 16,Trout Creek,"Passable, beginning to deteriorate, should be removed if road no longer in use",2012/10/18,,,,,,,,"9","611580","6082487","360863724",10293,400.431358.237852,400.431358.237852.469294,BULK,Toboggan Creek,"57944","1","1001805547;1001805548;199457;199458;57912;57914;58345","7",,,,0.192847404965027,1.89666159292933,0.19,1.09,0,0,7.97821410705994,13.38,0,5.85,13.38,0,2.9380672648569,0.83,0,0,0,0,0,0,1.21199905680443,8.64096259289166,0.83,5.25,0,0,0,0,7.98,7.98,15.58,15.58,16.47,16.47,,,,,,,,,,
"58343",,,,,,,,,,,,,,,,,,,,,,,,,,,,,"58343",,PSCIS,"ROAD, RESOURCE/OTHER",ASSESSED,OBS,BRIDGE,PASSABLE,Private off Hwy 16,Trout Creek,"Passable, beginning to deteriorate, should be removed if road no longer in use",2012/10/18,,,,,,,,"9","611316","6082113","360863724",10858,400.431358.237852,400.431358.237852.484634,BULK,Toboggan Creek,"57944","1","58345","1",,,,0,1.07497797479952,0,0.27,0,0,2.3973735966545,2.68,0,0.27,2.68,0,2.37306792329481,0.27,0,0,0,0,0,0,0.646999715242338,1.07497797479952,0.27,0.27,0,0,0,0,2.4,2.4,2.68,2.68,2.68,2.68,,,,,,,,,,
"58345",,,,,,,,,,,,,,,,,,,,,,,,,,,,,"58345",,PSCIS,"ROAD, RESOURCE/OTHER",ASSESSED,OBS,BRIDGE,BARRIER,Private off Hwy 16,Tributary to Trout Creek,Barrier - collapsing into channel and severely restricting flow - needs to be removed,2012/10/18,,,,,,,,"9","611132","6081930","360863724",11124,400.431358.237852,400.431358.237852.484634,BULK,Toboggan Creek,"57944","1",,,,,,0,0.808977974799507,0,0.81,0,0,2.1313735966545,2.41,0,2.13,2.41,0,2.1070679232948,2.11,0,0,0,0,0,0,0.38099971524233,0.808977974799507,0.38,0.81,0,0,0,0,2.13,2.13,2.41,2.41,2.41,2.41,1331153,2.41,"1",2.41,"[ ""1331152"" ]",47,123,74,94,D
"58359",,,,,,,,,,,,,,,,,,,,,,,,,,,,,"58359","24703642",PSCIS,"ROAD, DEMOGRAPHIC",ASSESSED,OBS,BRIDGE,PASSABLE,Telkwa High Road (from Old Babine Lake Road),Tributary to Driftwood Creek,"Passable, no action required",2012/10/23,Telkwa High Rd,,,,,,,"9","623555","6076977","360880695",7783,400.431358.307489,400.431358.307489.221395,BULK,Driftwood Creek,,"0","123695","1",,,,8.7901080368778,15.9399971100323,8.79,15.94,0,0,16.4632699285926,16.52,0,16.46,16.52,0,16.8377871781445,16.84,0,0,0,0,0,0,15.4047561901263,19.972685086605,15.4,19.79,0,0,0,0,16.46,16.46,19.97,19.97,19.97,19.97,,,,,,,,,,
"58363",,,,,,,,,,,,,,,,,,,,,,,,,,,,,"58363","24703640",PSCIS,"ROAD, DEMOGRAPHIC",ASSESSED,OBS,BRIDGE,PASSABLE,Snake Road,Tributary to Driftwood Creek,"Passable, no action required",2012/10/24,Snake Rd,,,,,,,"9","619730","6079597","360880695",2266,400.431358.307489,400.431358.307489,BULK,Driftwood Creek,,"0","1001802899;123695;123713","3",,,,14.082489237255,21.4569962616127,14.08,21.46,0,0,21.980269080173,22.04,0,21.98,22.04,0,22.3547863297249,22.35,0,0,0,0,0,0,20.7887553417066,26.613197638831,20.79,25.57,0,0,0,0,21.98,21.98,26.61,26.61,26.61,26.61,,,,,,,,,,
"6273",,Camp Creek,3000 Road,Stream crossing - CBS,FLNRO,,Assessed structure that remains data deficient,Barrier assessment,,,,,,,,,,,,,,,,,,,Errors/discrepancies in field report from 2024. Requires a revisit to determine barrier status and habitat condition,,"6273","1804823",PSCIS,"ROAD, RESOURCE/OTHER",ASSESSED,CBS,ROUND,BARRIER,3000 Road,Camp Creek,Moderate priority due to beaver dam which is causing a partial barrier and blockage of culvert. Culvert is also undersized based on Q100 estimate.,2004/06/17,,,,,,,,"9","627296","6121737","360849816",3321,400.431358.079962.441999.239096,400.431358.079962.441999.239096.197398,BULK,Camp Creek,,"0",,,,,,0,0,0,0,0,0,0,0,0,0,0,0,0,0,0,0,0,0,0,0,0,0,0,0,0,0,0,0,0,0,0,0,0,0,,,,,,,,,,
6f9b07a8-166c-4a7a-aeb6-e676d0dcc5f6,,,,,,,,,,,,,,,,,,,,,,,,,,,,,6f9b07a8-166c-4a7a-aeb6-e676d0dcc5f6,,CABD,DAM,,OTHER,DAM,BARRIER,,,,,,,Bessemer Creek Dam 2,,Placer Dome (Cla) - Equity Mine,Unknown,Active,"9","676369","6004924","360844271",1241.85168487601,400.431358.623573.825054,400.431358.623573.825054,BULK,Bessemer Creek,"1001803652","1",,,,,,0,0,0,0,0,0,0,0,0,0,0,0,0,0,0,0,0,0,0,0,0,2.21142815271558,0,2.21,0,0,0,0,0,0,2.21,2.21,2.21,2.21,817652,3.08,"2",1.54,,65,53,54,44,D
7feee1fe-ac20-4584-a6ae-7e9e41a97b16,,,,,,,,,,,,,,,,,,,,,,,,,,,,,7feee1fe-ac20-4584-a6ae-7e9e41a97b16,,CABD,DAM,,OTHER,DAM,BARRIER,,,,,,,,,,Unknown,Unknown,"9","619078","6067510","360787101",4824.76299289818,400.431358.359172,400.431358.359172.142317,BULK,,"123501;123488;123491;123492;123498;123495;123496;123499;58162","9",,,,,,0,0,0,0,0,0,0,1.84,0,0,1.84,0,0,0,0,0,0,0,0,0,0,1.1524612334841,0,1.15,0,0,0,0,0,0,1.84,1.84,1.84,1.84,738652,6.44,"10",0.644,,120,96,26,50,D
"8733",,,,,,,,,,,,,,,,,,,,,,,,,,,,,"8733","1803546",PSCIS,"ROAD, RESOURCE/OTHER",REMEDIATED,OBS,BRIDGE,PASSABLE,,,,,North Road FSR,,,,,,,"9","659634","6038983","360869846",1889,400.431358.694148,400.431358.694148,BULK,Barren Creek,"197664","1",,,,,,0,0,0,0,0,0,0.918001263737484,0.92,0,0.92,0.92,0,0,0,0,0,0,0,0,0,0,0,0,0,0,0,0,0,0.92,0.92,0.92,0.92,0.92,0.92,,,,,,,,,,
"8744",,,,,,,,,,,,,,,,,,,,,,,,,,,,,"8744",,PSCIS,"ROAD, RESOURCE/OTHER",REMEDIATED,OBS,BRIDGE,PASSABLE,,,,,North Road FSR,,,,,,,"9","659657","6038981","360869846",1866,400.431358.694148,400.431358.694148,BULK,Barren Creek,"197664","1",,,,,,0,0,0,0,0,0,0.941001263737469,0.94,0,0.94,0.94,0,0,0,0,0,0,0,0,0,0,0.0229999999999845,0,0.02,0,0,0,0,0.94,0.94,0.94,0.94,0.94,0.94,,,,,,,,,,
"8745",,,,,,,,,,,,,,,,,,,,,,,,,,,,,"8745","24704538",PSCIS,"ROAD, RESOURCE/OTHER",REMEDIATED,OBS,BRIDGE,PASSABLE,,,,,,,,,,,,"9","638698","6109690","360864280",2972,400.431358.079962.441999.489656,400.431358.079962.441999.489656.117405,BULK,Howal Creek,,"0","1001801020;1001802416;1001802859;1001804239","4",,,,0,0,0,0,0,0,0,8.82,0,0,8.82,0,0,0,0,0,0,0,0,0,0,10.318271146503,0,3.24,0,0,0,0,0,0,12.15,12.15,12.15,12.15,,,,,,,,,,
"8758",,,,,,,,,,,,,,,,,,,,,,,,,,,,,"8758","1804827",PSCIS,"ROAD, RESOURCE/OTHER",REMEDIATED,OBS,BRIDGE,PASSABLE,,,,,,,,,,,,"9","637552","6111064","360856432",559,400.431358.079962.441999.489656.117405,400.431358.079962.441999.489656.117405,BULK,,,"0",,,,,,0,0,0,0,0,0,0,0.03,0,0,0.03,0,0,0,0,0,0,0,0,0,0,0.0289359759041327,0,0.03,0,0,0,0,0,0,0.03,0.03,0.03,0.03,,,,,,,,,,
8a5e5281-5b5e-423d-8c66-c1816e9e32b4,,,,,,,,,,,,,,,,,,,,,,,,,,,,,8a5e5281-5b5e-423d-8c66-c1816e9e32b4,,CABD,DAM,,OTHER,DAM,BARRIER,,,,,,,Wiggins Lake Dam,4,Ducks Unlimited (Canada),Unknown,Active,"9","684206","6029975","360870605",2312.60210814481,400.431358.904774,400.431358.904774.290291,BULK,,"1001801187;1001801185;1001805539","3",,,,,,0,0,0,0,0,0,0,0.87,0,0,0.87,0,0,0,0,0,0,0,0,0,0,0,0,0,0,0,0,0,0,0,0.87,0.87,0.87,0.87,1560252,0.87,"4",0.2175,,167,276,146,169,D
b30647a2-cd3f-4907-8425-e2e04f24661e,,,,,,,,,,,,,,,,,,,,,,,,,,,,,b30647a2-cd3f-4907-8425-e2e04f24661e,,CABD,DAM,,OTHER,DAM,BARRIER,,,,,,,Vandenberg Creek 2 Dam,6,Vandenberg Dairy Ltd,Unknown,Active,"9","622931","6065629","360820179",3276.11009604285,400.431358.374101,400.431358.374101,BULK,,"123760;123761","2",,,,,,0,0,0,0,0,0,0,0.89,0,0,0.89,0,0,0,0,0,0,0,0,0,0,0.696616663883252,0,0.7,0,0,0,0,0,0,0.89,0.89,0.89,0.89,1121803,1.26,"2",0.63,"[ ""1121802"" ]",122,158,117,132,D
ba985288-8b24-4d3b-8c74-00715c1522ff,,,,,,,,,,,,,,,,,,,,,,,,,,,,,ba985288-8b24-4d3b-8c74-00715c1522ff,,CABD,DAM,,OTHER,DAM,BARRIER,,,,,,,Graphite Creek Dam,,Von-Seydlitz-Kurzbach Walter Heinrich Si,Unknown,Active,"9","607054","6101133","360870130",625.804610023894,400.431358.181726.040399,400.431358.181726.040399,BULK,Graphite Creek,"123777","1","1001805577;123778","2",,,,0,0,0,0,0,0,0,4.31,0,0,0.74,0,0,0,0,0,0,0,0,0,0,1.07514389366329,0,0.41,0,0,0,0,0,0,4.39,0.75,4.39,0.75,1398302,4.39,"3",1.46333333333333,,68,55,39,39,D
d8a604b7-0a71-4d6a-86fc-0c2ac9a45e47,,,,,,,,,,,,,,,,,,,,,,,,,,,,,d8a604b7-0a71-4d6a-86fc-0c2ac9a45e47,,CABD,DAM,,OTHER,DAM,PASSABLE,,,,,,,,,,Unknown,Unknown,"9","660696","6037320","360873822",194600.291263528,"400.431358",400.431358.691053,BULK,Bulkley River,,"0","1001800057;1001800120;1001800182;1001800186;1001800190;1001800192;1001800217;1001800358;1001800361;1001800403;1001800587;1001800621;1001800752;1001801082;1001801115;1001801123;1001801141;1001801185;1001801187;1001801906;1001801950;1001802007;1001802013;1001802016;1001802029;1001802030;1001802031;1001802032;1001802043;1001802239;1001802264;1001802402;1001802639;1001802655;1001802657;1001802690;1001803694;1001803928;1001804955;1001805190;1001805535;1001805539;1001805586;1001805591;1001805596;1001805794;1024748044;1024748047;1024752831;197653;197655;197656;197658;197662;197663;197664;197907;197909;197967;197974;197975;197976;198048;198049;198065;199452;199455;199459;3054;3066;3091;3138;3139;8a5e5281-5b5e-423d-8c66-c1816e9e32b4","74",,,,131.45597268886,152.66595237203,115.64,130.6,0,0,191.592716420301,322.93,0,146.54,322.93,0,141.045835590104,124.99,19.2350675929108,47.82,0,19.24,47.82,0,141.807712723585,331.387778299671,124.61,192.3,0,0,0,0,201.75,201.75,450.37,450.37,450.76,450.76,,,,,,,,,,
e3508007-bc87-4179-94e6-e28c28916d1f,,,,,,,,,,,,,,,,,,,,,,,,,,,,,e3508007-bc87-4179-94e6-e28c28916d1f,,CABD,DAM,,OTHER,DAM,PASSABLE,,,,,,,,,,Unknown,Unknown,"9","666940","6031997","360862508",10821.8246201562,400.431358.691053,400.431358.691053.352705,BULK,Aitken Creek,,"0","1001800807;1001802623;1001803895;1001804075;1001804120;1001804289;1001804364;1001804863;1001805421","9",,,,0.0404024833813315,1.21444611502657,0.04,1.21,0,0,8.68332874825887,18.1,0,7.63,18.1,0,0.0404024833813315,0.04,0,0,0,0,0,0,0.0404024833813315,21.4634436885977,0.04,14.31,0,0,0,0,8.68,8.68,29.76,29.76,29.76,29.76,,,,,,,,,,
"199463",123777-B,Graphite Creek,Campbell Road,Stream crossing - CBS,,,Assessed structure that remains data deficient,Barrier assessment,,,,,Medium,,,,,,,,,Habitat confirmation (data deficient structures only),2025/10/31,OW,CWF,,Crossing adjacent to 123777. Nice stream but substrate mostly fines with some small cobbles and gravels. Upstream of the crossing is a wetland complex.,,,,,,,,,,,,,,,,,,,,,,,,,,,,,,,,,,,,,,,,,,,,,,,,,,,,,,,,,,,,,,,,,,,,,,,,,,,,,,,,
"198115","198106",Tributary to Waterfall Creek,13th Avenue,Stream crossing - CBS,City of New Hazelton,,Confirmed barrier,Barrier assessment,,,Yes,Other (see notes),High,Moderate,650000,Medium,,,,,,Engage in public consultation,2027/01/01,CWF,"SWCC/Hagwilget, Chicago Creek Restoration Society",,Abundant juveniles observed upstream,https://www.newgraphenvironment.com/fish_passage_bulkley_2022_reporting/waterfall-creek---198116-198117-198115---appendix.html,,,,,,,,,,,,,,,,,,,,,,,,,,,,,,,,,,,,,,,,,,,,,,,,,,,,,,,,,,,,,,,,,,,,,,,,,,,,,,,
"198116","198107",Tributary to Waterfall Creek,Highway 16,Stream crossing - CBS,MOTI,,Confirmed barrier,Habitat confirmation,,,Yes,Proportion of individuals,High,Difficult,7500000,High,,,,,,Engage in public consultation,2025/01/01,CWF,"SWCC/Hagwilget, Chicago Creek Restoration Society",Currently passable to adult fish but could be barrier to some juveniles. Conditions could degrade over time.,Excellent habitat up to impassable falls.,https://www.newgraphenvironment.com/fish_passage_bulkley_2022_reporting/waterfall-creek---198116-198117-198115---appendix.html,,,,,,,,,,,,,,,,,,,,,,,,,,,,,,,,,,,,,,,,,,,,,,,,,,,,,,,,,,,,,,,,,,,,,,,,,,,,,,,
"1001802820",,Deep Creek,Unnamed,None,Private,,Excluded structure,Barrier assessment,No structure,Field assessment,,,,,,,,,,,,,,,,No structure. Private land access with permission from landowner.,,,,,,,,,,,,,,,,,,,,,,,,,,,,,,,,,,,,,,,,,,,,,,,,,,,,,,,,,,,,,,,,,,,,,,,,,,,,,,,,,
"198117","198108",Tributary to Waterfall Creek,9th Avenue,Stream crossing - CBS,City of New Hazelton,,Confirmed barrier,Barrier assessment,,,Yes,Other (see notes),High,Moderate,650000,Medium,,,,,,Engage in public consultation,2027/01/01,CWF,"SWCC/Hagwilget, Chicago Creek Restoration Society",Barrier to fish passage. Currently a double culvert with blockages in one culvert.,Coho spotted upstream ,https://www.newgraphenvironment.com/fish_passage_bulkley_2022_reporting/waterfall-creek---198116-198117-198115---appendix.html,,,,,,,,,,,,,,,,,,,,,,,,,,,,,,,,,,,,,,,,,,,,,,,,,,,,,,,,,,,,,,,,,,,,,,,,,,,,,,,
"1001805665",,Canyon Creek,Private,None,Unknown,,Excluded structure,Other,No structure,Local knowledge,,,,,,,,,,,,,,,,Adjacent landowner confirmed that crossing does not exist.,,,,,,,,,,,,,,,,,,,,,,,,,,,,,,,,,,,,,,,,,,,,,,,,,,,,,,,,,,,,,,,,,,,,,,,,,,,,,,,,,
"1805040","199452",Taman Creek,Taman Creek FSR,Stream crossing - CBS,Babine Forest Products Ltd.,,Assessed structure that remains data deficient,Barrier assessment,,,,,,,,,,,,,,Engage with barrier owner,2025/10/31,OW,CWF,Industry barrier with confirmed Rainbow Trout present at site. See supporting link.,,https://a100.gov.bc.ca/pub/acat/documents/r13641/SM07-35801_1209485671609_8e248a8d30d9584b1b8916e14f14aee0caac657ee227.pdf,,,,,,,,,,,,,,,,,,,,,,,,,,,,,,,,,,,,,,,,,,,,,,,,,,,,,,,,,,,,,,,,,,,,,,,,,,,,,,,
"1001802482",,Vallee Creek,Unnamed,None,Private,,Excluded structure,Other,No structure,Local knowledge,,,,,,,,,,,,,,,,Landlord reports that there is no structure here.,,,,,,,,,,,,,,,,,,,,,,,,,,,,,,,,,,,,,,,,,,,,,,,,,,,,,,,,,,,,,,,,,,,,,,,,,,,,,,,,,
"1001802044",,Ailport Creek,Unnamed,Stream crossing - OBS,Private,,Excluded structure,Barrier assessment,Passable,Field assessment,,,,,,,,,,,,,,,,Bridge on private land,,,,,,,,,,,,,,,,,,,,,,,,,,,,,,,,,,,,,,,,,,,,,,,,,,,,,,,,,,,,,,,,,,,,,,,,,,,,,,,,,
"1001802374",,Causqua Creek,,None,,,Excluded structure,Barrier assessment,No structure,Field assessment,,,,,,,,,,,,,,,,Structure does  not exist,,,,,,,,,,,,,,,,,,,,,,,,,,,,,,,,,,,,,,,,,,,,,,,,,,,,,,,,,,,,,,,,,,,,,,,,,,,,,,,,,
